<?xml version="1.0" encoding="UTF-8"?>
<kml xmlns="http://www.opengis.net/kml/2.2">
    <Document>
        <name>Wasatch Scouting-Score Overlay -- Wasatch Mountains, West</name>
        <description>Wasatch Scouting-Score Overlay -- read before using

WHAT THIS IS: a terrain-aware e-scouting aid layered on top of OnX/GOHUNT. It ranks public/legal-access terrain by (a) how hard it is for the average hunter on foot to reach, and (b) how good the terrain looks for October elk/deer transition habitat (aspect, cover edges, benches/saddles, DWR crucial range/migration overlap).

WHAT THIS IS NOT:
- No layer here shows where animals actually are. It shows where good October habitat is hard for the crowd to reach. Ground-truth with glassing and boots.
- DWR crucial range / migration corridor polygons are coarse, seasonal-average products, not October-specific or animal-location data.
- The effort surface assumes legal foot/ATV travel only and does not know about seasonal closures. Verify every route against OnX and the current MVUM before relying on it.
- Weather, rut timing, and hunting pressure move animals week to week. This is a starting point for e-scouting, not a plan.

DATA &amp; METHOD NOTES (see this run's status report for specifics that applied to your run):
- DEM: USGS 3DEP ~10m (1/3 arc-second).
- Effort surface: anisotropic hiking-time cost (Tobler's hiking function) from motorized-legal access points/trailheads, computed directly from the DEM so uphill and downhill travel are costed differently.
- Habitat score: weighted blend of aspect, forest cover/edge proximity, bench/saddle landform, and DWR crucial-range/migration overlap -- any input layer that could not be acquired is dropped from the blend (weights renormalized) rather than faked; check the status report for which terms were actually used.
- Ownership: private and CWMU land is excluded from priority zones when ownership data is available; SITLA parcels are flagged, not excluded (legal but rules apply). Zones built without verified ownership data are flagged &quot;OWNERSHIP UNVERIFIED&quot; -- do not treat those as confirmed public land.</description>
        <Folder>
            <Style>
                <LineStyle>
                    <color>dc00a5ff</color>
                    <colorMode>normal</colorMode>
                    <width>2</width>
                </LineStyle>
                <PolyStyle>
                    <color>5a00d7ff</color>
                    <colorMode>normal</colorMode>
                    <fill>1</fill>
                    <outline>1</outline>
                </PolyStyle>
            </Style>
            <Style>
                <IconStyle>
                    <colorMode>normal</colorMode>
                    <scale>1.3</scale>
                    <heading>0</heading>
                    <Icon>
                        <href>http://maps.google.com/mapfiles/kml/shapes/star.png</href>
                    </Icon>
                </IconStyle>
            </Style>
            <Style>
                <LineStyle>
                    <color>dc00a5ff</color>
                    <colorMode>normal</colorMode>
                    <width>2</width>
                </LineStyle>
                <PolyStyle>
                    <color>5a00d7ff</color>
                    <colorMode>normal</colorMode>
                    <fill>1</fill>
                    <outline>1</outline>
                </PolyStyle>
            </Style>
            <Style>
                <IconStyle>
                    <colorMode>normal</colorMode>
                    <scale>1.3</scale>
                    <heading>0</heading>
                    <Icon>
                        <href>http://maps.google.com/mapfiles/kml/shapes/star.png</href>
                    </Icon>
                </IconStyle>
            </Style>
            <Style>
                <LineStyle>
                    <color>dc00a5ff</color>
                    <colorMode>normal</colorMode>
                    <width>2</width>
                </LineStyle>
                <PolyStyle>
                    <color>5a00d7ff</color>
                    <colorMode>normal</colorMode>
                    <fill>1</fill>
                    <outline>1</outline>
                </PolyStyle>
            </Style>
            <Style>
                <IconStyle>
                    <colorMode>normal</colorMode>
                    <scale>1.3</scale>
                    <heading>0</heading>
                    <Icon>
                        <href>http://maps.google.com/mapfiles/kml/shapes/star.png</href>
                    </Icon>
                </IconStyle>
            </Style>
            <Style>
                <LineStyle>
                    <color>dc00a5ff</color>
                    <colorMode>normal</colorMode>
                    <width>2</width>
                </LineStyle>
                <PolyStyle>
                    <color>5a00d7ff</color>
                    <colorMode>normal</colorMode>
                    <fill>1</fill>
                    <outline>1</outline>
                </PolyStyle>
            </Style>
            <Style>
                <IconStyle>
                    <colorMode>normal</colorMode>
                    <scale>1.3</scale>
                    <heading>0</heading>
                    <Icon>
                        <href>http://maps.google.com/mapfiles/kml/shapes/star.png</href>
                    </Icon>
                </IconStyle>
            </Style>
            <Style>
                <LineStyle>
                    <color>dc00a5ff</color>
                    <colorMode>normal</colorMode>
                    <width>2</width>
                </LineStyle>
                <PolyStyle>
                    <color>5a00d7ff</color>
                    <colorMode>normal</colorMode>
                    <fill>1</fill>
                    <outline>1</outline>
                </PolyStyle>
            </Style>
            <Style>
                <IconStyle>
                    <colorMode>normal</colorMode>
                    <scale>1.3</scale>
                    <heading>0</heading>
                    <Icon>
                        <href>http://maps.google.com/mapfiles/kml/shapes/star.png</href>
                    </Icon>
                </IconStyle>
            </Style>
            <Style>
                <LineStyle>
                    <color>dc00a5ff</color>
                    <colorMode>normal</colorMode>
                    <width>2</width>
                </LineStyle>
                <PolyStyle>
                    <color>5a00d7ff</color>
                    <colorMode>normal</colorMode>
                    <fill>1</fill>
                    <outline>1</outline>
                </PolyStyle>
            </Style>
            <Style>
                <IconStyle>
                    <colorMode>normal</colorMode>
                    <scale>1.3</scale>
                    <heading>0</heading>
                    <Icon>
                        <href>http://maps.google.com/mapfiles/kml/shapes/star.png</href>
                    </Icon>
                </IconStyle>
            </Style>
            <Style>
                <LineStyle>
                    <color>dc00a5ff</color>
                    <colorMode>normal</colorMode>
                    <width>2</width>
                </LineStyle>
                <PolyStyle>
                    <color>5a00d7ff</color>
                    <colorMode>normal</colorMode>
                    <fill>1</fill>
                    <outline>1</outline>
                </PolyStyle>
            </Style>
            <Style>
                <IconStyle>
                    <colorMode>normal</colorMode>
                    <scale>1.3</scale>
                    <heading>0</heading>
                    <Icon>
                        <href>http://maps.google.com/mapfiles/kml/shapes/star.png</href>
                    </Icon>
                </IconStyle>
            </Style>
            <Style>
                <LineStyle>
                    <color>dc00a5ff</color>
                    <colorMode>normal</colorMode>
                    <width>2</width>
                </LineStyle>
                <PolyStyle>
                    <color>5a00d7ff</color>
                    <colorMode>normal</colorMode>
                    <fill>1</fill>
                    <outline>1</outline>
                </PolyStyle>
            </Style>
            <Style>
                <IconStyle>
                    <colorMode>normal</colorMode>
                    <scale>1.3</scale>
                    <heading>0</heading>
                    <Icon>
                        <href>http://maps.google.com/mapfiles/kml/shapes/star.png</href>
                    </Icon>
                </IconStyle>
            </Style>
            <Style>
                <LineStyle>
                    <color>dc00a5ff</color>
                    <colorMode>normal</colorMode>
                    <width>2</width>
                </LineStyle>
                <PolyStyle>
                    <color>5a00d7ff</color>
                    <colorMode>normal</colorMode>
                    <fill>1</fill>
                    <outline>1</outline>
                </PolyStyle>
            </Style>
            <Style>
                <IconStyle>
                    <colorMode>normal</colorMode>
                    <scale>1.3</scale>
                    <heading>0</heading>
                    <Icon>
                        <href>http://maps.google.com/mapfiles/kml/shapes/star.png</href>
                    </Icon>
                </IconStyle>
            </Style>
            <Style>
                <LineStyle>
                    <color>dc00a5ff</color>
                    <colorMode>normal</colorMode>
                    <width>2</width>
                </LineStyle>
                <PolyStyle>
                    <color>5a00d7ff</color>
                    <colorMode>normal</colorMode>
                    <fill>1</fill>
                    <outline>1</outline>
                </PolyStyle>
            </Style>
            <Style>
                <IconStyle>
                    <colorMode>normal</colorMode>
                    <scale>1.3</scale>
                    <heading>0</heading>
                    <Icon>
                        <href>http://maps.google.com/mapfiles/kml/shapes/star.png</href>
                    </Icon>
                </IconStyle>
            </Style>
            <Style>
                <LineStyle>
                    <color>dc00a5ff</color>
                    <colorMode>normal</colorMode>
                    <width>2</width>
                </LineStyle>
                <PolyStyle>
                    <color>5a00d7ff</color>
                    <colorMode>normal</colorMode>
                    <fill>1</fill>
                    <outline>1</outline>
                </PolyStyle>
            </Style>
            <Style>
                <IconStyle>
                    <colorMode>normal</colorMode>
                    <scale>1.3</scale>
                    <heading>0</heading>
                    <Icon>
                        <href>http://maps.google.com/mapfiles/kml/shapes/star.png</href>
                    </Icon>
                </IconStyle>
            </Style>
            <Style>
                <LineStyle>
                    <color>dc00a5ff</color>
                    <colorMode>normal</colorMode>
                    <width>2</width>
                </LineStyle>
                <PolyStyle>
                    <color>5a00d7ff</color>
                    <colorMode>normal</colorMode>
                    <fill>1</fill>
                    <outline>1</outline>
                </PolyStyle>
            </Style>
            <Style>
                <IconStyle>
                    <colorMode>normal</colorMode>
                    <scale>1.3</scale>
                    <heading>0</heading>
                    <Icon>
                        <href>http://maps.google.com/mapfiles/kml/shapes/star.png</href>
                    </Icon>
                </IconStyle>
            </Style>
            <Style>
                <LineStyle>
                    <color>dc00a5ff</color>
                    <colorMode>normal</colorMode>
                    <width>2</width>
                </LineStyle>
                <PolyStyle>
                    <color>5a00d7ff</color>
                    <colorMode>normal</colorMode>
                    <fill>1</fill>
                    <outline>1</outline>
                </PolyStyle>
            </Style>
            <Style>
                <IconStyle>
                    <colorMode>normal</colorMode>
                    <scale>1.3</scale>
                    <heading>0</heading>
                    <Icon>
                        <href>http://maps.google.com/mapfiles/kml/shapes/star.png</href>
                    </Icon>
                </IconStyle>
            </Style>
            <Style>
                <LineStyle>
                    <color>dc00a5ff</color>
                    <colorMode>normal</colorMode>
                    <width>2</width>
                </LineStyle>
                <PolyStyle>
                    <color>5a00d7ff</color>
                    <colorMode>normal</colorMode>
                    <fill>1</fill>
                    <outline>1</outline>
                </PolyStyle>
            </Style>
            <Style>
                <IconStyle>
                    <colorMode>normal</colorMode>
                    <scale>1.3</scale>
                    <heading>0</heading>
                    <Icon>
                        <href>http://maps.google.com/mapfiles/kml/shapes/star.png</href>
                    </Icon>
                </IconStyle>
            </Style>
            <Style>
                <LineStyle>
                    <color>dc00a5ff</color>
                    <colorMode>normal</colorMode>
                    <width>2</width>
                </LineStyle>
                <PolyStyle>
                    <color>5a00d7ff</color>
                    <colorMode>normal</colorMode>
                    <fill>1</fill>
                    <outline>1</outline>
                </PolyStyle>
            </Style>
            <Style>
                <IconStyle>
                    <colorMode>normal</colorMode>
                    <scale>1.3</scale>
                    <heading>0</heading>
                    <Icon>
                        <href>http://maps.google.com/mapfiles/kml/shapes/star.png</href>
                    </Icon>
                </IconStyle>
            </Style>
            <name>1. Priority Scout Zones</name>
            <Placemark>
                <name>#1 - Side Slope (6 ac)</name>
                <description>Rank 1 of 15 | 6 acres | priority score 0.81
Why it scored: Aspect/landform/cover blend score 0.82; dominant terrain: side slope; 100% overlaps DWR crucial range/migration corridor
Mean one-way hiking time from foot access: 89.1 min (closest point 87.8 min)
Foot: Spanish Fork Canyon (US-6) -- 87.8 min one-way, +531 m net vert (straight-line elev change, not total climb)
Flags: OWNERSHIP UNVERIFIED</description>
                <styleUrl>#9</styleUrl>
                <MultiGeometry>
                    <Polygon>
                        <outerBoundaryIs>
                            <LinearRing>
                                <coordinates>455585.82418413524,4441167.65310919,0.0 455585.82418413524,4441039.631947009,0.0 455575.97640242905,4441039.631947009,0.0 455575.97640242905,4440990.393038479,0.0 455566.1286207228,4440990.393038479,0.0 455566.1286207228,4440852.524094591,0.0 455556.2808390166,4440852.524094591,0.0 455556.2808390166,4440813.132967766,0.0 455566.1286207228,4440813.132967766,0.0 455566.1286207228,4440822.980749473,0.0 455595.67196584144,4440822.980749473,0.0 455595.67196584144,4440832.828531179,0.0 455605.51974754763,4440832.828531179,0.0 455605.51974754763,4440842.676312885,0.0 455615.3675292539,4440842.676312885,0.0 455615.3675292539,4440832.828531179,0.0 455644.9108743725,4440832.828531179,0.0 455644.9108743725,4440842.676312885,0.0 455664.6064377849,4440842.676312885,0.0 455664.6064377849,4440852.524094591,0.0 455674.45421949116,4440852.524094591,0.0 455674.45421949116,4440901.763003122,0.0 455664.6064377849,4440901.763003122,0.0 455664.6064377849,4440911.610784829,0.0 455674.45421949116,4440911.610784829,0.0 455674.45421949116,4440941.154129948,0.0 455664.6064377849,4440941.154129948,0.0 455664.6064377849,4440951.001911653,0.0 455654.7586560787,4440951.001911653,0.0 455654.7586560787,4440970.6974750655,0.0 455644.9108743725,4440970.6974750655,0.0 455644.9108743725,4441019.936383597,0.0 455635.06309266627,4441019.936383597,0.0 455635.06309266627,4441069.175292128,0.0 455625.2153109601,4441069.175292128,0.0 455625.2153109601,4441098.718637247,0.0 455615.3675292539,4441098.718637247,0.0 455615.3675292539,4441128.2619823655,0.0 455605.51974754763,4441128.2619823655,0.0 455605.51974754763,4441147.957545778,0.0 455595.67196584144,4441147.957545778,0.0 455595.67196584144,4441167.65310919,0.0 455585.82418413524,4441167.65310919,0.0</coordinates>
                            </LinearRing>
                        </outerBoundaryIs>
                    </Polygon>
                </MultiGeometry>
            </Placemark>
            <Placemark>
                <name>#1 pin</name>
                <description>Rank 1 of 15 | 6 acres | priority score 0.81
Why it scored: Aspect/landform/cover blend score 0.82; dominant terrain: side slope; 100% overlaps DWR crucial range/migration corridor
Mean one-way hiking time from foot access: 89.1 min (closest point 87.8 min)
Foot: Spanish Fork Canyon (US-6) -- 87.8 min one-way, +531 m net vert (straight-line elev change, not total climb)
Flags: OWNERSHIP UNVERIFIED</description>
                <styleUrl>#14</styleUrl>
                <Point>
                    <coordinates>-111.52090897234172,40.117718213901945,0.0</coordinates>
                </Point>
            </Placemark>
            <Placemark>
                <name>#2 - Bench/Saddle/Ridge (3 ac)</name>
                <description>Rank 2 of 15 | 3 acres | priority score 0.81
Why it scored: Aspect/landform/cover blend score 0.82; dominant terrain: bench/saddle/ridge; 100% overlaps DWR crucial range/migration corridor
Mean one-way hiking time from foot access: 88.6 min (closest point 87.1 min)
Foot: Hobble Creek Canyon -- 87.1 min one-way, +159 m net vert (straight-line elev change, not total climb)
Flags: OWNERSHIP UNVERIFIED</description>
                <styleUrl>#23</styleUrl>
                <MultiGeometry>
                    <Polygon>
                        <outerBoundaryIs>
                            <LinearRing>
                                <coordinates>448692.37698978727,4452374.428690858,0.0 448692.37698978727,4452364.580909152,0.0 448682.5292080811,4452364.580909152,0.0 448682.5292080811,4452354.733127446,0.0 448702.2247714935,4452354.733127446,0.0 448702.2247714935,4452344.885345739,0.0 448712.0725531997,4452344.885345739,0.0 448712.0725531997,4452335.037564034,0.0 448721.9203349059,4452335.037564034,0.0 448721.9203349059,4452325.189782327,0.0 448731.7681166121,4452325.189782327,0.0 448731.7681166121,4452315.342000621,0.0 448741.61589831836,4452315.342000621,0.0 448741.61589831836,4452305.494218915,0.0 448761.31146173074,4452305.494218915,0.0 448761.31146173074,4452295.646437208,0.0 448771.159243437,4452295.646437208,0.0 448771.159243437,4452285.7986555025,0.0 448790.8548068494,4452285.7986555025,0.0 448790.8548068494,4452275.950873796,0.0 448800.70258855564,4452275.950873796,0.0 448800.70258855564,4452256.255310384,0.0 448810.55037026183,4452256.255310384,0.0 448810.55037026183,4452246.407528677,0.0 448830.2459336742,4452246.407528677,0.0 448830.2459336742,4452236.559746971,0.0 448869.6370604991,4452236.559746971,0.0 448869.6370604991,4452226.711965265,0.0 448879.4848422053,4452226.711965265,0.0 448879.4848422053,4452216.864183559,0.0 448899.18040561775,4452216.864183559,0.0 448899.18040561775,4452207.0164018525,0.0 448909.02818732394,4452207.0164018525,0.0 448909.02818732394,4452197.168620147,0.0 448938.5715324426,4452197.168620147,0.0 448938.5715324426,4452207.0164018525,0.0 448928.72375073633,4452207.0164018525,0.0 448928.72375073633,4452246.407528677,0.0 448918.87596903014,4452246.407528677,0.0 448918.87596903014,4452256.255310384,0.0 448909.02818732394,4452256.255310384,0.0 448909.02818732394,4452246.407528677,0.0 448889.3326239115,4452246.407528677,0.0 448889.3326239115,4452256.255310384,0.0 448899.18040561775,4452256.255310384,0.0 448899.18040561775,4452266.10309209,0.0 448889.3326239115,4452266.10309209,0.0 448889.3326239115,4452275.950873796,0.0 448869.6370604991,4452275.950873796,0.0 448869.6370604991,4452285.7986555025,0.0 448849.94149708666,4452285.7986555025,0.0 448849.94149708666,4452295.646437208,0.0 448840.09371538047,4452295.646437208,0.0 448840.09371538047,4452305.494218915,0.0 448830.2459336742,4452305.494218915,0.0 448830.2459336742,4452315.342000621,0.0 448810.55037026183,4452315.342000621,0.0 448810.55037026183,4452325.189782327,0.0 448790.8548068494,4452325.189782327,0.0 448790.8548068494,4452335.037564034,0.0 448771.159243437,4452335.037564034,0.0 448771.159243437,4452344.885345739,0.0 448761.31146173074,4452344.885345739,0.0 448761.31146173074,4452354.733127446,0.0 448741.61589831836,4452354.733127446,0.0 448741.61589831836,4452364.580909152,0.0 448731.7681166121,4452364.580909152,0.0 448731.7681166121,4452374.428690858,0.0 448712.0725531997,4452374.428690858,0.0 448712.0725531997,4452364.580909152,0.0 448702.2247714935,4452364.580909152,0.0 448702.2247714935,4452374.428690858,0.0 448692.37698978727,4452374.428690858,0.0</coordinates>
                            </LinearRing>
                        </outerBoundaryIs>
                    </Polygon>
                </MultiGeometry>
            </Placemark>
            <Placemark>
                <name>#2 pin</name>
                <description>Rank 2 of 15 | 3 acres | priority score 0.81
Why it scored: Aspect/landform/cover blend score 0.82; dominant terrain: bench/saddle/ridge; 100% overlaps DWR crucial range/migration corridor
Mean one-way hiking time from foot access: 88.6 min (closest point 87.1 min)
Foot: Hobble Creek Canyon -- 87.1 min one-way, +159 m net vert (straight-line elev change, not total climb)
Flags: OWNERSHIP UNVERIFIED</description>
                <styleUrl>#28</styleUrl>
                <Point>
                    <coordinates>-111.6015418096663,40.219437917090694,0.0</coordinates>
                </Point>
            </Placemark>
            <Placemark>
                <name>#3 - Bench/Saddle/Ridge (5 ac)</name>
                <description>Rank 3 of 15 | 5 acres | priority score 0.81
Why it scored: Aspect/landform/cover blend score 0.82; dominant terrain: bench/saddle/ridge; 100% overlaps DWR crucial range/migration corridor
Mean one-way hiking time from foot access: 87.0 min (closest point 83.9 min)
Foot: Diamond Fork Canyon -- 83.9 min one-way, -8 m net vert (straight-line elev change, not total climb)
Flags: OWNERSHIP UNVERIFIED</description>
                <styleUrl>#41</styleUrl>
                <MultiGeometry>
                    <Polygon>
                        <outerBoundaryIs>
                            <LinearRing>
                                <coordinates>461967.18672976026,4441728.976666444,0.0 461967.18672976026,4441738.824448151,0.0 461977.03451146645,4441738.824448151,0.0 461977.03451146645,4441748.672229856,0.0 461996.73007487884,4441748.672229856,0.0 461996.73007487884,4441738.824448151,0.0 462095.20789194095,4441738.824448151,0.0 462095.20789194095,4441748.672229856,0.0 462134.59901876585,4441748.672229856,0.0 462134.59901876585,4441758.520011563,0.0 462144.44680047204,4441758.520011563,0.0 462144.44680047204,4441748.672229856,0.0 462154.29458217823,4441748.672229856,0.0 462154.29458217823,4441738.824448151,0.0 462164.1423638845,4441738.824448151,0.0 462164.1423638845,4441719.128884738,0.0 462173.9901455907,4441719.128884738,0.0 462173.9901455907,4441699.433321326,0.0 462183.8379272969,4441699.433321326,0.0 462183.8379272969,4441689.585539619,0.0 462193.68570900307,4441689.585539619,0.0 462193.68570900307,4441660.042194501,0.0 462203.5334907093,4441660.042194501,0.0 462203.5334907093,4441650.194412795,0.0 462036.12120170373,4441650.194412795,0.0 462036.12120170373,4441660.042194501,0.0 462006.5778565851,4441660.042194501,0.0 462006.5778565851,4441669.889976207,0.0 461996.73007487884,4441669.889976207,0.0 461996.73007487884,4441679.737757913,0.0 461986.88229317265,4441679.737757913,0.0 461986.88229317265,4441689.585539619,0.0 461977.03451146645,4441689.585539619,0.0 461977.03451146645,4441699.433321326,0.0 461967.18672976026,4441699.433321326,0.0 461967.18672976026,4441719.128884738,0.0 461957.338948054,4441719.128884738,0.0 461957.338948054,4441728.976666444,0.0 461967.18672976026,4441728.976666444,0.0</coordinates>
                            </LinearRing>
                        </outerBoundaryIs>
                    </Polygon>
                    <Polygon>
                        <outerBoundaryIs>
                            <LinearRing>
                                <coordinates>461947.4911663478,4441728.976666444,0.0 461947.4911663478,4441738.824448151,0.0 461957.338948054,4441738.824448151,0.0 461957.338948054,4441728.976666444,0.0 461947.4911663478,4441728.976666444,0.0</coordinates>
                            </LinearRing>
                        </outerBoundaryIs>
                    </Polygon>
                </MultiGeometry>
            </Placemark>
            <Placemark>
                <name>#3 pin</name>
                <description>Rank 3 of 15 | 5 acres | priority score 0.81
Why it scored: Aspect/landform/cover blend score 0.82; dominant terrain: bench/saddle/ridge; 100% overlaps DWR crucial range/migration corridor
Mean one-way hiking time from foot access: 87.0 min (closest point 83.9 min)
Foot: Diamond Fork Canyon -- 83.9 min one-way, -8 m net vert (straight-line elev change, not total climb)
Flags: OWNERSHIP UNVERIFIED</description>
                <styleUrl>#46</styleUrl>
                <Point>
                    <coordinates>-111.44501616342274,40.12474840181466,0.0</coordinates>
                </Point>
            </Placemark>
            <Placemark>
                <name>#4 - Side Slope (10 ac)</name>
                <description>Rank 4 of 15 | 10 acres | priority score 0.80
Why it scored: Aspect/landform/cover blend score 0.81; dominant terrain: side slope; 100% overlaps DWR crucial range/migration corridor
Mean one-way hiking time from foot access: 87.9 min (closest point 84.8 min)
Foot: Corner Canyon (Draper) -- 84.8 min one-way, -247 m net vert (straight-line elev change, not total climb)
Flags: OWNERSHIP UNVERIFIED</description>
                <styleUrl>#55</styleUrl>
                <MultiGeometry>
                    <Polygon>
                        <outerBoundaryIs>
                            <LinearRing>
                                <coordinates>432571.5583367193,4481326.90690712,0.0 432571.5583367193,4481317.059125413,0.0 432561.7105550131,4481317.059125413,0.0 432561.7105550131,4481297.363562001,0.0 432581.40611842554,4481297.363562001,0.0 432581.40611842554,4481287.515780295,0.0 432591.25390013173,4481287.515780295,0.0 432591.25390013173,4481277.667998589,0.0 432601.1016818379,4481277.667998589,0.0 432601.1016818379,4481267.820216883,0.0 432620.7972452504,4481267.820216883,0.0 432620.7972452504,4481257.972435176,0.0 432640.49280866276,4481257.972435176,0.0 432640.49280866276,4481248.12465347,0.0 432660.1883720752,4481248.12465347,0.0 432660.1883720752,4481238.276871764,0.0 432689.73171719385,4481238.276871764,0.0 432689.73171719385,4481228.4290900575,0.0 432719.2750623125,4481228.4290900575,0.0 432719.2750623125,4481218.581308352,0.0 432738.9706257249,4481218.581308352,0.0 432738.9706257249,4481208.733526645,0.0 432748.8184074311,4481208.733526645,0.0 432748.8184074311,4481198.885744939,0.0 432778.36175254977,4481198.885744939,0.0 432778.36175254977,4481189.037963233,0.0 432798.05731596216,4481189.037963233,0.0 432798.05731596216,4481179.190181526,0.0 432827.6006610808,4481179.190181526,0.0 432827.6006610808,4481169.342399821,0.0 432857.14400619944,4481169.342399821,0.0 432857.14400619944,4481159.494618114,0.0 432886.6873513181,4481159.494618114,0.0 432886.6873513181,4481149.646836408,0.0 432926.0784781429,4481149.646836408,0.0 432926.0784781429,4481139.799054702,0.0 432945.77404155536,4481139.799054702,0.0 432945.77404155536,4481129.951272995,0.0 432965.46960496774,4481129.951272995,0.0 432965.46960496774,4481120.10349129,0.0 433004.8607317926,4481120.10349129,0.0 433004.8607317926,4481149.646836408,0.0 433014.70851349883,4481149.646836408,0.0 433014.70851349883,4481159.494618114,0.0 433024.556295205,4481159.494618114,0.0 433024.556295205,4481169.342399821,0.0 433034.4040769112,4481169.342399821,0.0 433034.4040769112,4481189.037963233,0.0 433044.25185861747,4481189.037963233,0.0 433044.25185861747,4481198.885744939,0.0 433054.09964032366,4481198.885744939,0.0 433054.09964032366,4481208.733526645,0.0 433034.4040769112,4481208.733526645,0.0 433034.4040769112,4481218.581308352,0.0 432995.0129500864,4481218.581308352,0.0 432995.0129500864,4481228.4290900575,0.0 432985.1651683802,4481228.4290900575,0.0 432985.1651683802,4481238.276871764,0.0 432935.9262598491,4481238.276871764,0.0 432935.9262598491,4481248.12465347,0.0 432896.53513302427,4481248.12465347,0.0 432896.53513302427,4481257.972435176,0.0 432857.14400619944,4481257.972435176,0.0 432857.14400619944,4481267.820216883,0.0 432827.6006610808,4481267.820216883,0.0 432827.6006610808,4481277.667998589,0.0 432798.05731596216,4481277.667998589,0.0 432798.05731596216,4481287.515780295,0.0 432788.20953425596,4481287.515780295,0.0 432788.20953425596,4481297.363562001,0.0 432758.6661891373,4481297.363562001,0.0 432758.6661891373,4481307.2113437075,0.0 432709.42728060624,4481307.2113437075,0.0 432709.42728060624,4481297.363562001,0.0 432670.0361537814,4481297.363562001,0.0 432670.0361537814,4481307.2113437075,0.0 432630.64502695657,4481307.2113437075,0.0 432630.64502695657,4481326.90690712,0.0 432571.5583367193,4481326.90690712,0.0</coordinates>
                            </LinearRing>
                        </outerBoundaryIs>
                    </Polygon>
                </MultiGeometry>
            </Placemark>
            <Placemark>
                <name>#4 pin</name>
                <description>Rank 4 of 15 | 10 acres | priority score 0.80
Why it scored: Aspect/landform/cover blend score 0.81; dominant terrain: side slope; 100% overlaps DWR crucial range/migration corridor
Mean one-way hiking time from foot access: 87.9 min (closest point 84.8 min)
Foot: Corner Canyon (Draper) -- 84.8 min one-way, -247 m net vert (straight-line elev change, not total climb)
Flags: OWNERSHIP UNVERIFIED</description>
                <styleUrl>#60</styleUrl>
                <Point>
                    <coordinates>-111.79251069839661,40.479019867362,0.0</coordinates>
                </Point>
            </Placemark>
            <Placemark>
                <name>#5 - Bench/Saddle/Ridge (1 ac)</name>
                <description>Rank 5 of 15 | 1 acres | priority score 0.79
Why it scored: Aspect/landform/cover blend score 0.80; dominant terrain: bench/saddle/ridge; 100% overlaps DWR crucial range/migration corridor
Mean one-way hiking time from foot access: 89.3 min (closest point 88.4 min)
Foot: American Fork Canyon -- 88.4 min one-way, -290 m net vert (straight-line elev change, not total climb)
Flags: OWNERSHIP UNVERIFIED</description>
                <styleUrl>#69</styleUrl>
                <MultiGeometry>
                    <Polygon>
                        <outerBoundaryIs>
                            <LinearRing>
                                <coordinates>444349.50525734806,4477870.33552824,0.0 444349.50525734806,4477850.639964827,0.0 444339.65747564187,4477850.639964827,0.0 444339.65747564187,4477811.248838003,0.0 444349.50525734806,4477811.248838003,0.0 444349.50525734806,4477801.401056296,0.0 444359.3530390543,4477801.401056296,0.0 444359.3530390543,4477791.55327459,0.0 444369.2008207605,4477791.55327459,0.0 444369.2008207605,4477781.705492884,0.0 444379.0486024667,4477781.705492884,0.0 444379.0486024667,4477771.857711177,0.0 444388.8963841729,4477771.857711177,0.0 444388.8963841729,4477762.009929472,0.0 444398.74416587915,4477762.009929472,0.0 444398.74416587915,4477752.162147765,0.0 444408.59194758534,4477752.162147765,0.0 444408.59194758534,4477732.466584353,0.0 444418.43972929154,4477732.466584353,0.0 444418.43972929154,4477712.7710209405,0.0 444428.2875109978,4477712.7710209405,0.0 444428.2875109978,4477752.162147765,0.0 444418.43972929154,4477752.162147765,0.0 444418.43972929154,4477771.857711177,0.0 444408.59194758534,4477771.857711177,0.0 444408.59194758534,4477781.705492884,0.0 444398.74416587915,4477781.705492884,0.0 444398.74416587915,4477791.55327459,0.0 444388.8963841729,4477791.55327459,0.0 444388.8963841729,4477811.248838003,0.0 444379.0486024667,4477811.248838003,0.0 444379.0486024667,4477821.096619708,0.0 444369.2008207605,4477821.096619708,0.0 444369.2008207605,4477840.792183121,0.0 444359.3530390543,4477840.792183121,0.0 444359.3530390543,4477870.33552824,0.0 444349.50525734806,4477870.33552824,0.0</coordinates>
                            </LinearRing>
                        </outerBoundaryIs>
                    </Polygon>
                </MultiGeometry>
            </Placemark>
            <Placemark>
                <name>#5 pin</name>
                <description>Rank 5 of 15 | 1 acres | priority score 0.79
Why it scored: Aspect/landform/cover blend score 0.80; dominant terrain: bench/saddle/ridge; 100% overlaps DWR crucial range/migration corridor
Mean one-way hiking time from foot access: 89.3 min (closest point 88.4 min)
Foot: American Fork Canyon -- 88.4 min one-way, -290 m net vert (straight-line elev change, not total climb)
Flags: OWNERSHIP UNVERIFIED</description>
                <styleUrl>#74</styleUrl>
                <Point>
                    <coordinates>-111.65590491878758,40.44894911319862,0.0</coordinates>
                </Point>
            </Placemark>
            <Placemark>
                <name>#6 - Bench/Saddle/Ridge (5 ac)</name>
                <description>Rank 6 of 15 | 5 acres | priority score 0.79
Why it scored: Aspect/landform/cover blend score 0.80; dominant terrain: bench/saddle/ridge; 100% overlaps DWR crucial range/migration corridor
Mean one-way hiking time from foot access: 88.3 min (closest point 85.9 min)
Foot: Little Cottonwood Canyon -- 85.9 min one-way, +303 m net vert (straight-line elev change, not total climb)
Flags: OWNERSHIP UNVERIFIED</description>
                <styleUrl>#83</styleUrl>
                <MultiGeometry>
                    <Polygon>
                        <outerBoundaryIs>
                            <LinearRing>
                                <coordinates>435131.98158033425,4493754.807420358,0.0 435131.98158033425,4493735.111856946,0.0 435122.133798628,4493735.111856946,0.0 435122.133798628,4493705.568511827,0.0 435112.2860169218,4493705.568511827,0.0 435112.2860169218,4493666.177385002,0.0 435122.133798628,4493666.177385002,0.0 435122.133798628,4493656.329603296,0.0 435131.98158033425,4493656.329603296,0.0 435131.98158033425,4493646.48182159,0.0 435151.67714374664,4493646.48182159,0.0 435151.67714374664,4493636.6340398835,0.0 435171.3727071591,4493636.6340398835,0.0 435171.3727071591,4493626.786258177,0.0 435191.0682705715,4493626.786258177,0.0 435191.0682705715,4493616.938476471,0.0 435200.9160522777,4493616.938476471,0.0 435200.9160522777,4493607.090694765,0.0 435220.6116156901,4493607.090694765,0.0 435220.6116156901,4493597.242913059,0.0 435260.00274251495,4493597.242913059,0.0 435260.00274251495,4493587.395131352,0.0 435358.48055957706,4493587.395131352,0.0 435358.48055957706,4493607.090694765,0.0 435328.9372144585,4493607.090694765,0.0 435328.9372144585,4493616.938476471,0.0 435289.5460876336,4493616.938476471,0.0 435289.5460876336,4493626.786258177,0.0 435299.39386933984,4493626.786258177,0.0 435299.39386933984,4493685.872948415,0.0 435269.8505242212,4493685.872948415,0.0 435269.8505242212,4493695.720730121,0.0 435240.30717910256,4493695.720730121,0.0 435240.30717910256,4493705.568511827,0.0 435220.6116156901,4493705.568511827,0.0 435220.6116156901,4493715.4162935335,0.0 435210.7638339839,4493715.4162935335,0.0 435210.7638339839,4493725.264075239,0.0 435191.0682705715,4493725.264075239,0.0 435191.0682705715,4493735.111856946,0.0 435171.3727071591,4493735.111856946,0.0 435171.3727071591,4493744.959638651,0.0 435151.67714374664,4493744.959638651,0.0 435151.67714374664,4493754.807420358,0.0 435131.98158033425,4493754.807420358,0.0</coordinates>
                            </LinearRing>
                        </outerBoundaryIs>
                    </Polygon>
                </MultiGeometry>
            </Placemark>
            <Placemark>
                <name>#6 pin</name>
                <description>Rank 6 of 15 | 5 acres | priority score 0.79
Why it scored: Aspect/landform/cover blend score 0.80; dominant terrain: bench/saddle/ridge; 100% overlaps DWR crucial range/migration corridor
Mean one-way hiking time from foot access: 88.3 min (closest point 85.9 min)
Foot: Little Cottonwood Canyon -- 85.9 min one-way, +303 m net vert (straight-line elev change, not total climb)
Flags: OWNERSHIP UNVERIFIED</description>
                <styleUrl>#88</styleUrl>
                <Point>
                    <coordinates>-111.76558616674532,40.59122105945484,0.0</coordinates>
                </Point>
            </Placemark>
            <Placemark>
                <name>#7 - Bench/Saddle/Ridge (2 ac)</name>
                <description>Rank 7 of 15 | 2 acres | priority score 0.79
Why it scored: Aspect/landform/cover blend score 0.79; dominant terrain: bench/saddle/ridge; 100% overlaps DWR crucial range/migration corridor
Mean one-way hiking time from foot access: 88.7 min (closest point 86.9 min)
Foot: Diamond Fork Canyon -- 86.9 min one-way, -315 m net vert (straight-line elev change, not total climb)
Flags: OWNERSHIP UNVERIFIED</description>
                <styleUrl>#97</styleUrl>
                <MultiGeometry>
                    <Polygon>
                        <outerBoundaryIs>
                            <LinearRing>
                                <coordinates>462361.09799800866,4440468.460608048,0.0 462361.09799800866,4440419.221699517,0.0 462351.25021630246,4440419.221699517,0.0 462351.25021630246,4440409.373917812,0.0 462341.40243459627,4440409.373917812,0.0 462341.40243459627,4440399.526136105,0.0 462331.5546528901,4440399.526136105,0.0 462331.5546528901,4440369.982790986,0.0 462321.7068711838,4440369.982790986,0.0 462321.7068711838,4440360.13500928,0.0 462311.8590894776,4440360.13500928,0.0 462311.8590894776,4440340.439445867,0.0 462321.7068711838,4440340.439445867,0.0 462321.7068711838,4440350.287227574,0.0 462370.9457797149,4440350.287227574,0.0 462370.9457797149,4440340.439445867,0.0 462410.33690653974,4440340.439445867,0.0 462410.33690653974,4440330.5916641615,0.0 462459.57581507077,4440330.5916641615,0.0 462459.57581507077,4440340.439445867,0.0 462449.7280333646,4440340.439445867,0.0 462449.7280333646,4440360.13500928,0.0 462439.8802516584,4440360.13500928,0.0 462439.8802516584,4440369.982790986,0.0 462430.0324699522,4440369.982790986,0.0 462430.0324699522,4440379.830572693,0.0 462420.18468824594,4440379.830572693,0.0 462420.18468824594,4440389.678354398,0.0 462410.33690653974,4440389.678354398,0.0 462410.33690653974,4440438.9172629295,0.0 462400.48912483355,4440438.9172629295,0.0 462400.48912483355,4440458.612826342,0.0 462390.6413431273,4440458.612826342,0.0 462390.6413431273,4440468.460608048,0.0 462361.09799800866,4440468.460608048,0.0</coordinates>
                            </LinearRing>
                        </outerBoundaryIs>
                    </Polygon>
                </MultiGeometry>
            </Placemark>
            <Placemark>
                <name>#7 pin</name>
                <description>Rank 7 of 15 | 2 acres | priority score 0.79
Why it scored: Aspect/landform/cover blend score 0.79; dominant terrain: bench/saddle/ridge; 100% overlaps DWR crucial range/migration corridor
Mean one-way hiking time from foot access: 88.7 min (closest point 86.9 min)
Foot: Diamond Fork Canyon -- 86.9 min one-way, -315 m net vert (straight-line elev change, not total climb)
Flags: OWNERSHIP UNVERIFIED</description>
                <styleUrl>#102</styleUrl>
                <Point>
                    <coordinates>-111.44140417145562,40.11295045987775,0.0</coordinates>
                </Point>
            </Placemark>
            <Placemark>
                <name>#8 - Bench/Saddle/Ridge (1 ac)</name>
                <description>Rank 8 of 15 | 1 acres | priority score 0.78
Why it scored: Aspect/landform/cover blend score 0.79; dominant terrain: bench/saddle/ridge; 100% overlaps DWR crucial range/migration corridor
Mean one-way hiking time from foot access: 89.3 min (closest point 88.4 min)
Foot: Strawberry/Indian Creek Rd -- 88.4 min one-way, -264 m net vert (straight-line elev change, not total climb)
Flags: OWNERSHIP UNVERIFIED</description>
                <styleUrl>#111</styleUrl>
                <MultiGeometry>
                    <Polygon>
                        <outerBoundaryIs>
                            <LinearRing>
                                <coordinates>474286.76164423063,4441551.716595732,0.0 474286.76164423063,4441532.021032319,0.0 474276.91386252444,4441532.021032319,0.0 474276.91386252444,4441492.629905495,0.0 474286.76164423063,4441492.629905495,0.0 474286.76164423063,4441482.782123788,0.0 474306.4572076431,4441482.782123788,0.0 474306.4572076431,4441472.934342082,0.0 474365.54389788036,4441472.934342082,0.0 474365.54389788036,4441482.782123788,0.0 474385.23946129275,4441482.782123788,0.0 474385.23946129275,4441492.629905495,0.0 474365.54389788036,4441492.629905495,0.0 474365.54389788036,4441522.173250613,0.0 474326.15277105547,4441522.173250613,0.0 474326.15277105547,4441541.868814025,0.0 474336.0005527617,4441541.868814025,0.0 474336.0005527617,4441551.716595732,0.0 474286.76164423063,4441551.716595732,0.0</coordinates>
                            </LinearRing>
                        </outerBoundaryIs>
                    </Polygon>
                </MultiGeometry>
            </Placemark>
            <Placemark>
                <name>#8 pin</name>
                <description>Rank 8 of 15 | 1 acres | priority score 0.78
Why it scored: Aspect/landform/cover blend score 0.79; dominant terrain: bench/saddle/ridge; 100% overlaps DWR crucial range/migration corridor
Mean one-way hiking time from foot access: 89.3 min (closest point 88.4 min)
Foot: Strawberry/Indian Creek Rd -- 88.4 min one-way, -264 m net vert (straight-line elev change, not total climb)
Flags: OWNERSHIP UNVERIFIED</description>
                <styleUrl>#116</styleUrl>
                <Point>
                    <coordinates>-111.30136746370884,40.1234992356436,0.0</coordinates>
                </Point>
            </Placemark>
            <Placemark>
                <name>#9 - Side Slope (1 ac)</name>
                <description>Rank 9 of 15 | 1 acres | priority score 0.78
Why it scored: Aspect/landform/cover blend score 0.79; dominant terrain: side slope; 100% overlaps DWR crucial range/migration corridor
Mean one-way hiking time from foot access: 89.7 min (closest point 89.2 min)
Foot: American Fork Canyon -- 89.2 min one-way, -76 m net vert (straight-line elev change, not total climb)
Flags: OWNERSHIP UNVERIFIED</description>
                <styleUrl>#125</styleUrl>
                <MultiGeometry>
                    <Polygon>
                        <outerBoundaryIs>
                            <LinearRing>
                                <coordinates>445225.9578292009,4475890.931405291,0.0 445225.9578292009,4475881.083623584,0.0 445235.8056109071,4475881.083623584,0.0 445235.8056109071,4475841.69249676,0.0 445265.34895602573,4475841.69249676,0.0 445265.34895602573,4475831.844715054,0.0 445275.1967377319,4475831.844715054,0.0 445275.1967377319,4475861.388060172,0.0 445294.89230114437,4475861.388060172,0.0 445294.89230114437,4475881.083623584,0.0 445304.74008285056,4475881.083623584,0.0 445304.74008285056,4475890.931405291,0.0 445225.9578292009,4475890.931405291,0.0</coordinates>
                            </LinearRing>
                        </outerBoundaryIs>
                    </Polygon>
                </MultiGeometry>
            </Placemark>
            <Placemark>
                <name>#9 pin</name>
                <description>Rank 9 of 15 | 1 acres | priority score 0.78
Why it scored: Aspect/landform/cover blend score 0.79; dominant terrain: side slope; 100% overlaps DWR crucial range/migration corridor
Mean one-way hiking time from foot access: 89.7 min (closest point 89.2 min)
Foot: American Fork Canyon -- 89.2 min one-way, -76 m net vert (straight-line elev change, not total climb)
Flags: OWNERSHIP UNVERIFIED</description>
                <styleUrl>#130</styleUrl>
                <Point>
                    <coordinates>-111.64533307417896,40.43165746922104,0.0</coordinates>
                </Point>
            </Placemark>
            <Placemark>
                <name>#10 - Bench/Saddle/Ridge (1 ac)</name>
                <description>Rank 10 of 15 | 1 acres | priority score 0.78
Why it scored: Aspect/landform/cover blend score 0.80; dominant terrain: bench/saddle/ridge; 100% overlaps DWR crucial range/migration corridor
Mean one-way hiking time from foot access: 87.1 min (closest point 85.6 min)
Foot: American Fork Canyon -- 85.6 min one-way, -144 m net vert (straight-line elev change, not total climb)
Flags: OWNERSHIP UNVERIFIED</description>
                <styleUrl>#139</styleUrl>
                <MultiGeometry>
                    <Polygon>
                        <outerBoundaryIs>
                            <LinearRing>
                                <coordinates>441247.4540198915,4470720.84600953,0.0 441247.4540198915,4470592.824847349,0.0 441316.388491835,4470592.824847349,0.0 441316.388491835,4470612.520410762,0.0 441306.5407101288,4470612.520410762,0.0 441306.5407101288,4470632.215974174,0.0 441296.69292842253,4470632.215974174,0.0 441296.69292842253,4470651.911537587,0.0 441286.84514671634,4470651.911537587,0.0 441286.84514671634,4470661.759319293,0.0 441276.99736501015,4470661.759319293,0.0 441276.99736501015,4470681.454882706,0.0 441267.14958330395,4470681.454882706,0.0 441267.14958330395,4470701.150446118,0.0 441257.3018015977,4470701.150446118,0.0 441257.3018015977,4470720.84600953,0.0 441247.4540198915,4470720.84600953,0.0</coordinates>
                            </LinearRing>
                        </outerBoundaryIs>
                    </Polygon>
                </MultiGeometry>
            </Placemark>
            <Placemark>
                <name>#10 pin</name>
                <description>Rank 10 of 15 | 1 acres | priority score 0.78
Why it scored: Aspect/landform/cover blend score 0.80; dominant terrain: bench/saddle/ridge; 100% overlaps DWR crucial range/migration corridor
Mean one-way hiking time from foot access: 87.1 min (closest point 85.6 min)
Foot: American Fork Canyon -- 85.6 min one-way, -144 m net vert (straight-line elev change, not total climb)
Flags: OWNERSHIP UNVERIFIED</description>
                <styleUrl>#144</styleUrl>
                <Point>
                    <coordinates>-111.69189207994965,40.38426368148314,0.0</coordinates>
                </Point>
            </Placemark>
            <Placemark>
                <name>#11 - Bench/Saddle/Ridge (1 ac)</name>
                <description>Rank 11 of 15 | 1 acres | priority score 0.78
Why it scored: Aspect/landform/cover blend score 0.79; dominant terrain: bench/saddle/ridge; 100% overlaps DWR crucial range/migration corridor
Mean one-way hiking time from foot access: 88.5 min (closest point 87.3 min)
Foot: Emigration Canyon -- 87.3 min one-way, +284 m net vert (straight-line elev change, not total climb)
Flags: OWNERSHIP UNVERIFIED</description>
                <styleUrl>#153</styleUrl>
                <MultiGeometry>
                    <Polygon>
                        <outerBoundaryIs>
                            <LinearRing>
                                <coordinates>432039.7781245839,4514129.86777051,0.0 432039.7781245839,4514120.019988803,0.0 432049.6259062901,4514120.019988803,0.0 432049.6259062901,4514100.324425391,0.0 432059.47368799633,4514100.324425391,0.0 432059.47368799633,4514041.237735154,0.0 432079.1692514087,4514041.237735154,0.0 432079.1692514087,4514031.3899534475,0.0 432098.86481482117,4514031.3899534475,0.0 432098.86481482117,4514041.237735154,0.0 432108.71259652736,4514041.237735154,0.0 432108.71259652736,4514051.08551686,0.0 432118.56037823355,4514051.08551686,0.0 432118.56037823355,4514060.933298566,0.0 432128.4081599398,4514060.933298566,0.0 432128.4081599398,4514110.1722070975,0.0 432108.71259652736,4514110.1722070975,0.0 432108.71259652736,4514120.019988803,0.0 432069.3214697025,4514120.019988803,0.0 432069.3214697025,4514129.86777051,0.0 432039.7781245839,4514129.86777051,0.0</coordinates>
                            </LinearRing>
                        </outerBoundaryIs>
                    </Polygon>
                </MultiGeometry>
            </Placemark>
            <Placemark>
                <name>#11 pin</name>
                <description>Rank 11 of 15 | 1 acres | priority score 0.78
Why it scored: Aspect/landform/cover blend score 0.79; dominant terrain: bench/saddle/ridge; 100% overlaps DWR crucial range/migration corridor
Mean one-way hiking time from foot access: 88.5 min (closest point 87.3 min)
Foot: Emigration Canyon -- 87.3 min one-way, +284 m net vert (straight-line elev change, not total climb)
Flags: OWNERSHIP UNVERIFIED</description>
                <styleUrl>#158</styleUrl>
                <Point>
                    <coordinates>-111.80476275865753,40.77491826174411,0.0</coordinates>
                </Point>
            </Placemark>
            <Placemark>
                <name>#12 - Bench/Saddle/Ridge (1 ac)</name>
                <description>Rank 12 of 15 | 1 acres | priority score 0.78
Why it scored: Aspect/landform/cover blend score 0.78; dominant terrain: bench/saddle/ridge; 100% overlaps DWR crucial range/migration corridor
Mean one-way hiking time from foot access: 89.6 min (closest point 89.2 min)
Foot: Diamond Fork Canyon -- 89.2 min one-way, +38 m net vert (straight-line elev change, not total climb)
Flags: OWNERSHIP UNVERIFIED</description>
                <styleUrl>#167</styleUrl>
                <MultiGeometry>
                    <Polygon>
                        <outerBoundaryIs>
                            <LinearRing>
                                <coordinates>462233.0768358279,4443954.575332047,0.0 462233.0768358279,4443944.727550341,0.0 462223.2290541217,4443944.727550341,0.0 462223.2290541217,4443915.184205223,0.0 462233.0768358279,4443915.184205223,0.0 462233.0768358279,4443895.488641811,0.0 462242.92461753415,4443895.488641811,0.0 462242.92461753415,4443885.640860104,0.0 462252.77239924035,4443885.640860104,0.0 462252.77239924035,4443865.945296692,0.0 462262.62018094654,4443865.945296692,0.0 462262.62018094654,4443856.097514985,0.0 462272.46796265274,4443856.097514985,0.0 462272.46796265274,4443826.554169866,0.0 462282.315744359,4443826.554169866,0.0 462282.315744359,4443885.640860104,0.0 462272.46796265274,4443885.640860104,0.0 462272.46796265274,4443905.336423516,0.0 462262.62018094654,4443905.336423516,0.0 462262.62018094654,4443934.879768635,0.0 462252.77239924035,4443934.879768635,0.0 462252.77239924035,4443954.575332047,0.0 462233.0768358279,4443954.575332047,0.0</coordinates>
                            </LinearRing>
                        </outerBoundaryIs>
                    </Polygon>
                </MultiGeometry>
            </Placemark>
            <Placemark>
                <name>#12 pin</name>
                <description>Rank 12 of 15 | 1 acres | priority score 0.78
Why it scored: Aspect/landform/cover blend score 0.78; dominant terrain: bench/saddle/ridge; 100% overlaps DWR crucial range/migration corridor
Mean one-way hiking time from foot access: 89.6 min (closest point 89.2 min)
Foot: Diamond Fork Canyon -- 89.2 min one-way, +38 m net vert (straight-line elev change, not total climb)
Flags: OWNERSHIP UNVERIFIED</description>
                <styleUrl>#172</styleUrl>
                <Point>
                    <coordinates>-111.4431286980922,40.14459991899202,0.0</coordinates>
                </Point>
            </Placemark>
            <Placemark>
                <name>#13 - Bench/Saddle/Ridge (8 ac)</name>
                <description>Rank 13 of 15 | 8 acres | priority score 0.78
Why it scored: Aspect/landform/cover blend score 0.79; dominant terrain: bench/saddle/ridge; 100% overlaps DWR crucial range/migration corridor
Mean one-way hiking time from foot access: 86.5 min (closest point 82.2 min)
Foot: Diamond Fork Canyon -- 82.2 min one-way, +22 m net vert (straight-line elev change, not total climb)
Flags: OWNERSHIP UNVERIFIED</description>
                <styleUrl>#201</styleUrl>
                <MultiGeometry>
                    <Polygon>
                        <outerBoundaryIs>
                            <LinearRing>
                                <coordinates>461780.0788773422,4443885.640860104,0.0 461770.231095636,4443885.640860104,0.0 461770.231095636,4443895.488641811,0.0 461780.0788773422,4443895.488641811,0.0 461780.0788773422,4443885.640860104,0.0</coordinates>
                            </LinearRing>
                        </outerBoundaryIs>
                    </Polygon>
                    <Polygon>
                        <outerBoundaryIs>
                            <LinearRing>
                                <coordinates>461898.2522578167,4443993.966458873,0.0 461908.100039523,4443993.966458873,0.0 461908.100039523,4443984.118677166,0.0 461898.2522578167,4443984.118677166,0.0 461898.2522578167,4443993.966458873,0.0</coordinates>
                            </LinearRing>
                        </outerBoundaryIs>
                    </Polygon>
                    <Polygon>
                        <outerBoundaryIs>
                            <LinearRing>
                                <coordinates>461917.9478212292,4443993.966458873,0.0 461908.100039523,4443993.966458873,0.0 461908.100039523,4444003.814240579,0.0 461917.9478212292,4444003.814240579,0.0 461917.9478212292,4443993.966458873,0.0</coordinates>
                            </LinearRing>
                        </outerBoundaryIs>
                    </Polygon>
                    <Polygon>
                        <outerBoundaryIs>
                            <LinearRing>
                                <coordinates>461770.231095636,4444112.139839347,0.0 461770.231095636,4444023.509803991,0.0 461780.0788773422,4444023.509803991,0.0 461780.0788773422,4444013.662022285,0.0 461770.231095636,4444013.662022285,0.0 461770.231095636,4443984.118677166,0.0 461780.0788773422,4443984.118677166,0.0 461780.0788773422,4443974.270895461,0.0 461789.9266590484,4443974.270895461,0.0 461789.9266590484,4443934.879768635,0.0 461819.47000416706,4443934.879768635,0.0 461819.47000416706,4443944.727550342,0.0 461839.1655675795,4443944.727550342,0.0 461839.1655675795,4443954.575332047,0.0 461849.0133492857,4443954.575332047,0.0 461849.0133492857,4443964.423113754,0.0 461878.55669440434,4443964.423113754,0.0 461878.55669440434,4443974.270895461,0.0 461888.40447611053,4443974.270895461,0.0 461888.40447611053,4443984.118677166,0.0 461898.2522578167,4443984.118677166,0.0 461898.2522578167,4443954.575332047,0.0 461888.40447611053,4443954.575332047,0.0 461888.40447611053,4443944.727550342,0.0 461878.55669440434,4443944.727550342,0.0 461878.55669440434,4443925.0319869295,0.0 461868.7089126981,4443925.0319869295,0.0 461868.7089126981,4443915.184205223,0.0 461829.31778587325,4443915.184205223,0.0 461829.31778587325,4443905.336423517,0.0 461819.47000416706,4443905.336423517,0.0 461819.47000416706,4443895.488641811,0.0 461780.0788773422,4443895.488641811,0.0 461780.0788773422,4443934.879768635,0.0 461770.231095636,4443934.879768635,0.0 461770.231095636,4443944.727550342,0.0 461760.3833139298,4443944.727550342,0.0 461760.3833139298,4443964.423113754,0.0 461750.5355322236,4443964.423113754,0.0 461750.5355322236,4443984.118677166,0.0 461740.6877505174,4443984.118677166,0.0 461740.6877505174,4444013.662022285,0.0 461730.83996881114,4444013.662022285,0.0 461730.83996881114,4444033.357585697,0.0 461720.99218710494,4444033.357585697,0.0 461720.99218710494,4444062.900930816,0.0 461711.14440539875,4444062.900930816,0.0 461711.14440539875,4444092.444275935,0.0 461701.2966236925,4444092.444275935,0.0 461701.2966236925,4444190.922092997,0.0 461691.4488419863,4444190.922092997,0.0 461691.4488419863,4444210.61765641,0.0 461681.6010602801,4444210.61765641,0.0 461681.6010602801,4444220.465438115,0.0 461671.75327857386,4444220.465438115,0.0 461671.75327857386,4444240.161001528,0.0 461661.90549686766,4444240.161001528,0.0 461661.90549686766,4444259.85656494,0.0 461652.05771516147,4444259.85656494,0.0 461652.05771516147,4444299.247691765,0.0 461642.2099334553,4444299.247691765,0.0 461642.2099334553,4444338.63881859,0.0 461632.362151749,4444338.63881859,0.0 461632.362151749,4444378.0299454145,0.0 461622.51437004283,4444378.0299454145,0.0 461622.51437004283,4444387.877727121,0.0 461642.2099334553,4444387.877727121,0.0 461642.2099334553,4444368.182163709,0.0 461652.05771516147,4444368.182163709,0.0 461652.05771516147,4444358.334382002,0.0 461661.90549686766,4444358.334382002,0.0 461661.90549686766,4444348.486600297,0.0 461671.75327857386,4444348.486600297,0.0 461671.75327857386,4444338.63881859,0.0 461681.6010602801,4444338.63881859,0.0 461681.6010602801,4444328.791036884,0.0 461691.4488419863,4444328.791036884,0.0 461691.4488419863,4444318.943255178,0.0 461701.2966236925,4444318.943255178,0.0 461701.2966236925,4444309.095473471,0.0 461711.14440539875,4444309.095473471,0.0 461711.14440539875,4444299.247691765,0.0 461720.99218710494,4444299.247691765,0.0 461720.99218710494,4444289.399910059,0.0 461730.83996881114,4444289.399910059,0.0 461730.83996881114,4444279.552128353,0.0 461750.5355322236,4444279.552128353,0.0 461750.5355322236,4444269.704346647,0.0 461760.3833139298,4444269.704346647,0.0 461760.3833139298,4444259.85656494,0.0 461770.231095636,4444259.85656494,0.0 461770.231095636,4444250.008783234,0.0 461780.0788773422,4444250.008783234,0.0 461780.0788773422,4444230.313219822,0.0 461789.9266590484,4444230.313219822,0.0 461789.9266590484,4444220.465438115,0.0 461799.7744407546,4444220.465438115,0.0 461799.7744407546,4444200.769874703,0.0 461780.0788773422,4444200.769874703,0.0 461780.0788773422,4444171.226529584,0.0 461770.231095636,4444171.226529584,0.0 461770.231095636,4444141.683184465,0.0 461760.3833139298,4444141.683184465,0.0 461760.3833139298,4444121.987621053,0.0 461770.231095636,4444121.987621053,0.0 461770.231095636,4444131.83540276,0.0 461780.0788773422,4444131.83540276,0.0 461780.0788773422,4444112.139839347,0.0 461770.231095636,4444112.139839347,0.0</coordinates>
                            </LinearRing>
                        </outerBoundaryIs>
                    </Polygon>
                    <Polygon>
                        <outerBoundaryIs>
                            <LinearRing>
                                <coordinates>461789.9266590484,4444131.83540276,0.0 461780.0788773422,4444131.83540276,0.0 461780.0788773422,4444161.378747879,0.0 461789.9266590484,4444161.378747879,0.0 461789.9266590484,4444181.074311291,0.0 461799.7744407546,4444181.074311291,0.0 461799.7744407546,4444151.530966172,0.0 461789.9266590484,4444151.530966172,0.0 461789.9266590484,4444131.83540276,0.0</coordinates>
                            </LinearRing>
                        </outerBoundaryIs>
                    </Polygon>
                    <Polygon>
                        <outerBoundaryIs>
                            <LinearRing>
                                <coordinates>461809.62222246086,4444181.074311291,0.0 461799.7744407546,4444181.074311291,0.0 461799.7744407546,4444190.922092997,0.0 461809.62222246086,4444190.922092997,0.0 461809.62222246086,4444181.074311291,0.0</coordinates>
                            </LinearRing>
                        </outerBoundaryIs>
                    </Polygon>
                </MultiGeometry>
            </Placemark>
            <Placemark>
                <name>#13 pin</name>
                <description>Rank 13 of 15 | 8 acres | priority score 0.78
Why it scored: Aspect/landform/cover blend score 0.79; dominant terrain: bench/saddle/ridge; 100% overlaps DWR crucial range/migration corridor
Mean one-way hiking time from foot access: 86.5 min (closest point 82.2 min)
Foot: Diamond Fork Canyon -- 82.2 min one-way, +22 m net vert (straight-line elev change, not total climb)
Flags: OWNERSHIP UNVERIFIED</description>
                <styleUrl>#206</styleUrl>
                <Point>
                    <coordinates>-111.44914736468402,40.146752525841755,0.0</coordinates>
                </Point>
            </Placemark>
            <Placemark>
                <name>#14 - Side Slope (1 ac)</name>
                <description>Rank 14 of 15 | 1 acres | priority score 0.78
Why it scored: Aspect/landform/cover blend score 0.78; dominant terrain: side slope; 100% overlaps DWR crucial range/migration corridor
Mean one-way hiking time from foot access: 89.3 min (closest point 88.6 min)
Foot: Diamond Fork Canyon -- 88.6 min one-way, -413 m net vert (straight-line elev change, not total climb)
Flags: OWNERSHIP UNVERIFIED</description>
                <styleUrl>#215</styleUrl>
                <MultiGeometry>
                    <Polygon>
                        <outerBoundaryIs>
                            <LinearRing>
                                <coordinates>460312.7594031167,4434825.681690389,0.0 460312.7594031167,4434815.833908683,0.0 460273.3682762919,4434815.833908683,0.0 460273.3682762919,4434796.13834527,0.0 460283.21605799807,4434796.13834527,0.0 460283.21605799807,4434786.290563565,0.0 460332.45496652916,4434786.290563565,0.0 460332.45496652916,4434776.442781858,0.0 460352.15052994154,4434776.442781858,0.0 460352.15052994154,4434766.5950001525,0.0 460381.6938750602,4434766.5950001525,0.0 460381.6938750602,4434786.290563565,0.0 460371.846093354,4434786.290563565,0.0 460371.846093354,4434815.833908683,0.0 460361.9983116478,4434815.833908683,0.0 460361.9983116478,4434825.681690389,0.0 460312.7594031167,4434825.681690389,0.0</coordinates>
                            </LinearRing>
                        </outerBoundaryIs>
                    </Polygon>
                </MultiGeometry>
            </Placemark>
            <Placemark>
                <name>#14 pin</name>
                <description>Rank 14 of 15 | 1 acres | priority score 0.78
Why it scored: Aspect/landform/cover blend score 0.78; dominant terrain: side slope; 100% overlaps DWR crucial range/migration corridor
Mean one-way hiking time from foot access: 89.3 min (closest point 88.6 min)
Foot: Diamond Fork Canyon -- 88.6 min one-way, -413 m net vert (straight-line elev change, not total climb)
Flags: OWNERSHIP UNVERIFIED</description>
                <styleUrl>#220</styleUrl>
                <Point>
                    <coordinates>-111.46513125324405,40.06251270362907,0.0</coordinates>
                </Point>
            </Placemark>
            <Placemark>
                <name>#15 - Side Slope (19 ac)</name>
                <description>Rank 15 of 15 | 19 acres | priority score 0.78
Why it scored: Aspect/landform/cover blend score 0.79; dominant terrain: side slope; 100% overlaps DWR crucial range/migration corridor
Mean one-way hiking time from foot access: 87.7 min (closest point 84.2 min)
Foot: Diamond Fork Canyon -- 84.2 min one-way, +58 m net vert (straight-line elev change, not total climb)
Flags: OWNERSHIP UNVERIFIED</description>
                <styleUrl>#229</styleUrl>
                <MultiGeometry>
                    <Polygon>
                        <outerBoundaryIs>
                            <LinearRing>
                                <coordinates>459909.00035316206,4444722.7023051325,0.0 459909.00035316206,4444712.854523426,0.0 459899.1525714558,4444712.854523426,0.0 459899.1525714558,4444683.311178308,0.0 459869.60922633717,4444683.311178308,0.0 459869.60922633717,4444693.158960014,0.0 459830.21809951233,4444693.158960014,0.0 459830.21809951233,4444683.311178308,0.0 459820.37031780614,4444683.311178308,0.0 459820.37031780614,4444634.072269777,0.0 459849.9136629248,4444634.072269777,0.0 459849.9136629248,4444643.9200514825,0.0 459899.1525714558,4444643.9200514825,0.0 459899.1525714558,4444653.767833189,0.0 459928.69591657445,4444653.767833189,0.0 459928.69591657445,4444634.072269777,0.0 459859.761444631,4444634.072269777,0.0 459859.761444631,4444624.22448807,0.0 459830.21809951233,4444624.22448807,0.0 459830.21809951233,4444614.376706365,0.0 459810.52253609995,4444614.376706365,0.0 459810.52253609995,4444594.681142951,0.0 459800.6747543937,4444594.681142951,0.0 459800.6747543937,4444584.833361246,0.0 459810.52253609995,4444584.833361246,0.0 459810.52253609995,4444574.985579539,0.0 459800.6747543937,4444574.985579539,0.0 459800.6747543937,4444555.290016127,0.0 459790.8269726875,4444555.290016127,0.0 459790.8269726875,4444545.442234421,0.0 459800.6747543937,4444545.442234421,0.0 459800.6747543937,4444486.355544183,0.0 459810.52253609995,4444486.355544183,0.0 459810.52253609995,4444456.8121990645,0.0 459800.6747543937,4444456.8121990645,0.0 459800.6747543937,4444446.964417359,0.0 459790.8269726875,4444446.964417359,0.0 459790.8269726875,4444437.116635652,0.0 459810.52253609995,4444437.116635652,0.0 459810.52253609995,4444427.268853947,0.0 459820.37031780614,4444427.268853947,0.0 459820.37031780614,4444417.42107224,0.0 459859.761444631,4444417.42107224,0.0 459859.761444631,4444407.573290533,0.0 459869.60922633717,4444407.573290533,0.0 459869.60922633717,4444387.877727121,0.0 459889.3047897496,4444387.877727121,0.0 459889.3047897496,4444407.573290533,0.0 459899.1525714558,4444407.573290533,0.0 459899.1525714558,4444417.42107224,0.0 459948.3914799869,4444417.42107224,0.0 459948.3914799869,4444407.573290533,0.0 459977.93482510553,4444407.573290533,0.0 459977.93482510553,4444417.42107224,0.0 460037.02151534276,4444417.42107224,0.0 460037.02151534276,4444427.268853947,0.0 460066.5648604614,4444427.268853947,0.0 460066.5648604614,4444437.116635652,0.0 460076.41264216765,4444437.116635652,0.0 460076.41264216765,4444446.964417359,0.0 460086.26042387384,4444446.964417359,0.0 460086.26042387384,4444437.116635652,0.0 460096.10820558004,4444437.116635652,0.0 460096.10820558004,4444407.573290533,0.0 460105.9559872863,4444407.573290533,0.0 460105.9559872863,4444466.659980771,0.0 460096.10820558004,4444466.659980771,0.0 460096.10820558004,4444496.20332589,0.0 460086.26042387384,4444496.20332589,0.0 460086.26042387384,4444535.594452715,0.0 460076.41264216765,4444535.594452715,0.0 460076.41264216765,4444584.833361246,0.0 460066.5648604614,4444584.833361246,0.0 460066.5648604614,4444663.615614896,0.0 460056.7170787552,4444663.615614896,0.0 460056.7170787552,4444673.463396601,0.0 460046.869297049,4444673.463396601,0.0 460046.869297049,4444683.311178308,0.0 460027.17373363656,4444683.311178308,0.0 460027.17373363656,4444693.158960014,0.0 460007.4781702242,4444693.158960014,0.0 460007.4781702242,4444703.00674172,0.0 459997.6303885179,4444703.00674172,0.0 459997.6303885179,4444712.854523426,0.0 459948.3914799869,4444712.854523426,0.0 459948.3914799869,4444722.7023051325,0.0 459909.00035316206,4444722.7023051325,0.0</coordinates>
                            </LinearRing>
                        </outerBoundaryIs>
                    </Polygon>
                </MultiGeometry>
            </Placemark>
            <Placemark>
                <name>#15 pin</name>
                <description>Rank 15 of 15 | 19 acres | priority score 0.78
Why it scored: Aspect/landform/cover blend score 0.79; dominant terrain: side slope; 100% overlaps DWR crucial range/migration corridor
Mean one-way hiking time from foot access: 87.7 min (closest point 84.2 min)
Foot: Diamond Fork Canyon -- 84.2 min one-way, +58 m net vert (straight-line elev change, not total climb)
Flags: OWNERSHIP UNVERIFIED</description>
                <styleUrl>#234</styleUrl>
                <Point>
                    <coordinates>-111.47029174738596,40.15034526222663,0.0</coordinates>
                </Point>
            </Placemark>
        </Folder>
        <Folder>
            <name>2. Effort Bands (one-way hiking minutes from foot access)</name>
            <Folder>
                <Style>
                    <LineStyle>
                        <color>b4008000</color>
                        <colorMode>normal</colorMode>
                        <width>1</width>
                    </LineStyle>
                    <PolyStyle>
                        <color>50008000</color>
                        <colorMode>normal</colorMode>
                        <fill>1</fill>
                        <outline>1</outline>
                    </PolyStyle>
                </Style>
                <name>&lt; 30 min</name>
                <Placemark>
                    <name>&lt; 30 min</name>
                    <styleUrl>#289</styleUrl>
                    <MultiGeometry>
                        <Polygon>
                            <outerBoundaryIs>
                                <LinearRing>
                                    <coordinates>-111.68728560043917,40.43853612699589,0.0 -111.68727656647293,40.437648992603414,0.0 -111.68611552278487,40.43765588932717,0.0 -111.68610650447808,40.43676875458155,0.0 -111.68494547564697,40.436775639431545,0.0 -111.68492747074974,40.43500136909657,0.0 -111.68376647203213,40.43500824185935,0.0 -111.68374849924668,40.43323397054317,0.0 -111.68258753064062,40.433240831220225,0.0 -111.68255165087716,40.42969228607414,0.0 -111.68371255846925,40.42968542625214,0.0 -111.68369459047696,40.42791115327731,0.0 -111.68485546716678,40.42790428222752,0.0 -111.68483747027175,40.426130009128016,0.0 -111.6859983160614,40.4261231268519,0.0 -111.68598930296483,40.425235990309254,0.0 -111.68715013310481,40.42522909659343,0.0 -111.68714110516052,40.42434196012737,0.0 -111.68830191965084,40.424335054972566,0.0 -111.68829287686022,40.42344791858346,0.0 -111.68945367570093,40.42344100199041,0.0 -111.6894446180653,40.42255386567858,0.0 -111.69176618404428,40.422539997964435,0.0 -111.69175709631878,40.4216528619465,0.0 -111.69407863018945,40.42163894805389,0.0 -111.69406951237686,40.42075181233127,0.0 -111.69523026345907,40.420744838123355,0.0 -111.69522113080694,40.41985770247979,0.0 -111.69754260126321,40.41984371954293,0.0 -111.69753343852881,40.41895658419685,0.0 -111.70797989814635,40.418893086193904,0.0 -111.70798919807673,40.41978021956126,0.0 -111.70914992899806,40.419773105748796,0.0 -111.70915924458642,40.420660238756156,0.0 -111.71031999033822,40.42065311306991,0.0 -111.71033865324839,40.4224273782255,0.0 -111.71149942907651,40.42242024044233,0.0 -111.71151812413976,40.42419450459968,0.0 -111.71267893004615,40.424187354718114,0.0 -111.71269765726801,40.42596161787649,0.0 -111.71385849325463,40.425954455895074,0.0 -111.71386787273916,40.42684158704354,0.0 -111.71502872355805,40.42683441318435,0.0 -111.71503811870944,40.427721543970925,0.0 -111.71619898436057,40.42771435823324,0.0 -111.71622721807438,40.430375749090935,0.0 -111.71506630666958,40.43038293550037,0.0 -111.71507570349169,40.43127006573344,0.0 -111.71391477641657,40.4312772407104,0.0 -111.71395230686541,40.43482576115325,0.0 -111.71279131835595,40.43483292536665,0.0 -111.71280068675496,40.43572005535468,0.0 -111.71047867797526,40.43573434925321,0.0 -111.7104880162773,40.43662147954824,0.0 -111.70816597532355,40.43663572725764,0.0 -111.70817528352586,40.43752285785826,0.0 -111.70701424717048,40.43752996444641,0.0 -111.70702354052845,40.43841709513012,0.0 -111.70354038321166,40.43843834560245,0.0 -111.70354963120616,40.43932547680995,0.0 -111.69542214296327,40.439374654697026,0.0 -111.69541300178157,40.43848752195726,0.0 -111.68728560043917,40.43853612699589,0.0</coordinates>
                                </LinearRing>
                            </outerBoundaryIs>
                        </Polygon>
                        <Polygon>
                            <outerBoundaryIs>
                                <LinearRing>
                                    <coordinates>-111.81368366940498,40.52111026183251,0.0 -111.81252122064221,40.52111844185248,0.0 -111.81251050945991,40.52023134561193,0.0 -111.81018564114589,40.52024767006624,0.0 -111.81017496107877,40.51936057317835,0.0 -111.80901254152829,40.51936871761377,0.0 -111.80900187725493,40.51848162033328,0.0 -111.80783947254889,40.51848975282371,0.0 -111.80782882406791,40.51760265515102,0.0 -111.80666643420635,40.51761077569717,0.0 -111.80665580151643,40.516723677632626,0.0 -111.80781817606056,40.516715557339374,0.0 -111.8078075285268,40.5158284593888,0.0 -111.80896988728063,40.515820327658155,0.0 -111.80892724062082,40.51227193547945,0.0 -111.80776494312708,40.51228006619714,0.0 -111.80770107923101,40.50695747224165,0.0 -111.80886328485504,40.50694934304317,0.0 -111.80884197005872,40.50517514445292,0.0 -111.81000414459099,40.50516700407491,0.0 -111.80999347259592,40.504279904824905,0.0 -111.81231778962025,40.50426358951942,0.0 -111.81230708748554,40.50337649063862,0.0 -111.81695565458878,40.5033437208225,0.0 -111.81694489170448,40.502456622823374,0.0 -111.8250797585363,40.502398827570566,0.0 -111.82509062856435,40.50328592376959,0.0 -111.82625276577541,40.50327762030774,0.0 -111.82626365159373,40.50416471610913,0.0 -111.82742580362748,40.50415640070334,0.0 -111.82744760733223,40.505930591371005,0.0 -111.82860978949677,40.5059222637612,0.0 -111.82863162575933,40.50769645335395,0.0 -111.82979383805662,40.50768811353865,0.0 -111.82990320164163,40.51655905056154,0.0 -111.82874083621206,40.51656739297458,0.0 -111.82875175992908,40.51745448617186,0.0 -111.82758937869667,40.51746281715397,0.0 -111.82761119695229,40.519237003650204,0.0 -111.82644878459861,40.51924532345975,0.0 -111.8264596791352,40.5201324167584,0.0 -111.82529725097787,40.52014072513517,0.0 -111.82530813067926,40.52102781855351,0.0 -111.82182079734717,40.521052674306496,0.0 -111.82183163157097,40.521939768359886,0.0 -111.81950670963126,40.521956280914665,0.0 -111.81951751369449,40.52284337534326,0.0 -111.81603008121866,40.52286805724887,0.0 -111.81601932311935,40.521980962051636,0.0 -111.81369439638445,40.52199735767933,0.0 -111.81368366940498,40.52111026183251,0.0</coordinates>
                                </LinearRing>
                            </outerBoundaryIs>
                        </Polygon>
                        <Polygon>
                            <outerBoundaryIs>
                                <LinearRing>
                                    <coordinates>-111.75499570861237,40.574738791802645,0.0 -111.75266892274371,40.574753975830994,0.0 -111.75265898173618,40.57386687516504,0.0 -111.7503322248226,40.57388201186225,0.0 -111.75032231498044,40.57299491058636,0.0 -111.74799558702622,40.57300999995526,0.0 -111.74798570834677,40.572122898070916,0.0 -111.7468223590709,40.57213042494959,0.0 -111.74680263375033,40.57035622029629,0.0 -111.75029258809938,40.570333605926706,0.0 -111.75028268002076,40.56944650409616,0.0 -111.75958908263405,40.569385685625605,0.0 -111.75957905213194,40.5684985855499,0.0 -111.76655874321922,40.5684524811986,0.0 -111.76656886586868,40.56933957983884,0.0 -111.77122204569292,40.56930860839504,0.0 -111.77123223022659,40.57019570593224,0.0 -111.77355884813944,40.57018014945053,0.0 -111.77356906384442,40.57106724636462,0.0 -111.77473238747845,40.57105945031168,0.0 -111.77474261899769,40.57194654684425,0.0 -111.77590595753618,40.571938738834966,0.0 -111.77591620487104,40.57282583498565,0.0 -111.77475285097215,40.57283364323804,0.0 -111.77476308340191,40.57372073949301,0.0 -111.77359971368665,40.57372853627416,0.0 -111.77360993120993,40.574615632633076,0.0 -111.77128315969267,40.57463119153663,0.0 -111.77129334694561,40.57551828824116,0.0 -111.76780314018431,40.575541539459635,0.0 -111.76781328180084,40.576428636749284,0.0 -111.75850592105957,40.576490126444774,0.0 -111.75849590234986,40.57560302724079,0.0 -111.75500568078792,40.575625891857165,0.0 -111.75499570861237,40.574738791802645,0.0</coordinates>
                                </LinearRing>
                            </outerBoundaryIs>
                        </Polygon>
                        <Polygon>
                            <outerBoundaryIs>
                                <LinearRing>
                                    <coordinates>-111.7602219049393,40.62527271071563,0.0 -111.76021184627656,40.62438561938039,0.0 -111.7567190880324,40.62440855838263,0.0 -111.75670907601858,40.623521466194674,0.0 -111.75205212039263,40.62355188628899,0.0 -111.75201232317369,40.62000351236267,0.0 -111.75317650115096,40.61999592588621,0.0 -111.75316653755615,40.61910883229396,0.0 -111.75665902263326,40.619086003173756,0.0 -111.75664901329279,40.61819891015334,0.0 -111.75781315869875,40.618191277217825,0.0 -111.75782318343553,40.61907837000066,0.0 -111.75898734379163,40.61907072509439,0.0 -111.75897730365854,40.6181836325495,0.0 -111.7624697358541,40.61816062814792,0.0 -111.76245964998114,40.61727353618032,0.0 -111.76362377775392,40.61726584482036,0.0 -111.76361367693501,40.6163787529534,0.0 -111.76477778886338,40.61637105010084,0.0 -111.76476767309988,40.61548395833484,0.0 -111.76593176918394,40.615476243990415,0.0 -111.76592163847721,40.61458915232577,0.0 -111.76824979850518,40.614573688923414,0.0 -111.76823963746392,40.61368659760128,0.0 -111.77056776489759,40.61367108775683,0.0 -111.77055757352461,40.61278399677866,0.0 -111.77637780719964,40.6127450180916,0.0 -111.7763880755321,40.613632107856475,0.0 -111.77871619659162,40.61361643378092,0.0 -111.77872649616609,40.61450352291907,0.0 -111.78338279434884,40.61447203301914,0.0 -111.78339315595416,40.61535912103826,0.0 -111.78455724474176,40.61535121898967,0.0 -111.784567622202,40.616238306623956,0.0 -111.78573172592147,40.61623039259765,0.0 -111.78574211923798,40.617117479846705,0.0 -111.78690623788927,40.617109553841956,0.0 -111.78691664706344,40.617996640705414,0.0 -111.78575251301709,40.61800456695686,0.0 -111.78576290725879,40.61889165392814,0.0 -111.78459875735406,40.618899568693465,0.0 -111.78460913666193,40.61978665577219,0.0 -111.78344497089878,40.61979455905064,0.0 -111.78345533527144,40.62068164623647,0.0 -111.77530605427103,40.6207366423661,0.0 -111.77531631131939,40.62162373112482,0.0 -111.77298791040432,40.62163933918747,0.0 -111.77299813711176,40.622526428293156,0.0 -111.77183392057238,40.622534214965725,0.0 -111.77184413233553,40.623421304174954,0.0 -111.77067989994217,40.62342907935504,0.0 -111.7706900967597,40.624316168667455,0.0 -111.7695258485123,40.62432393235434,0.0 -111.76953603038281,40.62521102176959,0.0 -111.76837176628138,40.62521877396253,0.0 -111.7683819332035,40.626105863480234,0.0 -111.76256052891407,40.62614444961167,0.0 -111.76255043900015,40.625257358893,0.0 -111.7602219049393,40.62527271071563,0.0</coordinates>
                                </LinearRing>
                            </outerBoundaryIs>
                        </Polygon>
                        <Polygon>
                            <outerBoundaryIs>
                                <LinearRing>
                                    <coordinates>-111.75274972003335,40.685648070682696,0.0 -111.74925375957125,40.68567081202032,0.0 -111.74924382489114,40.68478372775115,0.0 -111.74691321326604,40.684798829369655,0.0 -111.7469033099229,40.68391174449188,0.0 -111.74573801889586,40.68391927742624,0.0 -111.74572813144033,40.68303219217537,0.0 -111.74456285541972,40.683039713115726,0.0 -111.74455298385038,40.6821526274921,0.0 -111.74338772283623,40.68216013643919,0.0 -111.74336801190611,40.6803859643085,0.0 -111.74453324203031,40.680378455828674,0.0 -111.74451350196821,40.67860428361039,0.0 -111.74567870076577,40.67859676383999,0.0 -111.74562928109451,40.6741613320365,0.0 -111.74679440224618,40.67415380167998,0.0 -111.74678450419299,40.67326671513742,0.0 -111.75261002613186,40.673228888192874,0.0 -111.75262000138017,40.674115973558365,0.0 -111.75495023792956,40.674100760018455,0.0 -111.75496024450126,40.67498784477182,0.0 -111.75729051014774,40.67497258373361,0.0 -111.75730054804554,40.67585966787334,0.0 -111.7642914268781,40.67581360117703,0.0 -111.76430155786805,40.67670068374454,0.0 -111.76546671820623,40.67669296457389,0.0 -111.76547686508873,40.67758004676239,0.0 -111.76664204041658,40.67757231559433,0.0 -111.76665220319305,40.678459397403444,0.0 -111.76781739351054,40.67845165423727,0.0 -111.7678275721823,40.67933873566661,0.0 -111.76899277748939,40.67933098050159,0.0 -111.76900297205785,40.68021806155079,0.0 -111.77016819235448,40.68021029438621,0.0 -111.77019882511797,40.68287153597565,0.0 -111.77136409129437,40.682863756326675,0.0 -111.77137431857106,40.68375083633669,0.0 -111.77020903694847,40.68375861622774,0.0 -111.77021924923368,40.68464569634098,0.0 -111.76788865373126,40.68466122132696,0.0 -111.76789883557602,40.685548301784394,0.0 -111.76090694552423,40.68559459593981,0.0 -111.76091703513217,40.686481677698815,0.0 -111.75858637061667,40.68649701547693,0.0 -111.7585964297756,40.68738409757432,0.0 -111.75393503357846,40.68741463294921,0.0 -111.75392503621637,40.686527549901776,0.0 -111.75275970150172,40.686535154105535,0.0 -111.75274972003335,40.685648070682696,0.0</coordinates>
                                </LinearRing>
                            </outerBoundaryIs>
                        </Polygon>
                        <Polygon>
                            <outerBoundaryIs>
                                <LinearRing>
                                    <coordinates>-111.75710970284709,40.7619138293854,0.0 -111.75827635186509,40.7619061696722,0.0 -111.75825618960216,40.7601320281849,0.0 -111.75942280715758,40.760124357156776,0.0 -111.75939252061627,40.75746314460014,0.0 -111.76055909120697,40.757455462497475,0.0 -111.76054898108906,40.75656839160647,0.0 -111.76171553572578,40.75656069795288,0.0 -111.761695285836,40.75478655623284,0.0 -111.76286180901661,40.75477885126869,0.0 -111.76282125264733,40.7512305671207,0.0 -111.7674870928396,40.75119963322196,0.0 -111.76749729325185,40.75208670350512,0.0 -111.77099671512526,40.75206337858595,0.0 -111.7710069624918,40.75295044800476,0.0 -111.7780058868943,40.752903478432415,0.0 -111.77799554652862,40.75201641047446,0.0 -111.77916201682105,40.75200854119841,0.0 -111.7791723726865,40.7528956089116,0.0 -111.78267182729236,40.75287192962012,0.0 -111.78268223012041,40.753758996457876,0.0 -111.78384872956352,40.75375107953818,0.0 -111.78385914835606,40.7546381459907,0.0 -111.78619217685129,40.754622276292274,0.0 -111.78620262711141,40.75550934211222,0.0 -111.78853568474788,40.75549342476342,0.0 -111.78854616647828,40.7563804899493,0.0 -111.79087925325172,40.75636452494728,0.0 -111.79088976645505,40.7572515894976,0.0 -111.78972320779917,40.757259578141834,0.0 -111.78974420460288,40.7590337073223,0.0 -111.78857761447124,40.75904168467283,0.0 -111.78859858213491,40.76081581379343,0.0 -111.78743196052532,40.7608237798488,0.0 -111.7874528990436,40.76259790890884,0.0 -111.7862862459539,40.76260586366762,0.0 -111.78630715532138,40.76437999266639,0.0 -111.78514047074943,40.76438793612712,0.0 -111.7851613509607,40.76616206506395,0.0 -111.78282791838348,40.766177917592756,0.0 -111.78283832816537,40.76706498234568,0.0 -111.78167159567002,40.76707289116559,0.0 -111.78168199040424,40.76795995602549,0.0 -111.78051524193432,40.76796785329699,0.0 -111.78052562161952,40.76885491826349,0.0 -111.779358857175,40.768862803985826,0.0 -111.77936922180974,40.76974986905862,0.0 -111.77703566051034,40.769765605608306,0.0 -111.77704599457964,40.77065267103153,0.0 -111.77471240041136,40.77066836088845,0.0 -111.77472270391242,40.771555426660655,0.0 -111.75955409562125,40.7716562637939,0.0 -111.75954399380886,40.77076919488577,0.0 -111.75721038600432,40.77078453087305,0.0 -111.75710970284709,40.7619138293854,0.0</coordinates>
                                </LinearRing>
                            </outerBoundaryIs>
                        </Polygon>
                        <Polygon>
                            <outerBoundaryIs>
                                <LinearRing>
                                    <coordinates>-111.54651065129904,40.11634061079216,0.0 -111.54650354897953,40.11545340332296,0.0 -111.54534797243473,40.115458850327975,0.0 -111.545333798771,40.11368443463736,0.0 -111.5441782519417,40.113689869774106,0.0 -111.54417118059546,40.11280266155305,0.0 -111.54301564846642,40.112808084992295,0.0 -111.54300859244725,40.111920876464545,0.0 -111.54185307501851,40.11192628820702,0.0 -111.54182491411898,40.108377452046646,0.0 -111.54298037150099,40.10837204097998,0.0 -111.54297331704694,40.10748483176545,0.0 -111.54412875910594,40.10747940934206,0.0 -111.54407928163873,40.101268942179274,0.0 -111.54638995471265,40.101258065133074,0.0 -111.54638285774799,40.10037085532857,0.0 -111.55331477936406,40.10033794866303,0.0 -111.55330759269067,40.09945073974859,0.0 -111.55446289684406,40.09944521514735,0.0 -111.55444849444801,40.0976707972513,0.0 -111.55675904178425,40.09765971417395,0.0 -111.5567518110617,40.09677250536588,0.0 -111.56252809876777,40.09674459691628,0.0 -111.56254271055495,40.098519012652154,0.0 -111.56369799713069,40.09851339604792,0.0 -111.56377122557811,40.10738546472777,0.0 -111.56261578894161,40.10739108308592,0.0 -111.56263040851,40.10916549552351,0.0 -111.56147494152903,40.10917110270629,0.0 -111.5614895323719,40.11094551494427,0.0 -111.56033403504439,40.11095111095022,0.0 -111.56034131593891,40.11183831703779,0.0 -111.55918580327594,40.111843901691145,0.0 -111.55920033600725,40.113618313802704,0.0 -111.55804479299496,40.113623887276745,0.0 -111.55805204482976,40.1145110933004,0.0 -111.55689648648125,40.114516655420026,0.0 -111.55690372362267,40.115403861479905,0.0 -111.55459257593266,40.11541495148011,0.0 -111.55459978336351,40.11630215774882,0.0 -111.55228860436264,40.11631320197859,0.0 -111.55229578208024,40.1172004084547,0.0 -111.54767336019596,40.11722235924927,0.0 -111.5476662425447,40.11633515208787,0.0 -111.54651065129904,40.11634061079216,0.0</coordinates>
                                </LinearRing>
                            </outerBoundaryIs>
                        </Polygon>
                        <Polygon>
                            <outerBoundaryIs>
                                <LinearRing>
                                    <coordinates>-111.47719943193584,40.12019590100997,0.0 -111.47142108257907,40.120219565693134,0.0 -111.47140882817544,40.11844513110419,0.0 -111.47025318752428,40.11844982915382,0.0 -111.4702409642439,40.11667539372308,0.0 -111.4690853533574,40.116680079949575,0.0 -111.46903659119803,40.109582331571964,0.0 -111.47019208196774,40.1095776465158,0.0 -111.4701615393548,40.105141550055336,0.0 -111.47131695480219,40.10513685420538,0.0 -111.47129858746358,40.10247519512373,0.0 -111.47245395761657,40.102470488189574,0.0 -111.47243554770573,40.09980882831487,0.0 -111.47359087256972,40.099804110298656,0.0 -111.47357857064922,40.09802966999129,0.0 -111.47473386523252,40.098024940747486,0.0 -111.4747276996787,40.09713772053581,0.0 -111.47588297898558,40.0971329799178,0.0 -111.47587061869474,40.09535853937916,0.0 -111.4770258677237,40.09535378753607,0.0 -111.47701967298867,40.09446656720945,0.0 -111.48048537342139,40.09445224300085,0.0 -111.48049161315895,40.095339462880204,0.0 -111.48280210873274,40.095329855504154,0.0 -111.48280837875006,40.096217074946395,0.0 -111.48511890321411,40.096207421184644,0.0 -111.48512520351385,40.0970946401883,0.0 -111.48628048032904,40.09708979587404,0.0 -111.48628679591104,40.09797701458929,0.0 -111.48744208744878,40.09797215860164,0.0 -111.4874484183144,40.098859377028134,0.0 -111.48860372457467,40.098854509366376,0.0 -111.48861007072522,40.099741727503705,0.0 -111.489765391708,40.09973684816714,0.0 -111.48977811486385,40.10151128372565,0.0 -111.49093346557447,40.101506392560836,0.0 -111.49095897530135,40.10505526142097,0.0 -111.48980356456262,40.10506015319668,0.0 -111.48981629110578,40.106834587109226,0.0 -111.48866085006668,40.10683946766471,0.0 -111.48869259630881,40.111275550807555,0.0 -111.48984811240477,40.11127066949011,0.0 -111.48986720857289,40.11393231727259,0.0 -111.49102276942848,40.11392742396934,0.0 -111.49104191318665,40.116589070058936,0.0 -111.489886307283,40.11659396382052,0.0 -111.48989267408466,40.11748117906215,0.0 -111.48873705288115,40.11748606144651,0.0 -111.48874340494729,40.11837327670338,0.0 -111.48758776844389,40.11837814770976,0.0 -111.48759410577317,40.11926536298156,0.0 -111.48528280188604,40.11927507070622,0.0 -111.48528910945772,40.120162286143916,0.0 -111.47951076975673,40.120186354418344,0.0 -111.47950453728228,40.119299138229266,0.0 -111.47719322950039,40.119308684522856,0.0 -111.47719943193584,40.12019590100997,0.0</coordinates>
                                </LinearRing>
                            </outerBoundaryIs>
                        </Polygon>
                        <Polygon>
                            <outerBoundaryIs>
                                <LinearRing>
                                    <coordinates>-111.22301922213741,40.14314538973496,0.0 -111.22070704315192,40.14314981961221,0.0 -111.22070417214043,40.14226258240714,0.0 -111.21839202272209,40.14226696598154,0.0 -111.21838918191348,40.141379728503125,0.0 -111.21607706206638,40.141384065777544,0.0 -111.216074251458,40.14049682802719,0.0 -111.21376216118615,40.14050111900448,0.0 -111.21375938077536,40.13961388098366,0.0 -111.21260335049047,40.139616009095214,0.0 -111.21260058523882,40.13872877087144,0.0 -111.21144456986698,40.138730887376845,0.0 -111.21143906980139,40.13695641038759,0.0 -111.21028308437708,40.13695851522185,0.0 -111.21026394321366,40.13074784099938,0.0 -111.20910806289048,40.130749933837244,0.0 -111.20909175107532,40.12542649307358,0.0 -111.21024754123378,40.12542440062769,0.0 -111.21024207487751,40.123649919411754,0.0 -111.21139783486512,40.12364781556292,0.0 -111.21139508684512,40.12276057481588,0.0 -111.21255083168703,40.12275845949948,0.0 -111.21254806876586,40.12187121868195,0.0 -111.21370379846205,40.121869091898716,0.0 -111.21370102064104,40.1209818510111,0.0 -111.21716816392014,40.12097540166547,0.0 -111.21716534115711,40.12008816084269,0.0 -111.2206324382437,40.1200816079091,0.0 -111.22062957054273,40.119194367154385,0.0 -111.22178525429692,40.11919215984783,0.0 -111.22178237170279,40.11830491902554,0.0 -111.22409370878603,40.11830046995602,0.0 -111.22409079628038,40.1174132291361,0.0 -111.22524644960876,40.11741098737422,0.0 -111.2252435222133,40.116523746487765,0.0 -111.22755479844169,40.116519228511955,0.0 -111.22755775587521,40.11740646925735,0.0 -111.23218036682802,40.11739729465126,0.0 -111.23218338447147,40.11828453497368,0.0 -111.2344947191865,40.11827987833914,0.0 -111.2344977670045,40.11916711837963,0.0 -111.23565344917981,40.11916477269207,0.0 -111.23565651215404,40.12005201252281,0.0 -111.23681220921439,40.12004965522993,0.0 -111.23681528734618,40.12093689485053,0.0 -111.23912671109977,40.12093214552025,0.0 -111.23912981941272,40.121819384856025,0.0 -111.24144127265919,40.12181458924631,0.0 -111.24143813430169,40.120927350060256,0.0 -111.2437495569466,40.12092250847056,0.0 -111.24374638868514,40.12003526929911,0.0 -111.24605778072451,40.120030381732334,0.0 -111.2460545825618,40.11914314257692,0.0 -111.24952162449217,40.119135724968004,0.0 -111.24952486771761,40.12002296389184,0.0 -111.25068056309503,40.12002046821427,0.0 -111.25068708002141,40.121794945496404,0.0 -111.2495313546002,40.12179744132981,0.0 -111.24954108600356,40.12445915646254,0.0 -111.24838531536774,40.12446164099588,0.0 -111.24838854443186,40.125348879177906,0.0 -111.24954433009256,40.12534639456699,0.0 -111.24955406322333,40.12800810806092,0.0 -111.25070989381874,40.12800561168202,0.0 -111.25071315351116,40.12889284916225,0.0 -111.2495573078882,40.128895345619085,0.0 -111.2495670427467,40.13155705747418,0.0 -111.24841115189307,40.131559542628125,0.0 -111.24841761245763,40.133334016670496,0.0 -111.2472616913995,40.133336490442154,0.0 -111.24726490686523,40.134223727335716,0.0 -111.24610897063285,40.1342261896468,0.0 -111.24611217120902,40.135113426480665,0.0 -111.24380026825433,40.135118316642064,0.0 -111.24380660969977,40.13689279020538,0.0 -111.24265062794451,40.1368952181304,0.0 -111.24265378384403,40.137782454783,0.0 -111.24149778691446,40.13778487124455,0.0 -111.2415040690631,40.13955934429095,0.0 -111.24034804192357,40.139561749363374,0.0 -111.2403511681707,40.14044898575681,0.0 -111.23919512585617,40.14045137936396,0.0 -111.23919823720507,40.14133861569556,0.0 -111.23804217971549,40.14134099783673,0.0 -111.23804527616485,40.1422282341061,0.0 -111.23688920350023,40.14223060478054,0.0 -111.2368922850487,40.14311784098739,0.0 -111.23573619720901,40.14312020019439,0.0 -111.23573926385525,40.144007436338306,0.0 -111.23458316084049,40.14400978407715,0.0 -111.23458621258318,40.1448970201578,0.0 -111.22880562029293,40.14490858608577,0.0 -111.22880264374862,40.1440213496441,0.0 -111.22302212335445,40.14403262666522,0.0 -111.22301922213741,40.14314538973496,0.0</coordinates>
                                </LinearRing>
                            </outerBoundaryIs>
                        </Polygon>
                        <Polygon>
                            <outerBoundaryIs>
                                <LinearRing>
                                    <coordinates>-111.5737982079249,40.200495845252306,0.0 -111.57373838402768,40.19339831824573,0.0 -111.57489527675114,40.193392578807575,0.0 -111.57486531247768,40.18984381271948,0.0 -111.57602214457799,40.18983806243878,0.0 -111.576007134295,40.188063678928316,0.0 -111.57832073721302,40.18805214441014,0.0 -111.57831320243197,40.187164952808516,0.0 -111.57946998832004,40.187159168392704,0.0 -111.57946243880454,40.18627197683402,0.0 -111.58640305665894,40.18623702871662,0.0 -111.5864106965876,40.18712421918468,0.0 -111.58872426330423,40.187112476986755,0.0 -111.58873193371092,40.187999666950795,0.0 -111.59220232643897,40.18798196641878,0.0 -111.5922100423964,40.18886915569285,0.0 -111.59336685435838,40.18886323221458,0.0 -111.59337458572905,40.18975042116619,0.0 -111.59453141241856,40.18974448594432,0.0 -111.59454690633291,40.19151886306422,0.0 -111.59570376282194,40.19151291591246,0.0 -111.59573481507233,40.19506166775832,0.0 -111.5945778982885,40.195067615652434,0.0 -111.59458564713728,40.19595480345542,0.0 -111.58648711452896,40.195996116297565,0.0 -111.58649475818895,40.19688330525207,0.0 -111.58533780852046,40.19688916102414,0.0 -111.58534543744292,40.197776350023744,0.0 -111.58418847235893,40.19778219441646,0.0 -111.58419608654253,40.19866938346087,0.0 -111.583039106043,40.19867521647353,0.0 -111.58304670548638,40.19956240556235,0.0 -111.5807327133195,40.19957403726327,0.0 -111.58074028294241,40.20046122657745,0.0 -111.57726924693678,40.200478587949355,0.0 -111.57727677165686,40.20136577766771,0.0 -111.57496271582252,40.201377294458936,0.0 -111.57495522126177,40.20049010438123,0.0 -111.5737982079249,40.200495845252306,0.0</coordinates>
                                </LinearRing>
                            </outerBoundaryIs>
                        </Polygon>
                        <Polygon>
                            <outerBoundaryIs>
                                <LinearRing>
                                    <coordinates>-111.63518114108443,40.33059603623535,0.0 -111.6328627021161,40.33060874397143,0.0 -111.63285441511508,40.3297215832397,0.0 -111.63169521025522,40.32972791948641,0.0 -111.63168693879857,40.32884075841921,0.0 -111.63052774874748,40.32884708285319,0.0 -111.63051949283387,40.327959921450905,0.0 -111.6293603175916,40.3279662340729,0.0 -111.62933559757407,40.32530474844826,0.0 -111.6281764674885,40.325311048866084,0.0 -111.62811890645442,40.31910090954096,0.0 -111.6292779303437,40.31909461049813,0.0 -111.62925322130543,40.31643312073696,0.0 -111.63041219932629,40.31642681067322,0.0 -111.63038744808426,40.3137653202614,0.0 -111.63154638024217,40.313758999178894,0.0 -111.63153811539702,40.312871835629615,0.0 -111.63385594828252,40.312859159032904,0.0 -111.63384765347764,40.311971995741025,0.0 -111.63500655420461,40.311965640227925,0.0 -111.63499824460547,40.31107847699632,0.0 -111.63615712980061,40.31107211007352,0.0 -111.63613215773375,40.30841062014688,0.0 -111.63729099707508,40.308404242212866,0.0 -111.63727432055991,40.30662991530334,0.0 -111.63843312921156,40.30662352616103,0.0 -111.6384247763509,40.305736362698646,0.0 -111.64074236222324,40.30572354999548,0.0 -111.64073397941775,40.30483638679471,0.0 -111.6430515334848,40.304823528069896,0.0 -111.64304312073723,40.30393636513218,0.0 -111.64536064299514,40.3039234603887,0.0 -111.64535220030827,40.30303629771548,0.0 -111.64651094571853,40.30302982813815,0.0 -111.64650248825086,40.302142665528706,0.0 -111.65113740550541,40.30211667198496,0.0 -111.65114592359612,40.30300383378381,0.0 -111.66041586114632,40.30295128806125,0.0 -111.66042450086593,40.30383844808354,0.0 -111.66274201174181,40.30382519519559,0.0 -111.66275068215897,40.3047123546666,0.0 -111.66390945217643,40.30470571060836,0.0 -111.66391813813628,40.30559286973416,0.0 -111.66507692292545,40.30558621386331,0.0 -111.66508562442932,40.30647337264353,0.0 -111.66624442399015,40.306466704959334,0.0 -111.66626185847586,40.30824102168983,0.0 -111.66742068796782,40.3082343419833,0.0 -111.66744688808328,40.310895815418846,0.0 -111.6686057626698,40.31088912347984,0.0 -111.66866701600173,40.31709922187028,0.0 -111.66750803526585,40.3171059152701,0.0 -111.66751677212993,40.3179930718395,0.0 -111.66635777583902,40.317999753837555,0.0 -111.66636649792365,40.31888691047726,0.0 -111.66520748607769,40.318893581072814,0.0 -111.66521619338151,40.31978073778247,0.0 -111.66173911002063,40.319800680525844,0.0 -111.66174777220431,40.32068783771927,0.0 -111.6559525497373,40.32072084442894,0.0 -111.6559611364571,40.321608002513514,0.0 -111.65480207564687,40.321614569225254,0.0 -111.65481921988925,40.32338888538992,0.0 -111.65366012835658,40.3233954408984,0.0 -111.6537114791831,40.32871838730685,0.0 -111.65255229622905,40.32872493242688,0.0 -111.65256084085507,40.3296120898827,0.0 -111.6514016423455,40.329618623591486,0.0 -111.65141017217454,40.33050578111302,0.0 -111.64445488212307,40.3305447406581,0.0 -111.64446332126708,40.331431899256366,0.0 -111.64098562563866,40.33145122281879,0.0 -111.64099401962332,40.33233838188159,0.0 -111.63867552364911,40.33235120657563,0.0 -111.6386671600207,40.331464047112995,0.0 -111.63518945880875,40.33148319643298,0.0 -111.63518114108443,40.33059603623535,0.0</coordinates>
                                </LinearRing>
                            </outerBoundaryIs>
                        </Polygon>
                        <Polygon>
                            <outerBoundaryIs>
                                <LinearRing>
                                    <coordinates>-111.37745440194136,40.47278905435054,0.0 -111.3739692799611,40.47280038282389,0.0 -111.37396435832378,40.471913208675325,0.0 -111.3669942001995,40.47193554968739,0.0 -111.36698937050413,40.47104837470572,0.0 -111.36582769201497,40.47105205722993,0.0 -111.36582287782092,40.47016488199646,0.0 -111.36349955077415,40.4701722117921,0.0 -111.3634947673659,40.46928503619318,0.0 -111.36233311880902,40.46928868346568,0.0 -111.36232358320038,40.46751433162938,0.0 -111.36116196500123,40.46751796700126,0.0 -111.36115721279879,40.46663079076425,0.0 -111.3599956096722,40.46663441434983,0.0 -111.35998613646694,40.46486006123884,0.0 -111.35882456369546,40.46486367292635,0.0 -111.35881512189565,40.46308931904206,0.0 -111.35765357947727,40.46309291883295,0.0 -111.35764887417274,40.462205741573065,0.0 -111.35648734682565,40.46220932958059,0.0 -111.35648265701016,40.46132215207186,0.0 -111.35532114473436,40.461325728296735,0.0 -111.35531179628661,40.45955137264529,0.0 -111.35415031436064,40.45955493697718,0.0 -111.3541363390791,40.45689340213905,0.0 -111.3529749027774,40.45689695446873,0.0 -111.35296561750955,40.4551225970034,0.0 -111.35412702326035,40.45511904489507,0.0 -111.35411770826998,40.45334468710294,0.0 -111.35527908326553,40.453341123548334,0.0 -111.35527441080791,40.452453944557725,0.0 -111.35643577032265,40.452450369446915,0.0 -111.35642639548657,40.45067601127737,0.0 -111.35758772424883,40.45067242472284,0.0 -111.35751721055013,40.43736472265449,0.0 -111.35867831010972,40.437361126114816,0.0 -111.35867359560746,40.436473944992684,0.0 -111.35983467969665,40.4364703369044,0.0 -111.35982995014385,40.43558315575765,0.0 -111.36099101876266,40.43557953612149,0.0 -111.36099576357557,40.436466717155454,0.0 -111.36447901394392,40.436455787944666,0.0 -111.36448380475008,40.43734296850102,0.0 -111.36680600112,40.4373356238284,0.0 -111.36681082266199,40.438222804018835,0.0 -111.36797193578717,40.43821911407607,0.0 -111.36798161003911,40.43999347381578,0.0 -111.36914275347408,40.43998977198097,0.0 -111.36914760618606,40.44087695152988,0.0 -111.37030876466869,40.44087323791727,0.0 -111.37031363286053,40.44176041721341,0.0 -111.37147480639082,40.4417566918223,0.0 -111.37147969006386,40.44264387086528,0.0 -111.37264087864179,40.44264013369494,0.0 -111.3726457777974,40.4435273124844,0.0 -111.37380698142293,40.4435235635341,0.0 -111.37381189606246,40.44441074206965,0.0 -111.37497311473558,40.44440698133867,0.0 -111.37497804486041,40.44529415961997,0.0 -111.3773005120819,40.445286602931006,0.0 -111.37730547296077,40.44617378083974,0.0 -111.37962796983486,40.44616617725704,0.0 -111.37963296147048,40.44705335479176,0.0 -111.38079422484303,40.44704953538458,0.0 -111.38079923196933,40.4479367126632,0.0 -111.38196051038801,40.44793288147172,0.0 -111.38196553300637,40.44882005849386,0.0 -111.38661070551879,40.44880461659414,0.0 -111.38661578944073,40.44969179299804,0.0 -111.38777709727549,40.44968790323786,0.0 -111.38778219669419,40.45057507938344,0.0 -111.38894351957293,40.450571177835755,0.0 -111.388953749634,40.4523455294724,0.0 -111.39011510282876,40.45234161601452,0.0 -111.39012023347318,40.45322879150522,0.0 -111.39128160171254,40.453224866258,0.0 -111.39129189423323,40.454999216583374,0.0 -111.39245329279125,40.45499527942342,0.0 -111.3924584546696,40.45588245425773,0.0 -111.39361986827284,40.455878505306636,0.0 -111.3936250456561,40.456765679880775,0.0 -111.39478647430454,40.45676171913779,0.0 -111.39479166719411,40.45764889345137,0.0 -111.39595311088773,40.45764492091579,0.0 -111.39595831928494,40.45853209496843,0.0 -111.39711977802372,40.45852811063954,0.0 -111.39713545043927,40.46118963160218,0.0 -111.39829695478004,40.461185635230215,0.0 -111.39831267512669,40.46384715458487,0.0 -111.39715112494555,40.46385115133038,0.0 -111.39716157577809,40.465625497130056,0.0 -111.39599999480095,40.465629482452165,0.0 -111.39601562694193,40.468291000495455,0.0 -111.39485399988247,40.468294974516496,0.0 -111.39486439189788,40.47006931944051,0.0 -111.39370273403686,40.47007328203489,0.0 -111.3937079151049,40.47096045441461,0.0 -111.39254624172722,40.470964405457785,0.0 -111.39255140773867,40.47185157782344,0.0 -111.39022802972089,40.47185944513089,0.0 -111.39023316538675,40.472746617604486,0.0 -111.38674805078594,40.47275833136775,0.0 -111.38675314081506,40.47364550406913,0.0 -111.38442969937155,40.47365325510899,0.0 -111.38443475904887,40.4745404279147,0.0 -111.37978781231097,40.47455579036331,0.0 -111.3797828137901,40.473668617079014,0.0 -111.37745936966303,40.47367622800908,0.0 -111.37745440194136,40.47278905435054,0.0</coordinates>
                                </LinearRing>
                            </outerBoundaryIs>
                        </Polygon>
                    </MultiGeometry>
                </Placemark>
            </Folder>
            <Folder>
                <Style>
                    <LineStyle>
                        <color>b400ffff</color>
                        <colorMode>normal</colorMode>
                        <width>1</width>
                    </LineStyle>
                    <PolyStyle>
                        <color>5000ffff</color>
                        <colorMode>normal</colorMode>
                        <fill>1</fill>
                        <outline>1</outline>
                    </PolyStyle>
                </Style>
                <name>30-60 min</name>
                <Placemark>
                    <name>30-60 min</name>
                    <styleUrl>#343</styleUrl>
                    <MultiGeometry>
                        <Polygon>
                            <outerBoundaryIs>
                                <LinearRing>
                                    <coordinates>-111.68038184879578,40.444787279598344,0.0 -111.68037290359763,40.443900144889426,0.0 -111.67805059738434,40.44391378974204,0.0 -111.6780416831093,40.44302665446978,0.0 -111.6768805446706,40.44303345919126,0.0 -111.67687164605391,40.44214632356879,0.0 -111.67222714939811,40.44217342499499,0.0 -111.67221831222281,40.441286288389904,0.0 -111.66989609205787,40.44129976871583,0.0 -111.66988728579707,40.440412631552555,0.0 -111.66756509458781,40.44042606481648,0.0 -111.66755631923887,40.439538927096486,0.0 -111.66639523830892,40.43954562602895,0.0 -111.66637771929975,40.437771349757085,0.0 -111.66521666849879,40.43777803661266,0.0 -111.66514673008304,40.430680924332854,0.0 -111.66630765883743,40.430674239143926,0.0 -111.66629890303142,40.42978709969566,0.0 -111.6674598161438,40.42978040305887,0.0 -111.667442275196,40.42800612416524,0.0 -111.66860315741505,40.42799941629035,0.0 -111.66858558752595,40.42622513726217,0.0 -111.67090728979043,40.42621168738436,0.0 -111.67089847493303,40.42532454808215,0.0 -111.67438097964136,40.42530428648678,0.0 -111.67437211943,40.424417147677765,0.0 -111.67785457484793,40.42439678182852,0.0 -111.67784566928688,40.42350964351598,0.0 -111.67900647172085,40.42350283180405,0.0 -111.67898863129274,40.42172855518888,0.0 -111.68014940283662,40.421721732248685,0.0 -111.68014046797157,40.42083459394644,0.0 -111.68130122387254,40.42082775956644,0.0 -111.68128332484443,40.419053482973275,0.0 -111.68244404985815,40.41904663736754,0.0 -111.68242612193454,40.4172723606482,0.0 -111.68126542740752,40.4172792058273,0.0 -111.68122963730661,40.41373064987698,0.0 -111.68006900334717,40.41373748255339,0.0 -111.67999756413073,40.40664036231621,0.0 -111.681158076192,40.40663353134303,0.0 -111.68113124733361,40.40397210961267,0.0 -111.68229171329679,40.40396526763262,0.0 -111.68228275590675,40.40307812699269,0.0 -111.68344320623964,40.40307127358074,0.0 -111.68343423401625,40.402184133016185,0.0 -111.68575510302206,40.40217039168523,0.0 -111.68574610073591,40.40128325141073,0.0 -111.68806693767976,40.40126946393058,0.0 -111.68805790533362,40.40038232394756,0.0 -111.68921830797366,40.40037541295636,0.0 -111.6892092607996,40.39948827305051,0.0 -111.69501119180819,40.399453544517655,0.0 -111.69500206889317,40.398566405555876,0.0 -111.69732280800592,40.39855243307334,0.0 -111.697331961378,40.39943957159964,0.0 -111.698492345553,40.39943256767537,0.0 -111.69848317695241,40.398545429367324,0.0 -111.70080391362224,40.398531387025905,0.0 -111.7008131126798,40.39941852489629,0.0 -111.70313387817113,40.399404435543296,0.0 -111.70314310809577,40.40029157283629,0.0 -111.70546390240439,40.40027743646891,0.0 -111.70547316319876,40.40116457318305,0.0 -111.70779398632044,40.40115038979847,0.0 -111.7078032779872,40.40203752593228,0.0 -111.70896370415926,40.40203041655222,0.0 -111.70897301147004,40.402917552326144,0.0 -111.71013345245946,40.40291043107968,0.0 -111.7101427754156,40.40379756649335,0.0 -111.71130323122235,40.403790433379754,0.0 -111.71132190884315,40.40556470334748,0.0 -111.71248239470015,40.40555755814336,0.0 -111.71249174936686,40.40644469269704,0.0 -111.71365225004173,40.406437535623986,0.0 -111.71366162035858,40.40732466981629,0.0 -111.71482213585129,40.40731750087357,0.0 -111.71483152181962,40.40820463470411,0.0 -111.71715258202276,40.408190261430946,0.0 -111.71716199887953,40.40907739467521,0.0 -111.71948308787968,40.40906297436489,0.0 -111.71954923093445,40.41527290005437,0.0 -111.72070988147284,40.41526567085148,0.0 -111.72071934740177,40.41615280231402,0.0 -111.72188001276038,40.416145561235695,0.0 -111.72189897636446,40.417919823294305,0.0 -111.72305967178553,40.41791257011378,0.0 -111.72308816608378,40.4205739614856,0.0 -111.72424890681357,40.42056669597502,0.0 -111.72425842100239,40.42145382592906,0.0 -111.72541917655423,40.42144654853978,0.0 -111.7254287064116,40.422333678128645,0.0 -111.72658947678546,40.422326388859915,0.0 -111.72659902231277,40.42321351808322,0.0 -111.72775980750858,40.42320621693433,0.0 -111.72776936870716,40.42409334579169,0.0 -111.72893016872489,40.42408603276193,0.0 -111.72894932289302,40.425860289605595,0.0 -111.7301101529809,40.42585296446599,0.0 -111.73014852742605,40.42940147557896,0.0 -111.72898763633835,40.42940880163164,0.0 -111.72900679561589,40.43118305681401,0.0 -111.72784587359834,40.431190371666986,0.0 -111.72785543862288,40.432077499278435,0.0 -111.72669450092708,40.43208480270271,0.0 -111.72670405112312,40.4329719304033,0.0 -111.72438214395109,40.43298650273598,0.0 -111.72439166406281,40.433873630752174,0.0 -111.72323069458719,40.433880899659464,0.0 -111.72324019986698,40.43476802776374,0.0 -111.72091822913842,40.434782531057984,0.0 -111.72092770432907,40.435669659475764,0.0 -111.71976670307676,40.43567689386161,0.0 -111.71977616343207,40.43656402236639,0.0 -111.7186151465026,40.436571245319115,0.0 -111.71862459202123,40.437458373910545,0.0 -111.71746355941458,40.43746558542943,0.0 -111.71747299009517,40.43835271410717,0.0 -111.71515089310886,40.43836710261646,0.0 -111.71516029369134,40.439254231604124,0.0 -111.71283816451601,40.43926857392306,0.0 -111.71284753499762,40.44015570321925,0.0 -111.71168645452535,40.440162857112064,0.0 -111.71169581016345,40.44104998649277,0.0 -111.71053471401514,40.44105712894806,0.0 -111.71054405480837,40.44194425841295,0.0 -111.70938294298398,40.44195138942999,0.0 -111.70939226893098,40.4428385189787,0.0 -111.70707001351603,40.44285274647355,0.0 -111.70707930935323,40.44373987632721,0.0 -111.70243473252053,40.443768192264535,0.0 -111.7024439677192,40.444655322862104,0.0 -111.69896048499228,40.444676438025986,0.0 -111.69896967481046,40.445563569143125,0.0 -111.68735788662943,40.44563319715895,0.0 -111.68734884944962,40.44474606387242,0.0 -111.68038184879578,40.444787279598344,0.0</coordinates>
                                </LinearRing>
                            </outerBoundaryIs>
                        </Polygon>
                        <Polygon>
                            <outerBoundaryIs>
                                <LinearRing>
                                    <coordinates>-111.8126712272305,40.533537774628044,0.0 -111.81034589917122,40.53355410670966,0.0 -111.81033521197595,40.53266701190617,0.0 -111.80917256256254,40.53267516014693,0.0 -111.80916189117163,40.53178806495074,0.0 -111.80683662157936,40.531804325834344,0.0 -111.80682598131976,40.530917229992816,0.0 -111.80566336114168,40.53092534263673,0.0 -111.80565273668304,40.53003824640363,0.0 -111.80332752556521,40.530054436097764,0.0 -111.80331693223319,40.529167339221566,0.0 -111.80215434129417,40.52917541627288,0.0 -111.80214376375973,40.528288319006236,0.0 -111.80098118767661,40.52829638411057,0.0 -111.80093894354229,40.524747992650305,0.0 -111.8021014583266,40.52473992855055,0.0 -111.80206973419095,40.5220786342502,0.0 -111.8009072653736,40.52208669759659,0.0 -111.80089670692334,40.52119959896755,0.0 -111.79973425295732,40.52120765037028,0.0 -111.79972371029699,40.520320551351595,0.0 -111.7973988315995,40.520336618579,0.0 -111.79738832004738,40.51944951892106,0.0 -111.79622589531664,40.519457534746785,0.0 -111.79621539955104,40.518570434700315,0.0 -111.79505298967251,40.5185784385849,0.0 -111.7950110725474,40.51503003601329,0.0 -111.79617342115662,40.51502203312572,0.0 -111.7961629277249,40.51413493238488,0.0 -111.79732526055179,40.514126918056846,0.0 -111.79731475227184,40.51323981742673,0.0 -111.79847706931648,40.51323179165898,0.0 -111.79843497961727,40.50968338874956,0.0 -111.79727272382543,40.50969141351756,0.0 -111.79726221788205,40.50880431219307,0.0 -111.79609997693446,40.50881232502364,0.0 -111.79608948676915,40.50792522331074,0.0 -111.79376503409668,40.507941213411335,0.0 -111.79375457501828,40.50705411106156,0.0 -111.79259236329416,40.50706208833266,0.0 -111.79258191999047,40.50617498559558,0.0 -111.79141972311146,40.50618295093177,0.0 -111.79140929558109,40.50529584780777,0.0 -111.79024711354721,40.505303801209784,0.0 -111.79023670178881,40.504416697699234,0.0 -111.78907453460012,40.504424639167794,0.0 -111.78905374308692,40.50265043123554,0.0 -111.78789160605035,40.502658360524386,0.0 -111.78788122629348,40.501771256103055,0.0 -111.7890433480238,40.50176332706117,0.0 -111.78902255928443,40.49998911829597,0.0 -111.79018464994208,40.49998117806406,0.0 -111.79017424096162,40.49909407372054,0.0 -111.7913363158522,40.49908612205236,0.0 -111.79132589203117,40.49819901781769,0.0 -111.79365000981406,40.49818307992708,0.0 -111.7936395558511,40.49729597604998,0.0 -111.79712568312875,40.49727198233773,0.0 -111.79711518372464,40.4963848790691,0.0 -111.79943923563896,40.49636882534713,0.0 -111.79942870609923,40.49548172243966,0.0 -111.80059071605308,40.495473678305686,0.0 -111.80058017168105,40.49458657550989,0.0 -111.80174216586543,40.494578519944824,0.0 -111.80173160666246,40.493691417261076,0.0 -111.80754149402802,40.493650965471836,0.0 -111.80753085879911,40.49276386390914,0.0 -111.80869281955701,40.492755738760785,0.0 -111.8086821695027,40.491868637312244,0.0 -111.80984411448864,40.49186050073652,0.0 -111.8098334496103,40.49097339940249,0.0 -111.81215730756345,40.49095709171773,0.0 -111.81214661256548,40.49006999075272,0.0 -111.81679426157154,40.490037236243175,0.0 -111.81680501775695,40.49092433618794,0.0 -111.82029079538192,40.49089964690078,0.0 -111.82030159793801,40.49178674593754,0.0 -111.82611129418315,40.4917453622381,0.0 -111.82612217370982,40.49263245984684,0.0 -111.83076998319329,40.49259914160531,0.0 -111.83078092439824,40.49348623803725,0.0 -111.83659075179267,40.49344432611796,0.0 -111.83660176998008,40.49433142110537,0.0 -111.83776374929086,40.49432300341678,0.0 -111.83778581773595,40.496097192449994,0.0 -111.83894782715628,40.496088762555125,0.0 -111.838958877416,40.49697585660051,0.0 -111.84012090164603,40.496967414760825,0.0 -111.84014303424406,40.49874160190839,0.0 -111.84130508858614,40.498733147859845,0.0 -111.8413161709265,40.499620240961654,0.0 -111.84247824007885,40.499611774966475,0.0 -111.84248933821583,40.50049886766549,0.0 -111.84365142217837,40.500490389722955,0.0 -111.84366253611334,40.50137748201879,0.0 -111.84482463488604,40.50136899212818,0.0 -111.8448691567934,40.50491735886237,0.0 -111.84603131629544,40.50490885622855,0.0 -111.8461205063557,40.512005580899284,0.0 -111.8449582243724,40.51201408565183,0.0 -111.84500277004722,40.51556244570698,0.0 -111.84384042631159,40.51557093982927,0.0 -111.8438849186441,40.519119298716156,0.0 -111.84272251314569,40.51912778220534,0.0 -111.8427669521156,40.522676139922694,0.0 -111.84160448484404,40.52268461277595,0.0 -111.8416266766504,40.52445879132749,0.0 -111.84046417824167,40.52446725301497,0.0 -111.84048634137586,40.526241431536995,0.0 -111.83932381182781,40.52624988205726,0.0 -111.83933487881005,40.52713697137273,0.0 -111.83817233344546,40.527145410461536,0.0 -111.83818338559502,40.528032499900675,0.0 -111.83702082441387,40.528040927557285,0.0 -111.83704289953583,40.529815106543126,0.0 -111.83588030721172,40.52982352302889,0.0 -111.83589133018211,40.53071061257523,0.0 -111.83472872204061,40.53071901762695,0.0 -111.83473973017358,40.53160610729592,0.0 -111.83241448176678,40.531622882833325,0.0 -111.83242545973246,40.53250997288559,0.0 -111.8301001787154,40.532526702157796,0.0 -111.83011112651101,40.53341379259193,0.0 -111.82778581288758,40.533430475595935,0.0 -111.82779673051033,40.53431756641052,0.0 -111.81616998006393,40.53440028216471,0.0 -111.81618074486472,40.535287375416026,0.0 -111.81501805184436,40.53529558290921,0.0 -111.81500730237447,40.53440848940231,0.0 -111.81268194556175,40.53442486878399,0.0 -111.8126712272305,40.533537774628044,0.0</coordinates>
                                </LinearRing>
                            </outerBoundaryIs>
                        </Polygon>
                        <Polygon>
                            <outerBoundaryIs>
                                <LinearRing>
                                    <coordinates>-111.79002250785136,40.58515051255913,0.0 -111.7888589443558,40.58515846484362,0.0 -111.78884852156757,40.58427137333537,0.0 -111.78768497297791,40.58427931365372,0.0 -111.78767456602249,40.58339222175941,0.0 -111.78534749819269,40.58340806674707,0.0 -111.78533712243703,40.58252097422059,0.0 -111.78184656333657,40.58254465307804,0.0 -111.78185689298695,40.583431746341674,0.0 -111.77254859226399,40.5834943763218,0.0 -111.77255879942017,40.58438147139638,0.0 -111.76906813302826,40.58440476501099,0.0 -111.76905797198015,40.58351766921124,0.0 -111.76673088952916,40.583533139212065,0.0 -111.76671063026288,40.581758946233045,0.0 -111.76554711909773,40.58176666317527,0.0 -111.76553700550808,40.58087956623737,0.0 -111.76321001256326,40.58089496448921,0.0 -111.76319993015711,40.58000786693317,0.0 -111.76087296615133,40.580023217837486,0.0 -111.76086291492601,40.57913611966483,0.0 -111.75271863441675,40.579189477080504,0.0 -111.75270869119734,40.57830237710796,0.0 -111.74340103843657,40.578362652127325,0.0 -111.74339121857966,40.5774755501396,0.0 -111.74106433173651,40.577490501263924,0.0 -111.74105454304542,40.5766033986721,0.0 -111.73989111433463,40.5766108564278,0.0 -111.73988134144285,40.57572375346516,0.0 -111.73755451344503,40.57573863336576,0.0 -111.73754477171435,40.57485152980127,0.0 -111.73521797270901,40.57486636237808,0.0 -111.73520826213678,40.57397925821319,0.0 -111.73171810647752,40.57400141852474,0.0 -111.73170844242294,40.57311431353134,0.0 -111.7282183289794,40.57313636772275,0.0 -111.72820871143855,40.57224926190415,0.0 -111.72588199772464,40.572263905669985,0.0 -111.72587241133296,40.57137679925693,0.0 -111.72470906919648,40.5713841033412,0.0 -111.7246899284119,40.56960988964468,0.0 -111.72817986138342,40.56958794361708,0.0 -111.72817024555413,40.56870083724428,0.0 -111.73515000777586,40.56865663031353,0.0 -111.73514030022758,40.56776952517853,0.0 -111.74328322898626,40.56771741912489,0.0 -111.74327341437107,40.56683031547359,0.0 -111.75955899246647,40.56672438498235,0.0 -111.75954896330309,40.56583728449052,0.0 -111.7711813120893,40.56576021685842,0.0 -111.7711914948106,40.566647314950735,0.0 -111.77468123671024,40.566623965566855,0.0 -111.77469146595355,40.567511062793415,0.0 -111.7886505766816,40.56741660829148,0.0 -111.78864016316443,40.56652951400567,0.0 -111.7967828395285,40.56647363846035,0.0 -111.79679336053724,40.567360731006474,0.0 -111.80144636959987,40.56732854347506,0.0 -111.80145695250268,40.56821563488011,0.0 -111.80378348492451,40.568199470342144,0.0 -111.8038047135725,40.56997365172885,0.0 -111.80496800979022,40.56996555138773,0.0 -111.80498927104489,40.57173973171421,0.0 -111.80615259750712,40.57173161915542,0.0 -111.80619518713598,40.575279977130435,0.0 -111.80503179923055,40.57528809069956,0.0 -111.80506370033733,40.5779493584794,0.0 -111.80390026586913,40.57795746109053,0.0 -111.80392150490967,40.57973163942007,0.0 -111.80275803923908,40.579739730819156,0.0 -111.80277924943717,40.58151390909668,0.0 -111.80161575256204,40.581521989282265,0.0 -111.80162634300156,40.58240907846413,0.0 -111.79929931710355,40.582425204185334,0.0 -111.79930987727816,40.58331229373028,0.0 -111.79814634825587,40.58332033926479,0.0 -111.79815689353157,40.58420742892124,0.0 -111.79699334867125,40.584215462987764,0.0 -111.79700387904668,40.58510255275542,0.0 -111.79584031834827,40.585110575353205,0.0 -111.79585083382207,40.58599766523169,0.0 -111.79468725728552,40.58600567636003,0.0 -111.79469775785631,40.586892766348974,0.0 -111.79353416548157,40.586900766007105,0.0 -111.79354465114801,40.587787856106175,0.0 -111.79238104293503,40.58779584429336,0.0 -111.79237057264025,40.58690875394563,0.0 -111.79004338556061,40.586924694663814,0.0 -111.79002250785136,40.58515051255913,0.0</coordinates>
                                </LinearRing>
                            </outerBoundaryIs>
                        </Polygon>
                        <Polygon>
                            <outerBoundaryIs>
                                <LinearRing>
                                    <coordinates>-111.79180365314853,40.63748067243085,0.0 -111.79179317213625,40.636593589614435,0.0 -111.79062871649447,40.636601568008636,0.0 -111.79061825135807,40.635714484805,0.0 -111.78945381065985,40.63572245121118,0.0 -111.7894329126012,40.63394828389118,0.0 -111.7882685022546,40.6339562380625,0.0 -111.7882372048747,40.631294985297934,0.0 -111.78590847522922,40.63131085694151,0.0 -111.78589807450861,40.63042377191485,0.0 -111.78356937382208,40.630439596114094,0.0 -111.78355900437379,40.62955251045602,0.0 -111.78123033265048,40.62956828721376,0.0 -111.78121999447184,40.62868120092577,0.0 -111.77889135171608,40.628696930244836,0.0 -111.77888104480441,40.627809843328436,0.0 -111.77771673814148,40.627817690138336,0.0 -111.7777064470913,40.62693060283885,0.0 -111.77537786319755,40.62694626076152,0.0 -111.77538812344213,40.62783334854836,0.0 -111.77422381540705,40.62784116014845,0.0 -111.77423406070481,40.62872824803957,0.0 -111.77190541246026,40.62874383651503,0.0 -111.77191562740553,40.62963092475248,0.0 -111.7684226054176,40.62965422016302,0.0 -111.76843277460262,40.63054130898669,0.0 -111.76144662599383,40.63058758433714,0.0 -111.7614365492393,40.62970049407324,0.0 -111.76027220496913,40.629708165310426,0.0 -111.7602621440676,40.62882107466899,0.0 -111.7590978147541,40.62882873393027,0.0 -111.7590877697042,40.6279416429117,0.0 -111.75559482529532,40.62796454955953,0.0 -111.75558482690202,40.627077457689246,0.0 -111.74627041217325,40.627138023776496,0.0 -111.74628028734017,40.628025117531855,0.0 -111.7439516484421,40.62804014215577,0.0 -111.74396149324039,40.62892723624008,0.0 -111.73813981131815,40.62896459356539,0.0 -111.73812027619807,40.62719040293273,0.0 -111.73928458264707,40.62718295540603,0.0 -111.73925523702093,40.62452166911256,0.0 -111.7404194968281,40.624514210545684,0.0 -111.7403901089199,40.62185292370078,0.0 -111.74155432209085,40.62184545409584,0.0 -111.74153470153527,40.620071262637616,0.0 -111.74269888347291,40.620063781763946,0.0 -111.74268905845277,40.61917668605969,0.0 -111.74618155544741,40.61915417373728,0.0 -111.74617168467483,40.61826707859505,0.0 -111.74733583406544,40.61825955125528,0.0 -111.74732594833634,40.61737245620867,0.0 -111.74849008189113,40.61736491737065,0.0 -111.74847028096328,40.61559072733067,0.0 -111.74963438328787,40.615583177230135,0.0 -111.74962446809114,40.61469608223711,0.0 -111.75428081139493,40.614665765460835,0.0 -111.75427083506747,40.61377867127275,0.0 -111.76125524433161,40.61373284559378,0.0 -111.76124517609496,40.61284575269334,0.0 -111.76240922734914,40.61283807426085,0.0 -111.76239914416914,40.61195098146068,0.0 -111.76356317958314,40.611943291536996,0.0 -111.76351269346705,40.607507826651364,0.0 -111.76467665148493,40.60750012619607,0.0 -111.76466654022248,40.60661303304235,0.0 -111.77397806501057,40.60655100911167,0.0 -111.77398829937047,40.60743810033472,0.0 -111.77748015983096,40.60741464712055,0.0 -111.77746987930989,40.60652755662753,0.0 -111.77863381649556,40.60651971567715,0.0 -111.77862352104566,40.60563262528935,0.0 -111.77978744238683,40.60562477285559,0.0 -111.7797771320095,40.60473768257338,0.0 -111.78094103750622,40.60472981865697,0.0 -111.78093071220282,40.60384272848069,0.0 -111.78325849104726,40.603826965957396,0.0 -111.78324813543497,40.60293987613291,0.0 -111.78557588166768,40.60292406719506,0.0 -111.78556549574931,40.60203697772381,0.0 -111.78672935278927,40.60202905591208,0.0 -111.78671895195033,40.60114196654852,0.0 -111.7878827931447,40.60113403325784,0.0 -111.78787237738659,40.60024694400236,0.0 -111.78903620273542,40.60023899923347,0.0 -111.78901534184774,40.59846482080044,0.0 -111.79017913597046,40.598456864801754,0.0 -111.7901686908429,40.597569775624564,0.0 -111.79133246912087,40.597561808149514,0.0 -111.79132200907893,40.596674719081406,0.0 -111.7924857715122,40.59666674013073,0.0 -111.79247529655719,40.59577965117209,0.0 -111.79363904314583,40.595771660746514,0.0 -111.79364953347934,40.5966587494564,0.0 -111.79714081657698,40.59663470709179,0.0 -111.79715135351472,40.59752179491434,0.0 -111.80064267852954,40.597497646285774,0.0 -111.80065326207543,40.59838473321763,0.0 -111.80181705151905,40.59837665997564,0.0 -111.80182765091632,40.599263746517224,0.0 -111.80415525914856,40.59924756435677,0.0 -111.80416588977955,40.600134650255654,0.0 -111.80532970856741,40.60012654133612,0.0 -111.8053403550532,40.601013626843596,0.0 -111.80650418874893,40.60100550594632,0.0 -111.80651485109085,40.601892591062025,0.0 -111.80767869969443,40.6018844581863,0.0 -111.80768937789385,40.602771542909814,0.0 -111.8088532414052,40.60276339805492,0.0 -111.80887462999773,40.604537566577875,0.0 -111.81003852380115,40.604529409489174,0.0 -111.81004923419633,40.60541649328822,0.0 -111.81121314290809,40.605408324218516,0.0 -111.81123459590046,40.607182490890956,0.0 -111.81239853490685,40.607174309584884,0.0 -111.81243076413894,40.6098355577868,0.0 -111.81359474883028,40.60982736398785,0.0 -111.81362702853485,40.61248861017324,0.0 -111.81479105891646,40.61248040387916,0.0 -111.8148126118968,40.61425456679665,0.0 -111.81597667258161,40.61424634826102,0.0 -111.815998258266,40.61602051011065,0.0 -111.81716234925597,40.616012279332,0.0 -111.81723802205491,40.62222183963167,0.0 -111.81607382329422,40.6222300722038,0.0 -111.81609541762674,40.624004231550245,0.0 -111.81493118758767,40.62401245290018,0.0 -111.81495275304195,40.62578661220212,0.0 -111.81378849172233,40.62579482232842,0.0 -111.81381002829302,40.62756898158517,0.0 -111.81264573569071,40.627577180486384,0.0 -111.81268875296894,40.63112549835191,0.0 -111.81152439827282,40.63113368653628,0.0 -111.81154587897247,40.6329078451444,0.0 -111.81038149298656,40.63291602210007,0.0 -111.8103922186466,40.63380310145005,0.0 -111.80922781677639,40.633811266921434,0.0 -111.80923852750622,40.634698346386514,0.0 -111.80807410975162,40.63470650037289,0.0 -111.8080848055499,40.63559357995271,0.0 -111.80459150320728,40.63561797223603,0.0 -111.80460215325449,40.636505052435936,0.0 -111.80343770278218,40.636513159970264,0.0 -111.80344833789366,40.63740024028349,0.0 -111.79995493740967,40.63742449320155,0.0 -111.79996552676299,40.638311574130576,0.0 -111.79297862062336,40.638359764476675,0.0 -111.79296812373381,40.637472682047886,0.0 -111.79180365314853,40.63748067243085,0.0</coordinates>
                                </LinearRing>
                            </outerBoundaryIs>
                        </Polygon>
                        <Polygon>
                            <outerBoundaryIs>
                                <LinearRing>
                                    <coordinates>-111.74234057843543,40.69281265755848,0.0 -111.74117513114626,40.69282014578233,0.0 -111.74116530110139,40.69193306098465,0.0 -111.73999986882814,40.69194053721218,0.0 -111.73999005467394,40.69105345204319,0.0 -111.73765921972299,40.691068368744105,0.0 -111.73764943691037,40.69018128297231,0.0 -111.73648403423344,40.690188723446774,0.0 -111.73646450081762,40.68841455102414,0.0 -111.7352991286084,40.68842197927369,0.0 -111.73528937800312,40.68753489262323,0.0 -111.73412402081003,40.68754230888012,0.0 -111.73411428608851,40.686655221860235,0.0 -111.7329489439116,40.68666262612515,0.0 -111.73293922507249,40.68577553873621,0.0 -111.7317738979118,40.6857829310099,0.0 -111.73175449242768,40.68400875535606,0.0 -111.73058919573084,40.68401613540962,0.0 -111.73050203143218,40.67603233603752,0.0 -111.7293368733019,40.67603970226782,0.0 -111.72932720597653,40.67515261252627,0.0 -111.73049234866605,40.67514524652516,0.0 -111.73047298442708,40.673371067084545,0.0 -111.73163809580603,40.67336368978607,0.0 -111.73160900636653,40.670702420273955,0.0 -111.7327740709998,40.67069503190947,0.0 -111.73275464932607,40.668920852001285,0.0 -111.7339196826545,40.668913452342686,0.0 -111.73390995703093,40.66802636241086,0.0 -111.738570024267,40.66799664716228,0.0 -111.73856023733856,40.66710955801647,0.0 -111.74089023747608,40.667094630335775,0.0 -111.74088042011593,40.66620754151578,0.0 -111.74787031741445,40.66616247780231,0.0 -111.74786040789377,40.66527539024587,0.0 -111.750190339272,40.66526027545709,0.0 -111.75018039932814,40.664373188232254,0.0 -111.75367524677837,40.66435042861548,0.0 -111.75368523301853,40.66523751513208,0.0 -111.75601515996098,40.66522228282096,0.0 -111.75602517751122,40.66610936872482,0.0 -111.75952011087638,40.666086431403045,0.0 -111.75953017517273,40.666973516454355,0.0 -111.76302515080519,40.6669504726429,0.0 -111.7630352618516,40.66783755683837,0.0 -111.76886028939637,40.66779891422689,0.0 -111.76887047806586,40.668685997081084,0.0 -111.77003549765126,40.66867823305773,0.0 -111.77004570220959,40.66956531553147,0.0 -111.7723757708871,40.66954975174001,0.0 -111.77238600677146,40.67043683359062,0.0 -111.77355105586281,40.67042903382144,0.0 -111.77356130763943,40.67131611529049,0.0 -111.7758914353251,40.671300480003076,0.0 -111.77590171843248,40.67218756084672,0.0 -111.7782318751611,40.67217187805323,0.0 -111.77824218960193,40.673058958270005,0.0 -111.77940728271551,40.673051098996424,0.0 -111.77942794385251,40.67482525852418,0.0 -111.78059306738372,40.674817387005525,0.0 -111.78064480548207,40.67925278216938,0.0 -111.77947960474496,40.679260654912746,0.0 -111.77951060680135,40.681921891079014,0.0 -111.78067585387025,40.68191401760074,0.0 -111.78070690640605,40.68457525178182,0.0 -111.78187219935201,40.68456736580863,0.0 -111.78189293424246,40.68634152074405,0.0 -111.78072761040113,40.686349407207985,0.0 -111.78074831624006,40.68812356207843,0.0 -111.77841760537882,40.688139300703575,0.0 -111.77842792808953,40.68902637842012,0.0 -111.77260106565376,40.68906552037524,0.0 -111.77261131156965,40.68995259917071,0.0 -111.77028053249502,40.68996817410428,0.0 -111.77029074796381,40.69085525324548,0.0 -111.7644637150704,40.690893985944506,0.0 -111.76447385373191,40.69178106615193,0.0 -111.7598121574768,40.69181184154006,0.0 -111.75982223477688,40.69269892256617,0.0 -111.75749135304767,40.692714240158125,0.0 -111.75750139988853,40.69360132152202,0.0 -111.7516741104783,40.69363941082519,0.0 -111.75168408049281,40.69452649323536,0.0 -111.7435257485077,40.69457932581747,0.0 -111.74351588667736,40.69369224176357,0.0 -111.74235042437235,40.693699741984446,0.0 -111.74234057843543,40.69281265755848,0.0</coordinates>
                                </LinearRing>
                            </outerBoundaryIs>
                        </Polygon>
                        <Polygon>
                            <outerBoundaryIs>
                                <LinearRing>
                                    <coordinates>-111.74684820512418,40.78327194747705,0.0 -111.74334712623573,40.78329455434225,0.0 -111.74333723590391,40.782407483930534,0.0 -111.74217022424943,40.782414995716564,0.0 -111.74215047595362,40.780640854009576,0.0 -111.7409834949051,40.780648353528456,0.0 -111.74096377941216,40.7788742107999,0.0 -111.73862987808451,40.77888917350703,0.0 -111.73862005203799,40.77800210146928,0.0 -111.73628618000035,40.77801701651546,0.0 -111.73627638543147,40.77712994387513,0.0 -111.73510946427764,40.77713738346845,0.0 -111.73509968566441,40.776250310458025,0.0 -111.73393277959418,40.776257738021776,0.0 -111.73390349292212,40.77359651746505,0.0 -111.73507035243863,40.77358909059424,0.0 -111.73505079913282,40.771814943324685,0.0 -111.73621762718142,40.77180750511941,0.0 -111.73620783566675,40.77092043150785,0.0 -111.73737464776397,40.770912981737894,0.0 -111.73736484117114,40.77002590821925,0.0 -111.73853163731707,40.770018446885366,0.0 -111.73851199441535,40.768244299895926,0.0 -111.73967875909703,40.76823682723124,0.0 -111.73966892279022,40.76734975376079,0.0 -111.7408356715214,40.767342269534005,0.0 -111.7408159691999,40.76556812264232,0.0 -111.74198268646977,40.7655606270873,0.0 -111.74196295488409,40.76378648010679,0.0 -111.74312964069478,40.76377897322497,0.0 -111.74310000008825,40.7611177524138,0.0 -111.74426663893458,40.76111023444048,0.0 -111.74424684971825,40.75933608700679,0.0 -111.74658006406258,40.75932101662197,0.0 -111.74657013910509,40.75843394316567,0.0 -111.74890332067038,40.75841882608657,0.0 -111.74889336514596,40.757531752961626,0.0 -111.75005993975917,40.75752417697161,0.0 -111.75003999903387,40.75575003077656,0.0 -111.75120654219606,40.75574244346817,0.0 -111.75119655699723,40.75485537039841,0.0 -111.75236308421219,40.754847771536774,0.0 -111.7523530839565,40.753960698564555,0.0 -111.75351959522432,40.753953088150396,0.0 -111.75350957991311,40.75306601527603,0.0 -111.7546760752338,40.75305839331011,0.0 -111.75465601495,40.751284247619054,0.0 -111.75582247882409,40.7512766143395,0.0 -111.75580238933043,40.749502468567975,0.0 -111.75696882176004,40.74949482397625,0.0 -111.75695876218693,40.748607751120005,0.0 -111.758125178671,40.748600094979466,0.0 -111.75810502987626,40.74682594932669,0.0 -111.75927141491879,40.74681828187655,0.0 -111.7592613256992,40.745931209080375,0.0 -111.76159406344468,40.745915839300636,0.0 -111.7615839436853,40.745028766843674,0.0 -111.7627502963876,40.74502106451519,0.0 -111.7627401615851,40.74413399215893,0.0 -111.7674055058975,40.74410306595641,0.0 -111.76741570267532,40.74499013735072,0.0 -111.76858205311343,40.744982376097035,0.0 -111.76859226583993,40.74586944711106,0.0 -111.76975863131756,40.74586167383059,0.0 -111.76976885999414,40.746748744463936,0.0 -111.77326800017579,40.74672535318292,0.0 -111.77325772501395,40.74583828327711,0.0 -111.79658491015402,40.745679635648884,0.0 -111.79659549521217,40.74656670062013,0.0 -111.79892823443348,40.74655057608301,0.0 -111.79891761838621,40.74566351161329,0.0 -111.80008397179333,40.74565543191795,0.0 -111.8000733407251,40.74476836756047,0.0 -111.80123967816486,40.7447602763318,0.0 -111.80122903207706,40.74387321208692,0.0 -111.80239535354949,40.743865109325654,0.0 -111.80237403181236,40.74209098092267,0.0 -111.80354032182582,40.74208286688194,0.0 -111.80352964617855,40.741195802724185,0.0 -111.80586219379624,40.74117953979811,0.0 -111.80585148764393,40.740292476007106,0.0 -111.81051651519024,40.740259809773946,0.0 -111.81052728330334,40.741146872548875,0.0 -111.81285982518173,40.74113046822594,0.0 -111.81287062475613,40.74201753035148,0.0 -111.8140369104649,40.7420093102598,0.0 -111.81404772601184,40.74289637199054,0.0 -111.81521402673029,40.742888139859446,0.0 -111.81522485825114,40.743775201194964,0.0 -111.81639117397926,40.74376695702373,0.0 -111.81641286945471,40.74554107876442,0.0 -111.81757921568591,40.74553282229553,0.0 -111.81759007964261,40.74641988270033,0.0 -111.81875644088403,40.746411614189455,0.0 -111.81877820123964,40.748185734067164,0.0 -111.81994459298672,40.74817745325605,0.0 -111.81998818150315,40.75172569031096,0.0 -111.81882172776722,40.751733972152365,0.0 -111.81884349393958,40.753508090359865,0.0 -111.81767700872025,40.753516360928344,0.0 -111.81768787703332,40.754403420080536,0.0 -111.81652137582948,40.754411679117815,0.0 -111.81653222912564,40.7552987383877,0.0 -111.81536571193726,40.75530698589302,0.0 -111.81537655021513,40.75619404528024,0.0 -111.81421001704214,40.75620228125285,0.0 -111.81422084030037,40.75708934075706,0.0 -111.80722153814627,40.757138510547506,0.0 -111.80723226886704,40.75802557144184,0.0 -111.80606570132758,40.75803372539669,0.0 -111.80607641702237,40.75892078640549,0.0 -111.8049098335015,40.758928928823515,0.0 -111.80493123531302,40.76070305093025,0.0 -111.8037646203052,40.76071118206359,0.0 -111.8037753064199,40.761598243161174,0.0 -111.80260867542985,40.76160636275584,0.0 -111.80261934651374,40.76249342396686,0.0 -111.80028605209438,40.762509628285414,0.0 -111.80029669263847,40.763396689861295,0.0 -111.79913002920976,40.76340477458407,0.0 -111.79914065471958,40.76429183627228,0.0 -111.79797397530918,40.764299909453776,0.0 -111.79798458578331,40.765186971254,0.0 -111.79681789039115,40.765195032893494,0.0 -111.79682848582824,40.76608209480536,0.0 -111.79566177445429,40.766090144902094,0.0 -111.79567235485295,40.766977206925255,0.0 -111.79450562749713,40.76698524547848,0.0 -111.79451619285598,40.7678723076126,0.0 -111.79334944951829,40.76788033462158,0.0 -111.79335999983594,40.76876739686626,0.0 -111.79219324051631,40.768775412330285,0.0 -111.79220377579138,40.769662474685184,0.0 -111.78987022471942,40.769678470726774,0.0 -111.78988072943719,40.77056553344012,0.0 -111.78754714546648,40.77058148279762,0.0 -111.7875576196241,40.77146854586794,0.0 -111.78639081142433,40.77147650310102,0.0 -111.7864012705338,40.772363566279786,0.0 -111.78523444635323,40.772371511964174,0.0 -111.78524489041318,40.77325857525101,0.0 -111.78407805025176,40.77326650938597,0.0 -111.78408847926079,40.77415357278054,0.0 -111.78292162311848,40.774161495365306,0.0 -111.78293203707521,40.77504855886728,0.0 -111.78176516495196,40.77505646990112,0.0 -111.78177556385502,40.775943533510116,0.0 -111.78060867575078,40.775951432992294,0.0 -111.78061905959878,40.776838496707946,0.0 -111.7794521555135,40.77684638463772,0.0 -111.77946252430506,40.777733448459706,0.0 -111.7782956042387,40.77774132483633,0.0 -111.77830595797244,40.77862838876427,0.0 -111.77597208541684,40.778644106610905,0.0 -111.77598240857083,40.779531170888674,0.0 -111.77364850313432,40.779546842027216,0.0 -111.7736587957057,40.780433906653364,0.0 -111.77132485739227,40.78044953108079,0.0 -111.77133511937824,40.781336596053876,0.0 -111.76900114819183,40.78135217376715,0.0 -111.76901137958953,40.782239239085726,0.0 -111.7666773755341,40.78225477008181,0.0 -111.76668757634069,40.78314183574444,0.0 -111.76318652027997,40.783165044457036,0.0 -111.76319667496836,40.78405211070249,0.0 -111.75619445750355,40.784098210938275,0.0 -111.75620451949423,40.78498527847842,0.0 -111.7538704123618,40.78500055128849,0.0 -111.75386038142139,40.784113483273416,0.0 -111.74685814247057,40.78415901704695,0.0 -111.74684820512418,40.78327194747705,0.0</coordinates>
                                </LinearRing>
                            </outerBoundaryIs>
                        </Polygon>
                        <Polygon>
                            <outerBoundaryIs>
                                <LinearRing>
                                    <coordinates>-111.48307197083784,40.133480167678,0.0 -111.4830656891254,40.13259295399608,0.0 -111.4819098108423,40.13259776975527,0.0 -111.48190354443736,40.131710555785865,0.0 -111.48074768090498,40.131715359858894,0.0 -111.48074142980623,40.130828145602344,0.0 -111.47727388263189,40.130842488158585,0.0 -111.47728008864618,40.13172970286288,0.0 -111.47612422400825,40.13173446079248,0.0 -111.47613041526908,40.13262167550816,0.0 -111.47497453532756,40.13262642205006,0.0 -111.47498688861374,40.13440085136635,0.0 -111.46920733450939,40.13442441250301,0.0 -111.46920123288042,40.13353719717793,0.0 -111.45879815376345,40.133578879090784,0.0 -111.45868484328663,40.11672173714592,0.0 -111.45984045658359,40.11671715468795,0.0 -111.45981655385211,40.11316827696627,0.0 -111.45866100061936,40.11317285885201,0.0 -111.45863120323519,40.10873675790054,0.0 -111.45978668140268,40.10873217673001,0.0 -111.45975084320975,40.1034088519232,0.0 -111.4585954550986,40.103413432235605,0.0 -111.45857162829373,40.09986454571773,0.0 -111.4574162999426,40.09986911393508,0.0 -111.45740441813386,40.098094669568525,0.0 -111.45624911952731,40.098099225978295,0.0 -111.45621357043464,40.09277588873581,0.0 -111.45736877903262,40.0927713331796,0.0 -111.45734502490156,40.089222439512646,0.0 -111.45618987629598,40.08922699449991,0.0 -111.45618395341825,40.08833977059831,0.0 -111.45502881954637,40.088344313924964,0.0 -111.45501700457004,40.086569865426924,0.0 -111.45386190042701,40.08657439695217,0.0 -111.45385600832643,40.085687172356096,0.0 -111.45270091891648,40.08569169222253,0.0 -111.45267153729633,40.08125556648106,0.0 -111.45382655174383,40.081251047320286,0.0 -111.45382066121131,40.080363821902026,0.0 -111.45613065934076,40.08035474931724,0.0 -111.45612473908992,40.07946752404527,0.0 -111.46536460113138,40.07943077424882,0.0 -111.46537064130015,40.08031799837315,0.0 -111.47230061653443,40.08028995153163,0.0 -111.47229448642776,40.079402728283114,0.0 -111.47344946636262,40.0793980136541,0.0 -111.47345561145889,40.080285236755394,0.0 -111.476920594594,40.08027102333657,0.0 -111.4769267849336,40.08115824585694,0.0 -111.47808179375387,40.08115348487199,0.0 -111.47808799935896,40.08204070710656,0.0 -111.482708091844,40.08202154741507,0.0 -111.48270182627556,40.08113432577879,0.0 -111.48847686066907,40.08111011781774,0.0 -111.48848954199507,40.08288455944124,0.0 -111.48964457801479,40.08287968299862,0.0 -111.48965729045075,40.08465412376901,0.0 -111.4908123561733,40.084649235505125,0.0 -111.49081872780762,40.08553645553193,0.0 -111.49197380824089,40.08553155559835,0.0 -111.49198019515192,40.08641877533502,0.0 -111.49313529029588,40.08641386373101,0.0 -111.49314169248494,40.08730108317714,0.0 -111.49429680233958,40.087296159902,0.0 -111.494303219808,40.08818337905724,0.0 -111.49545834437326,40.088178444110255,0.0 -111.49546477712238,40.08906566297422,0.0 -111.49661991639825,40.08906071635468,0.0 -111.49663281274658,40.09083515336215,0.0 -111.49778798173033,40.0908301949145,0.0 -111.49780737339425,40.0934918489324,0.0 -111.49896258708709,40.09348687850001,0.0 -111.49897554629747,40.09526131351559,0.0 -111.50013078970338,40.09525633125184,0.0 -111.50013728474102,40.09614354839829,0.0 -111.50129254286003,40.09613855445766,0.0 -111.50129905318774,40.09702577131097,0.0 -111.50245432601982,40.09702076569274,0.0 -111.50250001143381,40.10323127873021,0.0 -111.50365538900817,40.10322626049365,0.0 -111.50374046614579,40.11476005054598,0.0 -111.50489603857527,40.114755018743345,0.0 -111.50491572378014,40.11741665883702,0.0 -111.506071340968,40.117411615033184,0.0 -111.50612396782117,40.12450931465168,0.0 -111.50496823047202,40.12451435971539,0.0 -111.5049747951191,40.12540157170764,0.0 -111.50381904245549,40.1254066053957,0.0 -111.50382559237002,40.12629381740787,0.0 -111.50266982439193,40.12629883971955,0.0 -111.50267635957258,40.12718605175128,0.0 -111.50152057627996,40.127191062685874,0.0 -111.50153361746018,40.12896548665049,0.0 -111.50037780382715,40.12897048636335,0.0 -111.50038430982471,40.12985769829593,0.0 -111.49922848087643,40.12986268662988,0.0 -111.49923497213547,40.13074989858093,0.0 -111.49692328332094,40.130759840954234,0.0 -111.49692974481219,40.13164705307845,0.0 -111.49346216435787,40.13166188058598,0.0 -111.49346858104995,40.13254909303587,0.0 -111.49115682926501,40.13255892066893,0.0 -111.4911632161832,40.13344613328841,0.0 -111.48885143320591,40.13345591508229,0.0 -111.48885779034747,40.134343127869954,0.0 -111.48654597618173,40.13435286382173,0.0 -111.48653964910028,40.13346565073015,0.0 -111.48307197083784,40.133480167678,0.0</coordinates>
                                </LinearRing>
                            </outerBoundaryIs>
                        </Polygon>
                        <Polygon>
                            <outerBoundaryIs>
                                <LinearRing>
                                    <coordinates>-111.55242503547201,40.13317010152816,0.0 -111.55011328433987,40.13318110616665,0.0 -111.55010613094437,40.132293901820375,0.0 -111.5489502699304,40.13229938666434,0.0 -111.54892171963007,40.128750567220294,0.0 -111.5477659184071,40.128756039845165,0.0 -111.54775879664902,40.12786883446982,0.0 -111.54660301013531,40.127874295389944,0.0 -111.54659590371787,40.126987089706745,0.0 -111.5442843597944,40.12699797660541,0.0 -111.54427728374024,40.12611077044494,0.0 -111.54196576860885,40.12612161087091,0.0 -111.54195872291533,40.12523440423465,0.0 -111.54080297990369,40.12523980697913,0.0 -111.54079594954548,40.12435260003684,0.0 -111.53848449263246,40.12436337059093,0.0 -111.53847749263032,40.12347616317505,0.0 -111.53616606451904,40.12348688726421,0.0 -111.53615909487031,40.12259967937617,0.0 -111.5350033953719,40.122605023955614,0.0 -111.53498948704303,40.12083060743384,0.0 -111.53383381727694,40.12083594014846,0.0 -111.53381300215409,40.11817431383631,0.0 -111.53265737713656,40.118179634521475,0.0 -111.53263660983463,40.11551800647502,0.0 -111.53379218980176,40.115512686288184,0.0 -111.53377831643915,40.11373826723612,0.0 -111.53493386606824,40.11373293585323,0.0 -111.5348782648326,40.1066352554833,0.0 -111.53603369405901,40.106629913906495,0.0 -111.53602673028328,40.10574270340904,0.0 -111.53718214419197,40.10573735047401,0.0 -111.5371751657171,40.10485014000636,0.0 -111.53833056430807,40.10484477571383,0.0 -111.5382886099254,40.0995215110288,0.0 -111.53944391817166,40.09951613621865,0.0 -111.53943691185684,40.09862892512497,0.0 -111.54059220478885,40.098623538960545,0.0 -111.54058518378213,40.097736327897685,0.0 -111.54289573870558,40.09772552134004,0.0 -111.54288868800626,40.096838310477274,0.0 -111.54519921167447,40.09682745817168,0.0 -111.54519213128523,40.09594024751039,0.0 -111.54750262369433,40.0959293494598,0.0 -111.5474955136179,40.09504213900143,0.0 -111.54865074434899,40.0950366728654,0.0 -111.5486008776592,40.08882619700531,0.0 -111.54975600308856,40.08882072054583,0.0 -111.54974886554447,40.08793350933022,0.0 -111.55321419494427,40.08791701135871,0.0 -111.55320701273305,40.08702980052087,0.0 -111.56475793997618,40.08697406037648,0.0 -111.5647506081453,40.08608685114177,0.0 -111.57168105895921,40.086052855290134,0.0 -111.57167363749542,40.08516564697955,0.0 -111.57629387149046,40.0851427534574,0.0 -111.57630135292604,40.086029961053114,0.0 -111.57745642558969,40.08602420870196,0.0 -111.57746392235073,40.08691141598058,0.0 -111.57861900967536,40.086905651932696,0.0 -111.57862652176321,40.087792858893856,0.0 -111.57978162374881,40.087787083148534,0.0 -111.57978915116477,40.088674289791854,0.0 -111.58094426781132,40.08866850234838,0.0 -111.58096689705145,40.09133012091129,0.0 -111.58212205835189,40.09132432140678,0.0 -111.5821296170987,40.09221152713833,0.0 -111.5832847930613,40.09220571593351,0.0 -111.58329994155793,40.09398012662121,0.0 -111.58445514718144,40.09397430353355,0.0 -111.58446273693325,40.09486150848933,0.0 -111.58561795721951,40.09485567369957,0.0 -111.5856559860368,40.09929169550481,0.0 -111.58681128099279,40.099285848281994,0.0 -111.58682652488933,40.10106025567634,0.0 -111.58798184951466,40.10105439656559,0.0 -111.58799712477399,40.10282880304395,0.0 -111.58915247907059,40.102822932043836,0.0 -111.58917543952121,40.105484540179944,0.0 -111.59033083849837,40.10547865710533,0.0 -111.59039220139225,40.11257627128037,0.0 -111.58923668233221,40.11258215582459,0.0 -111.58925965399114,40.11524375942186,0.0 -111.58810408954928,40.11524963298874,0.0 -111.58811937565595,40.117024035065974,0.0 -111.58696378084356,40.11702989747037,0.0 -111.58697903827264,40.11880429936346,0.0 -111.58582341308765,40.11881015060393,0.0 -111.58583864183392,40.12058455231224,0.0 -111.58468298627426,40.12059039238734,0.0 -111.58469818633252,40.12236479391015,0.0 -111.5835425003961,40.12237062281849,0.0 -111.5835500859103,40.12325782355557,0.0 -111.58239438461656,40.123263641114065,0.0 -111.58240195544589,40.12415084189524,0.0 -111.58124623879476,40.12415664810318,0.0 -111.5812537949379,40.12504384892809,0.0 -111.58009806292934,40.12504964378475,0.0 -111.58011314617517,40.12682404538383,0.0 -111.57895738378566,40.12682982906904,0.0 -111.57896491088637,40.12771702984283,0.0 -111.57665335505772,40.127728562973424,0.0 -111.57666085244271,40.12861576396977,0.0 -111.57550505900417,40.12862151341406,0.0 -111.5755125416963,40.12950871445238,0.0 -111.57320092377267,40.12952017909674,0.0 -111.57320837674436,40.13040738035545,0.0 -111.57205255225989,40.13041309555442,0.0 -111.57205999053537,40.13130029685407,0.0 -111.57090415069389,40.13130600069631,0.0 -111.57091157427183,40.13219320203651,0.0 -111.5685998635461,40.13220457547059,0.0 -111.56860725739682,40.13309177702834,0.0 -111.56629551530207,40.1331031046739,0.0 -111.56630287942289,40.13399030644782,0.0 -111.56167933120133,40.134012824010846,0.0 -111.56168663553004,40.13490002635021,0.0 -111.55359530848092,40.134938989153554,0.0 -111.55358810936087,40.13405178559793,0.0 -111.55243221924341,40.134057305393526,0.0 -111.55242503547201,40.13317010152816,0.0</coordinates>
                                </LinearRing>
                            </outerBoundaryIs>
                        </Polygon>
                        <Polygon>
                            <outerBoundaryIs>
                                <LinearRing>
                                    <coordinates>-111.219602382663,40.159122264816816,0.0 -111.21497693944261,40.159130944782795,0.0 -111.21497414138888,40.1582437096959,0.0 -111.21034875638334,40.15825220462865,0.0 -111.21034601865297,40.157364969140076,0.0 -111.20803335551808,40.15736914719012,0.0 -111.20803064800751,40.156481911434604,0.0 -111.20456169755309,40.156488091711964,0.0 -111.20455903530815,40.15560085562699,0.0 -111.19877752410578,40.155610924835834,0.0 -111.19877493721822,40.15472368830007,0.0 -111.19646236202466,40.15472763503417,0.0 -111.19645980534631,40.1538403982387,0.0 -111.19414725979327,40.15384429866601,0.0 -111.19414473332147,40.15295706161229,0.0 -111.19298847542296,40.152958994446756,0.0 -111.19298596410917,40.1520717571962,0.0 -111.19182972114511,40.152073678425154,0.0 -111.19182722498799,40.15118644097814,0.0 -111.19067099695837,40.15118835060229,0.0 -111.19066603506491,40.14941387517952,0.0 -111.18950983701363,40.149415773140355,0.0 -111.18950737127528,40.148528535164985,0.0 -111.18719500493158,40.148532296336896,0.0 -111.18718282829347,40.14409610382568,0.0 -111.1883389363135,40.144094229304194,0.0 -111.18832913679525,40.140545273072476,0.0 -111.18948518455365,40.14054338724453,0.0 -111.18947286242565,40.13610718917829,0.0 -111.19062883489856,40.13610529210595,0.0 -111.19061891903561,40.132556331433115,0.0 -111.19177483126967,40.132554423060384,0.0 -111.19176236376978,40.12811821944634,0.0 -111.19291820074714,40.12811629983601,0.0 -111.19290816863388,40.124567334727814,0.0 -111.19406394539513,40.12456540382316,0.0 -111.19405385496822,40.12101643677242,0.0 -111.1952095715234,40.121014494576315,0.0 -111.19520195981485,40.118352768037134,0.0 -111.1963576311939,40.118350814491436,0.0 -111.19635252724537,40.11657632957156,0.0 -111.19750816847214,40.11657436461707,0.0 -111.19750303494014,40.114799879273974,0.0 -111.19865864601667,40.114797902912144,0.0 -111.19865606440432,40.1139106600976,0.0 -111.19981166034911,40.11390867226778,0.0 -111.1998064674357,40.11213418635336,0.0 -111.20096203323295,40.1121321871187,0.0 -111.20095942193389,40.11124494401919,0.0 -111.2021149726001,40.11124293331836,0.0 -111.2021097203212,40.10946844683546,0.0 -111.2032652408426,40.10946642473231,0.0 -111.20326259986476,40.108579181349285,0.0 -111.20441810525581,40.10857714778176,0.0 -111.20441279362736,40.10680266073322,0.0 -111.20556826887626,40.1068006157659,0.0 -111.20556559822764,40.10591337210075,0.0 -111.20672105834691,40.105911315670866,0.0 -111.20671568738483,40.10413682805955,0.0 -111.20787111736466,40.10413476023237,0.0 -111.2078684170532,40.10324751628656,0.0 -111.20902383190409,40.103245436998606,0.0 -111.20902111670398,40.102358192981235,0.0 -111.21017651642593,40.10235610223323,0.0 -111.21017105637216,40.10058161391957,0.0 -111.21132642595806,40.10057951177789,0.0 -111.21132093637651,40.09880502304958,0.0 -111.22171898697997,40.098785586397604,0.0 -111.22172186676171,40.099672830223106,0.0 -111.23443074623701,40.09964780594987,0.0 -111.23442770139259,40.098760562905746,0.0 -111.23673837501019,40.09875586337494,0.0 -111.23674144986593,40.09964310627233,0.0 -111.23905215294914,40.099638360499576,0.0 -111.23905525795391,40.100525603112246,0.0 -111.24021062429551,40.10052321286554,0.0 -111.24021374444501,40.10141045526706,0.0 -111.24136912565514,40.10140805342121,0.0 -111.24137539638535,40.10318253766465,0.0 -111.24253080747226,40.103180124143584,0.0 -111.24253395805498,40.10406736598513,0.0 -111.24368938401108,40.10406494086312,0.0 -111.24369254974319,40.10495218249241,0.0 -111.2448479905684,40.10494974576874,0.0 -111.24485117145124,40.10583698718542,0.0 -111.24716208269818,40.10583207900704,0.0 -111.24716529374398,40.106719320133905,0.0 -111.24947623444287,40.10671436569571,0.0 -111.24947947565428,40.10760160653135,0.0 -111.25294593065706,40.10759408818953,0.0 -111.25294921704895,40.10848132865386,0.0 -111.25641571577604,40.10847370633122,0.0 -111.25641904735234,40.109360946421006,0.0 -111.2645076442674,40.10934275697723,0.0 -111.26451108108597,40.11022999636251,0.0 -111.26797766538742,40.110222027722834,0.0 -111.26798114740086,40.111109266722735,0.0 -111.2783810270174,40.11108473752603,0.0 -111.27838464431801,40.11197197562348,0.0 -111.27954020071876,40.1119691924286,0.0 -111.27955473159174,40.11551814310472,0.0 -111.27839911512552,40.11552092664721,0.0 -111.27840273322872,40.1164081640616,0.0 -111.27724710158394,40.116410936160506,0.0 -111.27725070482897,40.11729817352485,0.0 -111.27609505800561,40.117300934179454,0.0 -111.27609864639113,40.11818817149338,0.0 -111.27494298438916,40.118190920702965,0.0 -111.27494655791386,40.119078157966094,0.0 -111.27379088073326,40.11908089572994,0.0 -111.2737944393958,40.11996813294195,0.0 -111.27148305452008,40.11997357404474,0.0 -111.2714901122319,40.1217480483987,0.0 -111.27033438951534,40.12175075182096,0.0 -111.27035899126648,40.127961408347616,0.0 -111.26920316322067,40.12796410082555,0.0 -111.26921716468179,40.131513044743116,0.0 -111.26806127636692,40.13151572602064,0.0 -111.26806476209043,40.13240296174223,0.0 -111.26690885859078,40.132405631566456,0.0 -111.2669123294382,40.133292867234786,0.0 -111.26575641075375,40.133295525604986,0.0 -111.26575986672373,40.13418276121969,0.0 -111.26460393285446,40.13418540813515,0.0 -111.26461081518963,40.13595987912003,0.0 -111.26345485110271,40.13596251466229,0.0 -111.26345827746589,40.1368497500321,0.0 -111.26230229819346,40.13685237411781,0.0 -111.26231935711289,40.14128854932745,0.0 -111.26116330251165,40.14129116228214,0.0 -111.26116669971228,40.14217839699581,0.0 -111.26001062992279,40.14218099849108,0.0 -111.26001739469936,40.14395546767109,0.0 -111.25770519451672,40.143960636361285,0.0 -111.25770854705117,40.144847870907725,0.0 -111.25655243169682,40.14485043802037,0.0 -111.25655576933985,40.14573767251034,0.0 -111.25539963879721,40.145740228160676,0.0 -111.2554029615475,40.14662746259384,0.0 -111.25424681581651,40.146630006781116,0.0 -111.25426004812226,40.150178943465505,0.0 -111.25310384207431,40.1501814764262,0.0 -111.2531170165484,40.15373041124136,0.0 -111.2519607501734,40.15373293297262,0.0 -111.25196730819307,40.15550739971807,0.0 -111.25081101157808,40.155509910060324,0.0 -111.25081427575799,40.15639714330651,0.0 -111.2496579639499,40.15639964218033,0.0 -111.24966446264584,40.15817410841891,0.0 -111.24850812059503,40.1581765959012,0.0 -111.24851135510907,40.15906382889325,0.0 -111.24619864047695,40.159068769369455,0.0 -111.2462018450327,40.159956002379104,0.0 -111.23463811293593,40.159980012634946,0.0 -111.23464116711747,40.16086724625747,0.0 -111.2300156102392,40.16087652729733,0.0 -111.23001261626442,40.15998929338514,0.0 -111.21960524104534,40.16000949949625,0.0 -111.219602382663,40.159122264816816,0.0</coordinates>
                                </LinearRing>
                            </outerBoundaryIs>
                        </Polygon>
                        <Polygon>
                            <outerBoundaryIs>
                                <LinearRing>
                                    <coordinates>-111.57156614098479,40.210266381494044,0.0 -111.57155868835544,40.20937919225549,0.0 -111.570401523197,40.209384900217586,0.0 -111.5703866491017,40.20761052097162,0.0 -111.569229513784,40.207616217011356,0.0 -111.56919240973843,40.20318026560087,0.0 -111.56803534950684,40.203185949187656,0.0 -111.56797612079156,40.19608841836037,0.0 -111.5668191808615,40.19609408896704,0.0 -111.56678963468963,40.19254531954497,0.0 -111.5656327547308,40.19255097788383,0.0 -111.56562538408062,40.19166378500795,0.0 -111.56446851886774,40.19166943161055,0.0 -111.56445380869313,40.18989504509383,0.0 -111.56329697329804,40.18990067978503,0.0 -111.56328963377159,40.18901348614459,0.0 -111.56213281312183,40.18901910910132,0.0 -111.56210351855162,40.18547033246268,0.0 -111.56326027892345,40.18546471020779,0.0 -111.56324560345375,40.183690321414375,0.0 -111.56440233336494,40.18368468795391,0.0 -111.56439498105217,40.18279749352676,0.0 -111.56555169557056,40.18279184868598,0.0 -111.56554432851837,40.18190465429749,0.0 -111.566701027644,40.18189899807713,0.0 -111.5666936458537,40.18101180372764,0.0 -111.5678503295866,40.181006136128424,0.0 -111.5678355368608,40.17923174737065,0.0 -111.56899219013728,40.17922606857052,0.0 -111.56898477920376,40.1783388741626,0.0 -111.57014141708827,40.17833318398542,0.0 -111.57012656608393,40.17655879511216,0.0 -111.57128317351481,40.1765530937366,0.0 -111.57127573344602,40.17566589927162,0.0 -111.5735889171944,40.17565446221686,0.0 -111.57358144733517,40.17476726797127,0.0 -111.58052090024013,40.17473268061125,0.0 -111.58052846046085,40.175619873777414,0.0 -111.58168504983468,40.17561406860163,0.0 -111.58169262545184,40.176501261449054,0.0 -111.58284922955028,40.17649544453866,0.0 -111.5828568205652,40.17738263706698,0.0 -111.58863991129749,40.17735337830072,0.0 -111.58864757796002,40.17824056977836,0.0 -111.5909608419998,40.178228785027834,0.0 -111.5909685391281,40.17911597600008,0.0 -111.59212518569858,40.17911006610926,0.0 -111.5921328982319,40.17999725675948,0.0 -111.59328955952344,40.179991335129436,0.0 -111.59329728746314,40.18087852545723,0.0 -111.59561063914457,40.180866647162134,0.0 -111.59561839755663,40.18175383698161,0.0 -111.59677508794579,40.18174788031549,0.0 -111.59678286176755,40.18263506981146,0.0 -111.59793956687697,40.182629101403606,0.0 -111.59795514568832,40.184403479610125,0.0 -111.59911188058457,40.18439749927321,0.0 -111.59912749091424,40.18617187655592,0.0 -111.60028425559929,40.186165884288485,0.0 -111.60029207635242,40.187053072536365,0.0 -111.60144885575893,40.187047068524336,0.0 -111.60146452844587,40.188821444232424,0.0 -111.60262133764371,40.18881542828734,0.0 -111.60263704186393,40.190589803069344,0.0 -111.60379388085505,40.19058377518976,0.0 -111.60380174855989,40.19147096218616,0.0 -111.60495860227368,40.19146492255909,0.0 -111.6049743688769,40.19323929576194,0.0 -111.60613125238652,40.19323324419783,0.0 -111.60614705053796,40.19500761647229,0.0 -111.60730396384534,40.19500155296971,0.0 -111.60734354074339,40.19943748030031,0.0 -111.60618655205332,40.199443544749,0.0 -111.60621815957886,40.202992284892055,0.0 -111.60506111021978,40.20299833853367,0.0 -111.60507688592422,40.20477270815685,0.0 -111.60391980605182,40.204778750611474,0.0 -111.6039276793467,40.205665935405094,0.0 -111.60277058404219,40.20567196648311,0.0 -111.6027784426033,40.20655915132722,0.0 -111.60162133186665,40.206565171027904,0.0 -111.60162917569266,40.207452355922165,0.0 -111.59352928523558,40.20749417129617,0.0 -111.5935215469978,40.2066069850972,0.0 -111.59120731964788,40.20661882788388,0.0 -111.59119190453534,40.20484445433396,0.0 -111.59003482051304,40.20485035801045,0.0 -111.59002712855211,40.20396317084485,0.0 -111.58887005927049,40.20396906277257,0.0 -111.58886238273251,40.203081875285505,0.0 -111.58423416253095,40.20310532661892,0.0 -111.58424177874282,40.20399251483775,0.0 -111.58308470776397,40.20399834894257,0.0 -111.58309230923173,40.20488553720583,0.0 -111.58193522283318,40.20489135992773,0.0 -111.58194280955549,40.205778548235095,0.0 -111.5807857077372,40.20578435957333,0.0 -111.58080842467221,40.20844592421386,0.0 -111.57965127726492,40.208451724529674,0.0 -111.5796663933972,40.21022610063074,0.0 -111.57850921548244,40.21023188974136,0.0 -111.57851675896491,40.21111907776615,0.0 -111.57273078894607,40.21114785070915,0.0 -111.57272332089879,40.21026066178662,0.0 -111.57156614098479,40.210266381494044,0.0</coordinates>
                                </LinearRing>
                            </outerBoundaryIs>
                        </Polygon>
                        <Polygon>
                            <outerBoundaryIs>
                                <LinearRing>
                                    <coordinates>-111.64108637807212,40.34209712246785,0.0 -111.63412988366936,40.342135470300626,0.0 -111.63412157669501,40.34124831155972,0.0 -111.6306433700589,40.34126732800575,0.0 -111.63063510900862,40.340380168534075,0.0 -111.62831633311829,40.340392787670176,0.0 -111.62830810280377,40.33950562766717,0.0 -111.62714872949415,40.33951191960922,0.0 -111.62714051472902,40.338624759272165,0.0 -111.62598115623817,40.338631039398884,0.0 -111.62597295702108,40.337743878728126,0.0 -111.62365426931336,40.33775640373348,0.0 -111.62364610082537,40.33686924253437,0.0 -111.61784945112917,40.336900350747776,0.0 -111.61785754370473,40.337787512916776,0.0 -111.61437950401954,40.33780603900001,0.0 -111.61438755140496,40.33869320160876,0.0 -111.60859073553824,40.33872384699075,0.0 -111.60856682219396,40.3360623558848,0.0 -111.60972614053037,40.33605625061811,0.0 -111.60970218483125,40.33339475884294,0.0 -111.61086145727099,40.33338864253011,0.0 -111.61084545822077,40.33161431437233,0.0 -111.61200469994725,40.33160818682446,0.0 -111.61198867196342,40.32983385849752,0.0 -111.61314788297872,40.32982771971604,0.0 -111.61312379814547,40.327166226766174,0.0 -111.61428296327655,40.32716007694428,0.0 -111.6142186313682,40.32006275788122,0.0 -111.61305958761426,40.320068906169304,0.0 -111.61297133538591,40.31031007594729,0.0 -111.6141302123167,40.310303929767706,0.0 -111.61411414076687,40.308529595591885,0.0 -111.61527298701799,40.308523438188594,0.0 -111.61526493661816,40.307636271085975,0.0 -111.61758259772624,40.307623921843586,0.0 -111.61757451736474,40.30673675498823,0.0 -111.61989214671786,40.306724359705996,0.0 -111.61988403639742,40.30583719309935,0.0 -111.62104283537502,40.30583097824272,0.0 -111.62103471025661,40.30494381169203,0.0 -111.62219349371507,40.30493758542372,0.0 -111.62218535380003,40.30405041892936,0.0 -111.6233441217394,40.30404418125009,0.0 -111.62333596702908,40.3031570148124,0.0 -111.62449471944937,40.30315076572292,0.0 -111.6244865499451,40.30226359934224,0.0 -111.62564528684639,40.30225733884327,0.0 -111.62559618651785,40.29693433883578,0.0 -111.62675483213302,40.2969280679059,0.0 -111.6267384379624,40.2951537338584,0.0 -111.62789705291135,40.295147451718194,0.0 -111.6278888412221,40.29426028468355,0.0 -111.62904744065628,40.29425399113818,0.0 -111.62903921418243,40.29336682416195,0.0 -111.63019779810188,40.29336051921215,0.0 -111.63018955684474,40.29247335229469,0.0 -111.63134812524949,40.29246703594117,0.0 -111.63133161353804,40.29069270208663,0.0 -111.63249015128086,40.29068637452748,0.0 -111.63247361074357,40.2889120405161,0.0 -111.63363211782652,40.28890570175274,0.0 -111.63361554846867,40.287131367585246,0.0 -111.63477402489387,40.28712501761912,0.0 -111.6347574267207,40.28535068329617,0.0 -111.63591587249024,40.285344322128715,0.0 -111.63589924550703,40.28356998765102,0.0 -111.6382160753691,40.283557231319676,0.0 -111.63820773214904,40.282670064271855,0.0 -111.6428413268567,40.282644413249656,0.0 -111.64283292344554,40.28175724686391,0.0 -111.64514968828195,40.281744352177576,0.0 -111.64514125496461,40.28085718605605,0.0 -111.64629962168166,40.28085072152073,0.0 -111.64629117359988,40.27996355546291,0.0 -111.64860787562976,40.27995059201016,0.0 -111.64859939764659,40.27906342621872,0.0 -111.6532327366296,40.27903736098518,0.0 -111.65324127516567,40.279924525963686,0.0 -111.66134970972742,40.279878463973596,0.0 -111.66135835461431,40.28076562737755,0.0 -111.66367507703549,40.28075236204039,0.0 -111.6636837525851,40.28163952489262,0.0 -111.66715887874349,40.281619539298816,0.0 -111.66716760009842,40.282506701389735,0.0 -111.66948437921508,40.282493319265,0.0 -111.66949313123864,40.28338048080054,0.0 -111.67065153535485,40.28337377213499,0.0 -111.6706603029084,40.28426093332326,0.0 -111.67297714025449,40.28424748078368,0.0 -111.67298593848126,40.28513464141436,0.0 -111.67530280454812,40.285121142067126,0.0 -111.67531163345078,40.28600830213877,0.0 -111.6776285282342,40.28599475598107,0.0 -111.67763738781535,40.28688191549218,0.0 -111.67995431131114,40.28686832252123,0.0 -111.67996320157344,40.28775548147033,0.0 -111.68343862928539,40.28773500439276,0.0 -111.68344756537589,40.28862216256515,0.0 -111.68576454548936,40.28860845276254,0.0 -111.68577351226688,40.28949561036928,0.0 -111.68693201687161,40.289488737856125,0.0 -111.68694099919313,40.29037589511041,0.0 -111.68809951854459,40.29036901078387,0.0 -111.68811751467788,40.29214332444867,0.0 -111.68927606392309,40.292136428092974,0.0 -111.6893031065657,40.294797896909,0.0 -111.69046170085556,40.294790988307234,0.0 -111.69047976158599,40.29656529972965,0.0 -111.6916383857748,40.296558379095444,0.0 -111.69166552533392,40.299219844545526,0.0 -111.69282419457589,40.299212911661215,0.0 -111.69284231993122,40.30098722083811,0.0 -111.69400101907735,40.300980275918064,0.0 -111.69402825559462,40.30364173799744,0.0 -111.69518699980246,40.303634780823245,0.0 -111.69520518981044,40.30540908775145,0.0 -111.6963639639276,40.305402118538225,0.0 -111.6963821858676,40.30717642447906,0.0 -111.69754098989604,40.307169443225355,0.0 -111.69756837132051,40.30983090044714,0.0 -111.69872722042246,40.309823906933424,0.0 -111.69875465098102,40.312485362257256,0.0 -111.69991354516175,40.31247835648133,0.0 -111.69993186455835,40.31425265890264,0.0 -111.69877294005097,40.31425966511549,0.0 -111.69880952306583,40.31780826917355,0.0 -111.69765053749079,40.31781526465013,0.0 -111.697677933515,40.32047671689695,0.0 -111.69651890203107,40.32048370141668,0.0 -111.69653713773683,40.32225800265913,0.0 -111.695378075509,40.32226497600244,0.0 -111.69539628249345,40.324039277126985,0.0 -111.69423718951958,40.32404623929244,0.0 -111.69425536777744,40.32582054029837,0.0 -111.69309624405547,40.325827491284535,0.0 -111.69311439358147,40.32760179217118,0.0 -111.69195523910926,40.32760873197661,0.0 -111.69197335989814,40.32938303274329,0.0 -111.69081417467362,40.32938996136656,0.0 -111.69082322049591,40.33027711175863,0.0 -111.68966401969358,40.330284028982625,0.0 -111.68967305074115,40.33117117945221,0.0 -111.68851383436096,40.331178085276186,0.0 -111.68852285063244,40.33206523582293,0.0 -111.68736361867437,40.33207213024617,0.0 -111.68737262016839,40.3329592808697,0.0 -111.6862133726324,40.33296616389146,0.0 -111.68622235934764,40.333853314591444,0.0 -111.68506309623366,40.333860186211005,0.0 -111.68507206816878,40.33474733698706,0.0 -111.68275351038692,40.33476104580316,0.0 -111.68276245236041,40.33564819686849,0.0 -111.67580667842105,40.335689045777265,0.0 -111.67579782752864,40.334801893438396,0.0 -111.67463854567208,40.33480866071724,0.0 -111.67462971035248,40.3339215080293,0.0 -111.67231117582162,40.33393500731426,0.0 -111.67230237125237,40.333047854067324,0.0 -111.6699838655148,40.33306130646512,0.0 -111.66999263972609,40.333948460131474,0.0 -111.66883337109324,40.333955169114645,0.0 -111.6688421305147,40.33484232285208,0.0 -111.66768284631303,40.3348490204271,0.0 -111.66769159094328,40.33573617423529,0.0 -111.66537299101431,40.3357495349498,0.0 -111.66538170567094,40.336636689036496,0.0 -111.6630630738311,40.336650003695205,0.0 -111.66307175851134,40.33753715805894,0.0 -111.66075309476452,40.337550426658865,0.0 -111.6607617494656,40.33843758129824,0.0 -111.65960240183257,40.33844419837675,0.0 -111.65961104173499,40.33933135308437,0.0 -111.65613295098578,40.33935113522337,0.0 -111.65614154572032,40.34023829040974,0.0 -111.6549821661887,40.3402448614224,0.0 -111.65499074612049,40.3411320166756,0.0 -111.65267195554506,40.341145124250644,0.0 -111.6526805054874,40.34203227977447,0.0 -111.64340520656182,40.342084246892824,0.0 -111.64339677810288,40.34119708974887,0.0 -111.6410779799842,40.341209964922484,0.0 -111.64108637807212,40.34209712246785,0.0</coordinates>
                                </LinearRing>
                            </outerBoundaryIs>
                        </Polygon>
                        <Polygon>
                            <outerBoundaryIs>
                                <LinearRing>
                                    <coordinates>-111.37758363452981,40.49585552490828,0.0 -111.3740973193839,40.495866862560725,0.0 -111.37409239205262,40.4949796919771,0.0 -111.3671198476955,40.4950020510915,0.0 -111.36711501241257,40.494114879674285,0.0 -111.36479085984234,40.49412223900618,0.0 -111.36478605538291,40.49323506722263,0.0 -111.36129987083945,40.49324601824722,0.0 -111.36129511250441,40.49235884598545,0.0 -111.35897101902337,40.49236608802326,0.0 -111.35896629150581,40.49147891539883,0.0 -111.35548019561789,40.491489690493005,0.0 -111.35547551421736,40.490602517395835,0.0 -111.3543134971397,40.49060608561628,0.0 -111.35430883124899,40.48971891227089,0.0 -111.35314682926543,40.48972246869765,0.0 -111.35313752870769,40.48794812137411,0.0 -111.35197555711854,40.48795166589752,0.0 -111.35196628798651,40.486177317804916,0.0 -111.35080434678974,40.48618085042642,0.0 -111.35079510907792,40.48440650156548,0.0 -111.34963319827155,40.48441002228655,0.0 -111.34962399197441,40.48263567265806,0.0 -111.34846211155644,40.48263918148017,0.0 -111.34845293666851,40.48086483108486,0.0 -111.34729108663694,40.480868328009436,0.0 -111.34728651479315,40.479981152497274,0.0 -111.34612467985247,40.47998463763438,0.0 -111.34611556736118,40.478210285981795,0.0 -111.34495376280424,40.478213759223934,0.0 -111.34494468170703,40.4764394068068,0.0 -111.34378290753185,40.47644286815544,0.0 -111.34377385782322,40.474668514974496,0.0 -111.34261211402779,40.474671964431096,0.0 -111.34260309570224,40.472897610487124,0.0 -111.34144138228456,40.47290104805314,0.0 -111.34143239533662,40.47112669334689,0.0 -111.34027071229468,40.47113011902376,0.0 -111.34026175671882,40.46935576355598,0.0 -111.33910010405064,40.46935917734521,0.0 -111.33909117984136,40.46758482111665,0.0 -111.33792955754494,40.46758822301967,0.0 -111.33792066469675,40.46581386603109,0.0 -111.33675907277009,40.46581725604938,0.0 -111.3367502112775,40.46404289830153,0.0 -111.33558864971859,40.46404627643652,0.0 -111.3355798195761,40.462271917930174,0.0 -111.33441828838293,40.46227528418335,0.0 -111.33440948958506,40.460500924919245,0.0 -111.33324798875566,40.460504279292046,0.0 -111.33323922129689,40.45872991927092,0.0 -111.33207775082926,40.45873326176484,0.0 -111.33207338266956,40.45784608144466,0.0 -111.33091192728503,40.4578494121649,0.0 -111.33090322210094,40.45607505090602,0.0 -111.32974179707553,40.456078369749896,0.0 -111.32973312321548,40.45430400773626,0.0 -111.32857172854716,40.454307314705254,0.0 -111.32856308600564,40.45253295193764,0.0 -111.32740172169245,40.452536247033194,0.0 -111.32739311046399,40.45076188351232,0.0 -111.32855444423265,40.4507585886221,0.0 -111.32855012363432,40.44987140675887,0.0 -111.33203407797124,40.44986145239853,0.0 -111.33202971175335,40.448974270708476,0.0 -111.33551361853148,40.448964211665206,0.0 -111.33550920669816,40.44807703015159,0.0 -111.33667049329631,40.448073653910605,0.0 -111.33666606639,40.447186472365175,0.0 -111.33782733752216,40.44718308456423,0.0 -111.3378228955442,40.44629590298738,0.0 -111.33898415121043,40.44629250362721,0.0 -111.33897523731214,40.44451814027437,0.0 -111.34129768697971,40.44451130698557,0.0 -111.341293199795,40.44362412531657,0.0 -111.34361561813179,40.443617245586,0.0 -111.34361110061518,40.44273006399435,0.0 -111.3459334876172,40.44272313782497,0.0 -111.34592893977143,40.441835956312126,0.0 -111.3470901177045,40.441832475840954,0.0 -111.34708099209158,40.44005811262115,0.0 -111.34824213929386,40.44005462070467,0.0 -111.34821925250334,40.435618710801435,0.0 -111.34705818160897,40.435622202173896,0.0 -111.34704449775309,40.43296065426145,0.0 -111.34588347243256,40.43296413364826,0.0 -111.34587892681033,40.43207695062835,0.0 -111.34471791654525,40.43208041824782,0.0 -111.34470432665952,40.42941886804189,0.0 -111.3435433619616,40.429422323679375,0.0 -111.34352530594839,40.42587358772277,0.0 -111.34236440206506,40.425877031273146,0.0 -111.34234191281699,40.42144110770855,0.0 -111.34814604895156,40.42142377609348,0.0 -111.34815062264826,40.42231096054028,0.0 -111.35047230618235,40.42230394609375,0.0 -111.35047691058246,40.42319113018493,0.0 -111.35163776729286,40.42318760536948,0.0 -111.35164238714833,40.42407478921381,0.0 -111.36209022547476,40.42404254038364,0.0 -111.36209498279757,40.424929723086,0.0 -111.36325586792564,40.42492608149122,0.0 -111.36326064071189,40.42581326394305,0.0 -111.36674334057618,40.425802268880595,0.0 -111.36674815933243,40.426689450852756,0.0 -111.36790907411225,40.426685762404446,0.0 -111.36791390833599,40.42757294412461,0.0 -111.37139669714308,40.427561808492946,0.0 -111.3714015773435,40.428448989729034,0.0 -111.37372346597242,40.428441507456554,0.0 -111.37372837689894,40.42932868832242,0.0 -111.37488933614081,40.42932492958306,0.0 -111.3748942625409,40.430212110194724,0.0 -111.3772162108774,40.43020455750763,0.0 -111.37722116800829,40.43109173774687,0.0 -111.37838215710221,40.43108794379805,0.0 -111.37839210253894,40.43286230362882,0.0 -111.38071414109044,40.43285468028095,0.0 -111.38072414844444,40.43462903908826,0.0 -111.38188519790332,40.43462520968701,0.0 -111.38189021717324,40.435512388765694,0.0 -111.38305128166819,40.43550854758494,0.0 -111.383061351398,40.43728290509163,0.0 -111.38538354075665,40.43727518726864,0.0 -111.38538860647982,40.43816236557584,0.0 -111.3865497160829,40.4381584890522,0.0 -111.38655479729319,40.4390456671015,0.0 -111.39003817052999,40.43903396719858,0.0 -111.39004329775388,40.439921144746194,0.0 -111.39352671472679,40.43990933952113,0.0 -111.39353188796824,40.44079651656375,0.0 -111.3946930417633,40.4407925580415,0.0 -111.39469823049863,40.44167973482367,0.0 -111.39585939932688,40.44167576451542,0.0 -111.39586460355741,40.44256294103673,0.0 -111.3970257874188,40.44255895894176,0.0 -111.39703100714593,40.44344613520184,0.0 -111.39819220604043,40.44344214131942,0.0 -111.39819744126548,40.44432931731791,0.0 -111.3993586551931,40.444325311647326,0.0 -111.39936915687527,40.44609966298323,0.0 -111.40053040110315,40.446095645398564,0.0 -111.4005409342556,40.44786999593549,0.0 -111.40286348308105,40.44786192526994,0.0 -111.40286878054695,40.44874910008119,0.0 -111.40519135896868,40.448740982502095,0.0 -111.40519668720987,40.44962815692326,0.0 -111.40635799133558,40.449624080508435,0.0 -111.40636333508421,40.450511254665415,0.0 -111.40752465424285,40.45050716645738,0.0 -111.407535372996,40.45228151410504,0.0 -111.40869672245941,40.45227741397529,0.0 -111.40870209746598,40.4531645874656,0.0 -111.40986346196294,40.453160475540805,0.0 -111.40986885248171,40.454047648765794,0.0 -111.41103023201222,40.45404352504523,0.0 -111.41103563804455,40.45493069800456,0.0 -111.41219703260856,40.4549265624875,0.0 -111.4122024541558,40.45581373518079,0.0 -111.4133638637533,40.45580958786652,0.0 -111.41336930081683,40.45669676029338,0.0 -111.41453072544779,40.45669260118116,0.0 -111.41453617802894,40.457579773341244,0.0 -111.41569761769333,40.45757560243037,0.0 -111.41570855413677,40.459349946078994,0.0 -111.41687002411179,40.45934576323841,0.0 -111.41687550797613,40.460232934726605,0.0 -111.4180369929852,40.460228740085526,0.0 -111.41804799200321,40.462003082388875,0.0 -111.42037102240262,40.46199465757135,0.0 -111.42037655283825,40.46288182825472,0.0 -111.42153808294931,40.46287759820787,0.0 -111.42154362891144,40.46376476862221,0.0 -111.42618980800506,40.463747731191944,0.0 -111.42619541533863,40.46463490093825,0.0 -111.4273569747716,40.464630612268174,0.0 -111.42738509159584,40.46906645827288,0.0 -111.42622345574678,40.46907074761106,0.0 -111.42623467365576,40.470845085319475,0.0 -111.42507300698607,40.47084936325047,0.0 -111.42508419531882,40.47262370067641,0.0 -111.42392249782644,40.47262796719876,0.0 -111.42393923632534,40.4752894727071,0.0 -111.4227774927188,40.47529372795192,0.0 -111.42278862237791,40.47706806453638,0.0 -111.42162684794307,40.477072308369316,0.0 -111.42164349841153,40.47973381261329,0.0 -111.42048167785356,40.47973804516473,0.0 -111.42049274881236,40.4815123809049,0.0 -111.4193308974206,40.48151660204118,0.0 -111.41934745981855,40.48417810501661,0.0 -111.41818556229465,40.48418231486744,0.0 -111.41819657452646,40.4859566497605,0.0 -111.4170346461632,40.48596084819293,0.0 -111.41704562877729,40.48773518279859,0.0 -111.41588366957257,40.487739369811166,0.0 -111.41588914594628,40.48862653703859,0.0 -111.41356519620757,40.488634876279185,0.0 -111.41357064222414,40.489522043629144,0.0 -111.41124666091591,40.4895303364008,0.0 -111.4112520765726,40.49041750387186,0.0 -111.40776605690236,40.49042985579762,0.0 -111.40777142689461,40.491317023516245,0.0 -111.40428535916966,40.49132927068028,0.0 -111.4042906834933,40.49221643864317,0.0 -111.40196660655324,40.4922245452569,0.0 -111.4019719005073,40.49311171333514,0.0 -111.39848573742348,40.49312378600672,0.0 -111.39849098570132,40.49401095432383,0.0 -111.39500477460503,40.494022922214654,0.0 -111.39500997720242,40.49491009076737,0.0 -111.39152371810982,40.49492195387073,0.0 -111.39152887502259,40.49580912265581,0.0 -111.3892046705356,40.49581697321345,0.0 -111.38920979706566,40.496704142105884,0.0 -111.38572344270871,40.49671583066988,0.0 -111.38572852354652,40.497602999789265,0.0 -111.3799178519074,40.49762224762358,0.0 -111.37991284760355,40.49673507790465,0.0 -111.37758860799879,40.496742695001586,0.0 -111.37758363452981,40.49585552490828,0.0</coordinates>
                                </LinearRing>
                            </outerBoundaryIs>
                        </Polygon>
                    </MultiGeometry>
                </Placemark>
            </Folder>
            <Folder>
                <Style>
                    <LineStyle>
                        <color>b400a5ff</color>
                        <colorMode>normal</colorMode>
                        <width>1</width>
                    </LineStyle>
                    <PolyStyle>
                        <color>5000a5ff</color>
                        <colorMode>normal</colorMode>
                        <fill>1</fill>
                        <outline>1</outline>
                    </PolyStyle>
                </Style>
                <name>60-90 min</name>
                <Placemark>
                    <name>60-90 min</name>
                    <styleUrl>#393</styleUrl>
                    <MultiGeometry>
                        <Polygon>
                            <outerBoundaryIs>
                                <LinearRing>
                                    <coordinates>-111.56823540179072,40.22714005074338,0.0 -111.56822798816974,40.22625286358497,0.0 -111.56707053526507,40.22625854021051,0.0 -111.56706313707177,40.225371352737454,0.0 -111.56590569893719,40.22537701761249,0.0 -111.56589831617023,40.224489829825146,0.0 -111.56474089280577,40.22449548295039,0.0 -111.56473352546382,40.22360829484913,0.0 -111.56357611686951,40.22361393622529,0.0 -111.56356876495123,40.2227267478105,0.0 -111.5624113711271,40.222732377438305,0.0 -111.56238936261639,40.220070810841825,0.0 -111.56354671115476,40.22006518174092,0.0 -111.56350261237289,40.214742045888514,0.0 -111.56465987003156,40.21473640627217,0.0 -111.56461569246564,40.20941326652458,0.0 -111.56345852533619,40.209418905085236,0.0 -111.56343648622118,40.206757332827074,0.0 -111.56227936402121,40.20676295929408,0.0 -111.56227203338565,40.20587576809077,0.0 -111.56111492594412,40.20588138281672,0.0 -111.5611076107172,40.204994191300685,0.0 -111.55995051803417,40.20499979428628,0.0 -111.55994321821454,40.20411260245794,0.0 -111.55878614029002,40.20411819370392,0.0 -111.55877885587635,40.2032310015636,0.0 -111.55762179271036,40.203236581070655,0.0 -111.55761452370133,40.20234938861876,0.0 -111.55645747529391,40.202354956387616,0.0 -111.55645022168817,40.20146776362449,0.0 -111.55529318803936,40.201473319655875,0.0 -111.55528594983555,40.20058612658188,0.0 -111.55297191173457,40.20059720360772,0.0 -111.55296470401069,40.19971001005062,0.0 -111.55065069478852,40.199721040478586,0.0 -111.5506435175419,40.19883384643984,0.0 -111.54832953720266,40.19884483027277,0.0 -111.54832239043071,40.19795763575381,0.0 -111.5471654148629,40.19796311015535,0.0 -111.54715828348559,40.19707591532814,0.0 -111.54600132267862,40.19708137799684,0.0 -111.54598709102643,40.19530698758913,0.0 -111.54483016005639,40.19531243835561,0.0 -111.54473788103614,40.18377888509449,0.0 -111.54589461607807,40.18377343653879,0.0 -111.54588039389863,40.18199904200802,0.0 -111.54703709849218,40.18199358223649,0.0 -111.54702997281055,40.18110638493534,0.0 -111.54818666202247,40.181100913778664,0.0 -111.54817952159244,40.180213716510806,0.0 -111.55049286893546,40.18020273987346,0.0 -111.5504856986944,40.17931554281071,0.0 -111.55164235682487,40.17931003733114,0.0 -111.55163517183878,40.17842284030279,0.0 -111.55510509912425,40.1784062550531,0.0 -111.55509786926929,40.177519058404854,0.0 -111.5562544959943,40.177513507052765,0.0 -111.55624725139835,40.17662631044031,0.0 -111.55740386273992,40.176620747707815,0.0 -111.5573893443909,40.17484635441771,0.0 -111.55854592528854,40.174840780479485,0.0 -111.55853865153746,40.17395358380221,0.0 -111.55969521705241,40.17394799848539,0.0 -111.55967335256062,40.171286408151545,0.0 -111.56082987257662,40.17128081180619,0.0 -111.56080066422462,40.1677320234684,0.0 -111.56195712369197,40.167726416271634,0.0 -111.56194249135214,40.16595202162787,0.0 -111.56309892038657,40.1659464032318,0.0 -111.56309158965061,40.16505920587906,0.0 -111.56656082963981,40.165042281923526,0.0 -111.56655345407196,40.164155084961486,0.0 -111.57002264595795,40.16413805759749,0.0 -111.57001522556239,40.16325086102939,0.0 -111.57464074992332,40.16322799691219,0.0 -111.57464823052543,40.16411519276667,0.0 -111.58274299071036,40.16407473469777,0.0 -111.5827354047475,40.163187540105994,0.0 -111.58504816024868,40.16317587708617,0.0 -111.58504054452088,40.16228868272082,0.0 -111.58850963008369,40.16227110212981,0.0 -111.58850196954361,40.16138390817559,0.0 -111.5919710068964,40.161366224208,0.0 -111.59196330154819,40.16047903066814,0.0 -111.59774494837451,40.16044932737162,0.0 -111.59775272896923,40.16133651998439,0.0 -111.60122175807446,40.16131855888409,0.0 -111.60122958416417,40.16220575079865,0.0 -111.60354229859855,40.162193718620536,0.0 -111.60355015513666,40.16308091002193,0.0 -111.60586289827732,40.1630688312769,0.0 -111.60587078526645,40.16395602216366,0.0 -111.60818355710923,40.16394389684893,0.0 -111.60819147455197,40.164831087219575,0.0 -111.61050427509277,40.16481891533231,0.0 -111.61051222299176,40.16570610518541,0.0 -111.61282505222638,40.16569388672282,0.0 -111.61283303058424,40.16658107605689,0.0 -111.61514588850856,40.16656881101615,0.0 -111.6151538973279,40.16745599982976,0.0 -111.6163103408109,40.16744984979368,0.0 -111.61631836504003,40.16833703827764,0.0 -111.61747482322122,40.168330876499724,0.0 -111.61748286286146,40.16921806465367,0.0 -111.61863933574081,40.16921189113319,0.0 -111.61864739079351,40.170099078956774,0.0 -111.61980387837096,40.17009289369304,0.0 -111.6198200196622,40.17186726854095,0.0 -111.62097653699466,40.17186107133984,0.0 -111.62099270983464,40.17363544525005,0.0 -111.62214925692403,40.173629236110095,0.0 -111.62217356405473,40.17629079536109,0.0 -111.62333015596327,40.1762845740867,0.0 -111.62334639263774,40.17805894584372,0.0 -111.6245030143084,40.17805271262723,0.0 -111.6245192825494,40.17982708344422,0.0 -111.62567593398411,40.17982083828416,0.0 -111.62577375457032,40.19046704927605,0.0 -111.62693058644977,40.190460790218076,0.0 -111.62694692509088,40.19223515639745,0.0 -111.62810378675145,40.1922288853893,0.0 -111.62817746426929,40.20021352461554,0.0 -111.6293344612463,40.20020724028325,0.0 -111.62935907219946,40.202868783623686,0.0 -111.62820202998381,40.20287506854427,0.0 -111.62824298011218,40.2073109723365,0.0 -111.62708586212179,40.20731724667203,0.0 -111.62710221454918,40.209091607615974,0.0 -111.62594506602665,40.209097870776674,0.0 -111.62596138973412,40.21087223156034,0.0 -111.6236470312589,40.210884723962074,0.0 -111.62365516348221,40.21177190453701,0.0 -111.61786918555298,40.21180293408437,0.0 -111.61787724269878,40.21269011548972,0.0 -111.61672003094945,40.21269628688913,0.0 -111.61673611613669,40.21447064967172,0.0 -111.61557887385277,40.21447680988759,0.0 -111.61558690189219,40.21536399126448,0.0 -111.61442964416206,40.21537014010354,0.0 -111.61443765746742,40.216257321534535,0.0 -111.61212311075961,40.2162695848882,0.0 -111.6121310942384,40.217156766564074,0.0 -111.60865922624654,40.217175075395204,0.0 -111.60866716480413,40.21806225750461,0.0 -111.60635255419577,40.21807440592207,0.0 -111.6063604629206,40.2189615882728,0.0 -111.60520314199681,40.21896764531524,0.0 -111.60521103597948,40.21985482771724,0.0 -111.60058168841307,40.21987894093367,0.0 -111.60057385480373,40.21899175777935,0.0 -111.59825920911786,40.21900374458788,0.0 -111.59825140604174,40.2181165609219,0.0 -111.59477948019463,40.21813445379679,0.0 -111.59477172274121,40.21724726943489,0.0 -111.59245713397091,40.21725913979639,0.0 -111.5924494070448,40.21637195492649,0.0 -111.59013484708528,40.216383778639305,0.0 -111.59014254382838,40.21727096387811,0.0 -111.58898524824423,40.21727685856403,0.0 -111.58900829524528,40.21993841400644,0.0 -111.58785095404144,40.21994429767309,0.0 -111.58787395882766,40.22260585242754,0.0 -111.58671657199866,40.22261172507276,0.0 -111.5867242258454,40.22349890989888,0.0 -111.58556682358034,40.22350477115479,0.0 -111.58557446266998,40.22439195602617,0.0 -111.58441704496882,40.22439780589205,0.0 -111.58442466929999,40.22528499080832,0.0 -111.57748006542191,40.225319848059904,0.0 -111.5774875995015,40.22620703392606,0.0 -111.5751726986622,40.226218560783074,0.0 -111.57518020287813,40.22710574687128,0.0 -111.57402273685928,40.227111493118514,0.0 -111.5740302263086,40.227998679248394,0.0 -111.57055778096019,40.22801584908128,0.0 -111.57055033681033,40.22712866241572,0.0 -111.56823540179072,40.22714005074338,0.0</coordinates>
                                </LinearRing>
                            </outerBoundaryIs>
                        </Polygon>
                        <Polygon>
                            <outerBoundaryIs>
                                <LinearRing>
                                    <coordinates>-111.69451913410634,40.3515478427663,0.0 -111.69451003305711,40.35066069634015,0.0 -111.6910313853681,40.350681532639314,0.0 -111.6910223302975,40.349794385425405,0.0 -111.68754372456186,40.34981511646558,0.0 -111.687534715466,40.34892796846721,0.0 -111.68289662964766,40.34895544627111,0.0 -111.68288768171287,40.34806829727797,0.0 -111.67709014145095,40.34810238195285,0.0 -111.67708126986182,40.34721523175898,0.0 -111.67360278653815,40.34723554245857,0.0 -111.67361161255822,40.34812269328563,0.0 -111.67245210214207,40.34812944048446,0.0 -111.67246091336389,40.34901659138377,0.0 -111.67130138736586,40.34902332716987,0.0 -111.67131018378807,40.349910478141055,0.0 -111.65507656640801,40.35000356161665,0.0 -111.65508515053415,40.350890715351646,0.0 -111.65160646287336,40.35091036602186,0.0 -111.65161500180264,40.351797520231436,0.0 -111.65045542329656,40.35180404741029,0.0 -111.65046394741177,40.35269120168535,0.0 -111.64350637728415,40.35273012185903,0.0 -111.64349794433018,40.351842966370675,0.0 -111.64117878167002,40.35185584636188,0.0 -111.64117037947662,40.350968690334035,0.0 -111.63769167826698,40.35098792253762,0.0 -111.63768332202383,40.35010076577225,0.0 -111.6353642164112,40.35011352872267,0.0 -111.6353558909227,40.34922637142148,0.0 -111.63071773603065,40.349251757045046,0.0 -111.63070947167631,40.34836459881454,0.0 -111.62839042240658,40.34837722149187,0.0 -111.62838218880032,40.34749006272995,0.0 -111.62606316844817,40.347502638522606,0.0 -111.62605496558736,40.34661547923072,0.0 -111.62257647789686,40.346634255163224,0.0 -111.62256832096801,40.34574709514811,0.0 -111.62024935773951,40.34575955393563,0.0 -111.62024123155017,40.34487239339423,0.0 -111.61676282956691,40.34489099382953,0.0 -111.61675474930237,40.344003832570394,0.0 -111.61211693572015,40.34402846967729,0.0 -111.61212495523277,40.34491563170452,0.0 -111.61096548575675,40.34492176211866,0.0 -111.61097349043699,40.3458089241992,0.0 -111.60981400541661,40.345815043182235,0.0 -111.6098219952631,40.34670220531571,0.0 -111.60866249469832,40.34670831286692,0.0 -111.60867046970976,40.34759547505299,0.0 -111.60403240315351,40.34761978978966,0.0 -111.60404031775609,40.34850695259595,0.0 -111.60288078504536,40.3485130024112,0.0 -111.6028886848081,40.3494001652683,0.0 -111.59825048969574,40.349424249046216,0.0 -111.5982583290405,40.35031141251634,0.0 -111.58782223299617,40.35036492269222,0.0 -111.58779912618213,40.34770342686415,0.0 -111.58895864821207,40.34769752833758,0.0 -111.58895093143475,40.34681036296997,0.0 -111.59011043793141,40.34680445300451,0.0 -111.59010270630725,40.34591728768342,0.0 -111.59126219727068,40.34591136627979,0.0 -111.59125445080103,40.34502420100557,0.0 -111.59241392623127,40.3450182681645,0.0 -111.59240616491748,40.34413110293751,0.0 -111.59472508436615,40.344119202760325,0.0 -111.59471729302194,40.34323203776656,0.0 -111.59587673703975,40.34322607043154,0.0 -111.59586893085478,40.342338905486095,0.0 -111.59702835933884,40.34233292671619,0.0 -111.59702053831447,40.341445761819365,0.0 -111.59817995126481,40.341439771615335,0.0 -111.59817211540238,40.3405526067675,0.0 -111.59933151281905,40.34054660513004,0.0 -111.59932366211993,40.339659440331545,0.0 -111.60048304400296,40.33965342726141,0.0 -111.60047517846846,40.338766262512635,0.0 -111.6016345448179,40.33876023801054,0.0 -111.60162666444938,40.33787307331181,0.0 -111.60278601526525,40.3378670373785,0.0 -111.60277812006407,40.336979872730176,0.0 -111.60393745534641,40.336973825366364,0.0 -111.60392954531393,40.336086660768785,0.0 -111.60508886506275,40.33608060197521,0.0 -111.60507301568994,40.334306272744506,0.0 -111.60623230472463,40.33430020271117,0.0 -111.60619261156002,40.329864378169276,0.0 -111.60735182434868,40.32985829746637,0.0 -111.60733591919892,40.32808396706424,0.0 -111.60849510128172,40.32807787512551,0.0 -111.60847916719523,40.32630354455207,0.0 -111.60963831857426,40.32629744137893,0.0 -111.60960639395671,40.32274877933963,0.0 -111.61076548428964,40.322742665314806,0.0 -111.61074149903756,40.320081167910345,0.0 -111.60958245421617,40.320087281363286,0.0 -111.60955053952468,40.31653861546564,0.0 -111.60839155502147,40.31654471654585,0.0 -111.60830398564917,40.30678587186711,0.0 -111.60714516758675,40.30679195924866,0.0 -111.60706574774912,40.29792026590297,0.0 -111.60822441425088,40.29791418041941,0.0 -111.60820850421213,40.296139840476556,0.0 -111.6093671400565,40.29613374377056,0.0 -111.60935917041611,40.295246573782606,0.0 -111.61051779075552,40.29524046566513,0.0 -111.6105098063188,40.294353295729884,0.0 -111.61166841115325,40.29434717620166,0.0 -111.61166041192155,40.293460006319464,0.0 -111.6128190012511,40.29345387538123,0.0 -111.61281098722576,40.292566705552446,0.0 -111.61512813451847,40.29255440925692,0.0 -111.61512009055261,40.291667239673814,0.0 -111.61627864851516,40.29166107431764,0.0 -111.61627058975905,40.290773904789,0.0 -111.61742913221616,40.29076772802535,0.0 -111.61741298548468,40.28899338893992,0.0 -111.6185714972902,40.28898720096254,0.0 -111.61856340931685,40.288100031406074,0.0 -111.61972190561768,40.28809383202305,0.0 -111.61970570045969,40.286319492883386,0.0 -111.62086416611177,40.286313282289136,0.0 -111.62085604892914,40.285426112706276,0.0 -111.62201449907728,40.28541989070819,0.0 -111.62200636711245,40.28453272118154,0.0 -111.62548166995897,40.2845139861866,0.0 -111.62547349292923,40.283626817106416,0.0 -111.62663191134394,40.28362054910935,0.0 -111.62662371953604,40.28273338008683,0.0 -111.62778212244561,40.28272710068886,0.0 -111.62777391586091,40.28183993172433,0.0 -111.6289323032654,40.281833640926195,0.0 -111.62880902119296,40.268526092859595,0.0 -111.62996718120412,40.268519793413255,0.0 -111.62993425933719,40.26497110947675,0.0 -111.63109235846757,40.26496479922717,0.0 -111.63108411378742,40.26407762809526,0.0 -111.63224219742453,40.26407130645376,0.0 -111.63223393798408,40.26318413538119,0.0 -111.63455007390444,40.26317145772743,0.0 -111.63454178457927,40.26228428691243,0.0 -111.63685788877572,40.26227156330215,0.0 -111.6368495695686,40.26138439274615,0.0 -111.638007605988,40.26137801375802,0.0 -111.63799927202595,40.26049084326312,0.0 -111.64031531350514,40.260478050923126,0.0 -111.64030694966593,40.25959088068936,0.0 -111.64146495472511,40.259584467338584,0.0 -111.64145657613436,40.25869729716699,0.0 -111.64261456569855,40.25869087242978,0.0 -111.6426061723576,40.25780370232069,0.0 -111.6449221201227,40.25779081848876,0.0 -111.64491369691137,40.256903648643636,0.0 -111.66112507737263,40.256812167037126,0.0 -111.6611337122835,40.25769933402869,0.0 -111.6646076151741,40.25767943477358,0.0 -111.66461629583415,40.25856660100645,0.0 -111.66693225941204,40.25855327649126,0.0 -111.66694097070263,40.259440442170515,0.0 -111.67041495853401,40.259420367874874,0.0 -111.67042371558092,40.260307532789966,0.0 -111.671581725871,40.260300817975505,0.0 -111.67159049843055,40.26118798254312,0.0 -111.67390654808888,40.261174517733494,0.0 -111.67391535128688,40.26206168174311,0.0 -111.67623142963032,40.26204817016305,0.0 -111.67624026346938,40.26293533361317,0.0 -111.67739831717805,40.26292856023048,0.0 -111.6774071665351,40.26381572333127,0.0 -111.6797233030242,40.26380214137847,0.0 -111.67973218302694,40.26468930391758,0.0 -111.6832064301803,40.264668843438166,0.0 -111.6832153559583,40.265556005201,0.0 -111.68553154900032,40.2655423065111,0.0 -111.68554050542987,40.26642946770859,0.0 -111.68785672713607,40.26641572223419,0.0 -111.68786571421981,40.26730288286486,0.0 -111.69134008916875,40.26728217708789,0.0 -111.69134912203815,40.26816933693461,0.0 -111.69482353876326,40.26814852620211,0.0 -111.69483261742218,40.269035685261635,0.0 -111.69714892348304,40.26902175305575,0.0 -111.69715803280528,40.26990891154257,0.0 -111.6994743675081,40.26989493253961,0.0 -111.69948350749631,40.27078209045227,0.0 -111.70295805189664,40.270761034361584,0.0 -111.70296723768476,40.27164819147935,0.0 -111.70528362884235,40.27163409569125,0.0 -111.70529284530231,40.272521252231186,0.0 -111.70645105539943,40.27251418672986,0.0 -111.7064602874013,40.27340134291123,0.0 -111.707618512221,40.27339426559754,0.0 -111.70762775976613,40.274281421419964,0.0 -111.70878599930836,40.27427433229322,0.0 -111.70879526239807,40.27516148775633,0.0 -111.70995351666284,40.2751543868158,0.0 -111.70997207434621,40.27692869688443,0.0 -111.71113035846861,40.276921583907566,0.0 -111.71114894807282,40.278695892979606,0.0 -111.71230726205482,40.27868876796493,0.0 -111.71232588358535,40.28046307603962,0.0 -111.71348422742888,40.280455938985696,0.0 -111.71350288089123,40.282230246062234,0.0 -111.71466125459823,40.282223096967606,0.0 -111.71468928332015,40.284884555876666,0.0 -111.71584770203373,40.28487739451654,0.0 -111.71587577991797,40.28753885151127,0.0 -111.71703424364337,40.28753167788343,0.0 -111.71706237070254,40.290193132962635,0.0 -111.71822087944498,40.29018594706488,0.0 -111.7182396631923,40.29196024931144,0.0 -111.71939820180994,40.29195305136602,0.0 -111.71941701752088,40.29372735261054,0.0 -111.72057558601563,40.29372014261599,0.0 -111.7205944336957,40.29549444285768,0.0 -111.72175303206947,40.29548722081257,0.0 -111.72177191172419,40.297261520050625,0.0 -111.72293053997896,40.29725428595348,0.0 -111.72294945161381,40.29902858418716,0.0 -111.72410810975148,40.29902133803653,0.0 -111.72413652581335,40.301682783671815,0.0 -111.72529522898965,40.301675525239894,0.0 -111.72531420544419,40.30344982118583,0.0 -111.7264729385086,40.30344255069713,0.0 -111.72650145182087,40.30610399289843,0.0 -111.72766022993241,40.306096710124386,0.0 -111.72767927123446,40.307871003779404,0.0 -111.72883807923931,40.3078637089453,0.0 -111.72885715255192,40.309638001592006,0.0 -111.73001599045202,40.30963069469637,0.0 -111.7300350957807,40.311404986334,0.0 -111.73119396357797,40.311397667375374,0.0 -111.73121310092823,40.31317195800315,0.0 -111.7300542028068,40.313179277418236,0.0 -111.7300924219519,40.316727857926416,0.0 -111.72893346274955,40.31673516664498,0.0 -111.72896208606588,40.31939660125707,0.0 -111.72780308094019,40.31940389904878,0.0 -111.72783166256575,40.32206533309833,0.0 -111.72667261151123,40.32207261996104,0.0 -111.72669163770406,40.323846909090086,0.0 -111.72553255588645,40.32385418479482,0.0 -111.72555155342658,40.32562847382417,0.0 -111.72439244084376,40.32563573836948,0.0 -111.72441140972593,40.3274100272985,0.0 -111.72325226637581,40.327417280682944,0.0 -111.72327120659476,40.329191569510925,0.0 -111.72211203247522,40.329198811733086,0.0 -111.72214040043106,40.33186024461497,0.0 -111.72098118036325,40.33186747589885,0.0 -111.72100006407886,40.33364176424605,0.0 -111.71984081323606,40.33364898436442,0.0 -111.7198596682714,40.335423272608544,0.0 -111.71870038665149,40.33543048155995,0.0 -111.71872862680347,40.33809191356302,0.0 -111.71756929922283,40.33809911157045,0.0 -111.71758809771694,40.339873399329726,0.0 -111.71642873935362,40.33988058616697,0.0 -111.71644750915037,40.34165487382114,0.0 -111.71528812000226,40.341662049486764,0.0 -111.71530686109637,40.343436337035115,0.0 -111.71414744116136,40.34344350152769,0.0 -111.71416615354757,40.34521778896955,0.0 -111.71300670282355,40.345224942287615,0.0 -111.71302538649658,40.34699922962231,0.0 -111.71186590498145,40.34700637176446,0.0 -111.71187523225153,40.34789351544702,0.0 -111.71071573513292,40.34790064618949,0.0 -111.71072504762769,40.34878778995605,0.0 -111.70840602177036,40.34880201701747,0.0 -111.70841530429799,40.34968916108928,0.0 -111.70609624640997,40.34970334210186,0.0 -111.70610549896772,40.350590486477486,0.0 -111.70378640905291,40.35060462143824,0.0 -111.70379563163802,40.351491766116254,0.0 -111.70147650970031,40.351505855022204,0.0 -111.70148570231,40.352393000001186,0.0 -111.69684739276812,40.35242103920038,0.0 -111.69683826092907,40.35153389334731,0.0 -111.69451913410634,40.3515478427663,0.0</coordinates>
                                </LinearRing>
                            </outerBoundaryIs>
                        </Polygon>
                        <Polygon>
                            <outerBoundaryIs>
                                <LinearRing>
                                    <coordinates>-111.68508957247128,40.45096978220559,0.0 -111.68508056341649,40.450082649319,0.0 -111.68043552833703,40.45011008494927,0.0 -111.6804265807524,40.44922295106967,0.0 -111.67578160037783,40.449250199220735,0.0 -111.67579048689251,40.450137333949314,0.0 -111.66650038508209,40.450191272055704,0.0 -111.66650914984558,40.45107840832661,0.0 -111.66186402849294,40.451105098263035,0.0 -111.66185532480306,40.45021796116059,0.0 -111.65953279233909,40.45023123572563,0.0 -111.65952411957173,40.44934409807146,0.0 -111.65836286802882,40.44935071765085,0.0 -111.65835421091417,40.448463579652305,0.0 -111.65603173720864,40.44847678340696,0.0 -111.65602311101185,40.44758964485894,0.0 -111.65486188884996,40.447596229035256,0.0 -111.6548532783025,40.44670909014399,0.0 -111.65369207102366,40.446715662452,0.0 -111.65368347612417,40.445828523217855,0.0 -111.65252228372837,40.44583508365824,0.0 -111.65251370447552,40.44494794408161,0.0 -111.65135252696284,40.444954492655114,0.0 -111.65133540012837,40.443180212679536,0.0 -111.65017425276203,40.44318674918321,0.0 -111.65015715797469,40.441412468248,0.0 -111.64899604075272,40.44141899268331,0.0 -111.64897897800698,40.439644710789246,0.0 -111.64781789092743,40.43965122315765,0.0 -111.6478093753833,40.438764081800606,0.0 -111.64664830318503,40.43877058230612,0.0 -111.64663980327865,40.43788344060847,0.0 -111.64431768826753,40.4378964062355,0.0 -111.64430075062114,40.436122121618084,0.0 -111.64313972306692,40.436128586539226,0.0 -111.6431059133164,40.43258001484219,0.0 -111.64426687984587,40.43257355072676,0.0 -111.6442584130931,40.43168640765884,0.0 -111.64541936399169,40.43167993208772,0.0 -111.6454108823615,40.430792789083526,0.0 -111.64657181762927,40.43078630205744,0.0 -111.64656332112301,40.42989915911734,0.0 -111.64772424075998,40.42989266063702,0.0 -111.64771572937903,40.42900551776137,0.0 -111.64887663338524,40.42899900782756,0.0 -111.64885105575937,40.42633757898082,0.0 -111.651172771128,40.42632452536561,0.0 -111.65116421551141,40.42543738254733,0.0 -111.65348589885953,40.42542428272086,0.0 -111.65347731312539,40.42453714017271,0.0 -111.65463813897837,40.42453057298239,0.0 -111.65462953837766,40.42364343050083,0.0 -111.65579034860014,40.42363685186141,0.0 -111.65578173313422,40.42274970944675,0.0 -111.65694252772619,40.42274311935895,0.0 -111.6569338973964,40.42185597701157,0.0 -111.66157701093395,40.42182950095194,0.0 -111.66158570225085,40.42271664247428,0.0 -111.66274649491781,40.42270999411979,0.0 -111.66275520186848,40.42359713529685,0.0 -111.66855923562102,40.42356371768383,0.0 -111.6685504524336,40.4226765775481,0.0 -111.67203282226345,40.42265638776604,0.0 -111.67202399372667,40.4217692481213,0.0 -111.674345541159,40.42175573042175,0.0 -111.67433668252293,40.420868591060085,0.0 -111.67549744040292,40.42086181494223,0.0 -111.67547969382242,40.41908753622668,0.0 -111.67664042081836,40.41908074887939,0.0 -111.67661375817634,40.41641933040426,0.0 -111.67545307690973,40.41642611711705,0.0 -111.67543533427305,40.414651837019775,0.0 -111.67427468309496,40.41465861165968,0.0 -111.67424811781643,40.4119971898442,0.0 -111.67308751196398,40.41200395220196,0.0 -111.67306983422233,40.41022966987935,0.0 -111.67190925845317,40.41023642016753,0.0 -111.6719004354087,40.40934927858864,0.0 -111.67073987448445,40.40935601701869,0.0 -111.67066942611724,40.40225887773456,0.0 -111.66950898667402,40.40226560283994,0.0 -111.66948262068475,40.3996041727004,0.0 -111.67064301443696,40.39959744822376,0.0 -111.67056380052242,40.39161315223218,0.0 -111.67172405684701,40.391606418000954,0.0 -111.67168879994455,40.38805783925286,0.0 -111.67284899498999,40.38805109422207,0.0 -111.6728401665235,40.387163949399955,0.0 -111.67400034595644,40.387157192940705,0.0 -111.67399150266283,40.38627004819101,0.0 -111.67515166648333,40.386263280304036,0.0 -111.67514280836396,40.38537613562716,0.0 -111.67630295657202,40.385369356313184,0.0 -111.67629408362825,40.38448221170946,0.0 -111.67745421622394,40.384475420969224,0.0 -111.67744532845711,40.383588276439,0.0 -111.67860544544045,40.38358147427323,0.0 -111.67859654285193,40.38269432981687,0.0 -111.68207684577547,40.382673854134744,0.0 -111.6820678979347,40.38178671017841,0.0 -111.69134856645753,40.38173159805987,0.0 -111.69135763602509,40.382618740298405,0.0 -111.69367782957035,40.38260484547225,0.0 -111.69368692997381,40.38349198713947,0.0 -111.69484704135655,40.38348502205431,0.0 -111.69485615738154,40.384372163366216,0.0 -111.69717640936506,40.3843581978496,0.0 -111.6971855562306,40.38524533858798,0.0 -111.70414639370969,40.385203161427555,0.0 -111.70415563229159,40.386090300713064,0.0 -111.70531578565665,40.386083230234156,0.0 -111.70532503986803,40.38697036916104,0.0 -111.70648520804072,40.38696328682339,0.0 -111.70650374813721,40.388737563820776,0.0 -111.70766394633772,40.38873046940258,0.0 -111.70768251852468,40.390504745404535,0.0 -111.70884274675494,40.390497638904314,0.0 -111.70886135103792,40.392271913910065,0.0 -111.7100216092999,40.392264795326355,0.0 -111.71003092728509,40.3931519323999,0.0 -111.7111912003565,40.393144801953476,0.0 -111.71120053398005,40.39403193866647,0.0 -111.71236082186086,40.39402479635662,0.0 -111.7123701711241,40.394911932708695,0.0 -111.71353047381426,40.39490477853471,0.0 -111.71354920403913,40.39667905037788,0.0 -111.71470953676477,40.39667188411567,0.0 -111.71471891772842,40.39755901960642,0.0 -111.715879265264,40.39755184147827,0.0 -111.7158886618721,40.39843897660693,0.0 -111.71820938614472,40.39842458497433,0.0 -111.7182188136268,40.39931171951613,0.0 -111.71937919036309,40.399304506010616,0.0 -111.719388633493,40.400191640189234,0.0 -111.7205490250384,40.40018441481524,0.0 -111.72055848381747,40.401071548630306,0.0 -111.72171889017193,40.40106431138713,0.0 -111.72173783945227,40.40283857815103,0.0 -111.72289827584652,40.402831328812034,0.0 -111.72290776634983,40.40371846176048,0.0 -111.72406821755371,40.4037112005505,0.0 -111.72407772371095,40.40459833313425,0.0 -111.72523818972442,40.40459106005257,0.0 -111.72524771153695,40.405478192271254,0.0 -111.72640819235997,40.405470907317124,0.0 -111.72641772982915,40.406358039170385,0.0 -111.72757822546167,40.40635074234312,0.0 -111.72758777858886,40.407237873830574,0.0 -111.72874828903083,40.40723056512944,0.0 -111.72875785781737,40.408117696250706,0.0 -111.72991838306876,40.40811037567499,0.0 -111.72993755238926,40.40988463704594,0.0 -111.73109810768608,40.409877304366404,0.0 -111.73112691057437,40.41253869469905,0.0 -111.7322875111566,40.412531349685345,0.0 -111.73230674569415,40.414305608757104,0.0 -111.73346737632703,40.41429825163629,0.0 -111.73348664305534,40.416072509695724,0.0 -111.7358079639974,40.41605775958693,0.0 -111.73581762848666,40.416944887949306,0.0 -111.73697830355503,40.41693749518953,0.0 -111.7369976643071,40.41871175103812,0.0 -111.73815836942988,40.4187043461665,0.0 -111.73817776239062,40.42047860099969,0.0 -111.7393384975698,40.42047118401475,0.0 -111.73935792274476,40.42224543783175,0.0 -111.74051868798226,40.422238008732045,0.0 -111.74053814537699,40.42401226153206,0.0 -111.74169894067475,40.424004820316135,0.0 -111.7417281757546,40.42666619778179,0.0 -111.74288901636329,40.42665874421592,0.0 -111.74289877750569,40.42754586952853,0.0 -111.74405963292983,40.42753840407574,0.0 -111.74408896471279,40.43019977848461,0.0 -111.7429280635365,40.430207244635284,0.0 -111.74293782641472,40.43109436939385,0.0 -111.74177690955236,40.43110182412107,0.0 -111.7417866576118,40.43198894897339,0.0 -111.73946479208217,40.432003823922955,0.0 -111.73947451006799,40.43289094910027,0.0 -111.73715261230336,40.43290577788586,0.0 -111.7371623002128,40.43379290338672,0.0 -111.73484037021703,40.43380768600533,0.0 -111.73485002804733,40.43469481182832,0.0 -111.73252806582433,40.43470954827697,0.0 -111.73253769357268,40.435596674420665,0.0 -111.73021569912636,40.435611364696356,0.0 -111.73022529679,40.43649849115931,0.0 -111.72906428367011,40.4365058190384,0.0 -111.72907386650336,40.43739294559123,0.0 -111.72791283770037,40.437400262039844,0.0 -111.72792240570186,40.438287388682184,0.0 -111.72676136121575,40.438294693699596,0.0 -111.72677091438413,40.43918182043111,0.0 -111.72444879362152,40.4391963959425,0.0 -111.72445831669624,40.44008352298973,0.0 -111.72329724042037,40.440090793482604,0.0 -111.72330674865856,40.440977920617954,0.0 -111.72214565670008,40.440985179677035,0.0 -111.72215515010039,40.44187230690012,0.0 -111.72099404245925,40.44187955452471,0.0 -111.72100352102034,40.4427666818352,0.0 -111.7198423976965,40.442773918024535,0.0 -111.719851861417,40.443661045422076,0.0 -111.71752958298381,40.44367548326735,0.0 -111.71753901659964,40.44456261097633,0.0 -111.7163778614909,40.44456981263115,0.0 -111.71638728026272,40.445456940426126,0.0 -111.71522610947183,40.44546413064313,0.0 -111.71523551339828,40.44635125852374,0.0 -111.71407432692519,40.44635843730221,0.0 -111.71408371600494,40.447245565268084,0.0 -111.71292251384959,40.447252732607254,0.0 -111.71293188808126,40.44813986065807,0.0 -111.71060945198988,40.448154160793045,0.0 -111.7106187961059,40.449041289151026,0.0 -111.7094575621705,40.44904842194571,0.0 -111.70946689143503,40.449935550387565,0.0 -111.70598314134205,40.44995687945374,0.0 -111.70597385787843,40.449069750347356,0.0 -111.70481262228806,40.44907683648706,0.0 -111.7048033545035,40.44818970702156,0.0 -111.69435235312736,40.448252955436786,0.0 -111.69436148351399,40.44914008687291,0.0 -111.69087776325797,40.44916096038534,0.0 -111.69088684824881,40.450048092333525,0.0 -111.68972559208748,40.45005502705925,0.0 -111.6897346622143,40.45094215908522,0.0 -111.68857339038176,40.45094908236232,0.0 -111.68858244564318,40.45183621446574,0.0 -111.68625987023363,40.45185002645626,0.0 -111.68625084550956,40.45096289392254,0.0 -111.68508957247128,40.45096978220559,0.0</coordinates>
                                </LinearRing>
                            </outerBoundaryIs>
                        </Polygon>
                        <Polygon>
                            <outerBoundaryIs>
                                <LinearRing>
                                    <coordinates>-111.80483657427422,40.65602078166213,0.0 -111.80367178462805,40.65602889474918,0.0 -111.80365049498596,40.654254739822385,0.0 -111.80248573571365,40.65426284065727,0.0 -111.80246447881198,40.6524886846702,0.0 -111.80129974991156,40.65249677325438,0.0 -111.80128913759192,40.6516096948006,0.0 -111.8001244236406,40.65161777138688,0.0 -111.80011382721422,40.65073069254277,0.0 -111.79894912821202,40.65073875713189,0.0 -111.79893854767751,40.649851677897836,0.0 -111.79660917910118,40.649867771337696,0.0 -111.79659862987671,40.64898069146381,0.0 -111.79426929026104,40.6489967374223,0.0 -111.79423773791436,40.646335495468776,0.0 -111.79307311365854,40.646343500082914,0.0 -111.79305211193461,40.64456933758755,0.0 -111.7918875180444,40.64457732996014,0.0 -111.7918770332991,40.64369024825529,0.0 -111.7907124543577,40.643698228636154,0.0 -111.79070198549395,40.642811146544005,0.0 -111.78953742150141,40.642819114933864,0.0 -111.78952696851786,40.6419320324548,0.0 -111.78603331999379,40.641955866426585,0.0 -111.78604372673465,40.64284294964741,0.0 -111.78255002779855,40.64286667867662,0.0 -111.78256038875767,40.64375376249701,0.0 -111.78139580610728,40.64376164893337,0.0 -111.7813854605632,40.64287456486755,0.0 -111.78022089286733,40.64288243931573,0.0 -111.78020023398874,40.64110827027728,0.0 -111.77903569666115,40.6411161324933,0.0 -111.77900475802859,40.63845487716001,0.0 -111.777840266479,40.63846272690105,0.0 -111.77782996993056,40.63757564126791,0.0 -111.77550101627914,40.63759130503956,0.0 -111.77549075100968,40.63670421878007,0.0 -111.77316182635123,40.63671983510316,0.0 -111.77315159235812,40.63583274821881,0.0 -111.77198714475496,40.635840538527475,0.0 -111.77197692662642,40.63495345126181,0.0 -111.76964806087443,40.63496899617548,0.0 -111.7696378740175,40.6340819082872,0.0 -111.7614869374975,40.63413594400505,0.0 -111.7614768589487,40.63324885429623,0.0 -111.76031245305374,40.63325652648849,0.0 -111.76030239036078,40.632369436402136,0.0 -111.75797360804235,40.63238474509324,0.0 -111.7579635766104,40.63149765439165,0.0 -111.75679920018766,40.631505290891575,0.0 -111.75678918460814,40.630618199813576,0.0 -111.75213173608977,40.63064862748325,0.0 -111.75215164444411,40.63242281139459,0.0 -111.75098725039243,40.6324303894388,0.0 -111.75102701078471,40.635978756540304,0.0 -111.74869809808712,40.6359938792951,0.0 -111.74868818814434,40.63510678725714,0.0 -111.74635930450133,40.63512186258193,0.0 -111.74634942581734,40.6342347699361,0.0 -111.74285614328325,40.63425729417322,0.0 -111.7428659757405,40.63514438752009,0.0 -111.74170153194397,40.635151872353006,0.0 -111.7417211673516,40.636926059096616,0.0 -111.74055669229806,40.63693353265481,0.0 -111.74056649524638,40.63782062605121,0.0 -111.73940200434546,40.63782808810098,0.0 -111.73941179231844,40.63871518159094,0.0 -111.73708277838668,40.638730070930734,0.0 -111.73707302123725,40.63784297697739,0.0 -111.73590852903133,40.63785040380401,0.0 -111.73589878772735,40.63696330948086,0.0 -111.72658295781679,40.63702229957804,0.0 -111.72657334023062,40.63613520328036,0.0 -111.7230799431633,40.63615713016133,0.0 -111.72307037223511,40.63527003304262,0.0 -111.72190592110302,40.63527731829525,0.0 -111.72189636601017,40.634390220811255,0.0 -111.72073192986208,40.634397494097385,0.0 -111.7207223906032,40.63351039624843,0.0 -111.71955796943915,40.63351765756879,0.0 -111.71953892301046,40.63174346100326,0.0 -111.72070331335921,40.63173620013489,0.0 -111.72069377537406,40.630849101870275,0.0 -111.72418689765047,40.63082724951326,0.0 -111.7241773138722,40.62994015179021,0.0 -111.72650602911297,40.62992552531602,0.0 -111.72649641495096,40.629038427909606,0.0 -111.72766075652464,40.62903109729383,0.0 -111.72765112738615,40.628143999977006,0.0 -111.72881545312681,40.62813665785224,0.0 -111.72880580901317,40.627249560625316,0.0 -111.72997011892086,40.62724220699229,0.0 -111.72996045983344,40.62635510985566,0.0 -111.73228904755236,40.62634036783822,0.0 -111.73227935809027,40.625453271021804,0.0 -111.73460791327952,40.62543848251919,0.0 -111.73458847404419,40.623664289391066,0.0 -111.7357527201878,40.62365687799716,0.0 -111.73571378531152,40.62010849100011,0.0 -111.73687796942538,40.6201010687951,0.0 -111.73682923359644,40.61566558308466,0.0 -111.73799334029637,40.61565815030276,0.0 -111.737983579038,40.61477105297613,0.0 -111.74496811772687,40.61472621131056,0.0 -111.74495826454377,40.61383911524103,0.0 -111.74612233740122,40.613831600803756,0.0 -111.74611246926419,40.61294450482945,0.0 -111.74727652629005,40.61293697889534,0.0 -111.74726664320046,40.61204988301663,0.0 -111.74843068439475,40.61204234558641,0.0 -111.748420786354,40.61115524980362,0.0 -111.75074883663832,40.611140140222496,0.0 -111.75073890825747,40.610253044771326,0.0 -111.75306692599378,40.61023788874216,0.0 -111.75305696727564,40.609350793624046,0.0 -111.75422096008975,40.60934319825154,0.0 -111.75419104042992,40.60668191277421,0.0 -111.75535498663571,40.60667430638285,0.0 -111.75534499891666,40.60578721118306,0.0 -111.75650892929119,40.60577959330075,0.0 -111.75649892663054,40.6048924981994,0.0 -111.75882675527136,40.60487722772706,0.0 -111.75881672228513,40.603990132962295,0.0 -111.76114451836929,40.603974816057516,0.0 -111.76113445506031,40.6030877216308,0.0 -111.7646260996722,40.60306465903972,0.0 -111.76461599065941,40.60217756519215,0.0 -111.76577985591402,40.60216985444877,0.0 -111.76576973196794,40.60128276070244,0.0 -111.76693358138886,40.60127503847331,0.0 -111.76691330408404,40.599500851045114,0.0 -111.76807712228958,40.59949311757172,0.0 -111.76806696893289,40.59860602389017,0.0 -111.77039457322569,40.598590522250916,0.0 -111.77038438956015,40.59770342891315,0.0 -111.77154817564679,40.59769566074841,0.0 -111.7715379770548,40.59680856751363,0.0 -111.77270174730799,40.596800787866826,0.0 -111.77269153379093,40.59591369473543,0.0 -111.7750190421753,40.59589810075568,0.0 -111.77500879835637,40.59501100797091,0.0 -111.77617253648694,40.59500319363907,0.0 -111.77616227774637,40.59411610095875,0.0 -111.77732600004296,40.59410827514744,0.0 -111.77730545317844,40.59233408985753,0.0 -111.77381437717852,40.592357530663804,0.0 -111.77380415055826,40.59147043708089,0.0 -111.76216735483712,40.5915478087594,0.0 -111.76215728242077,40.59066071262911,0.0 -111.75982994862599,40.590676045826385,0.0 -111.75981990740652,40.58978894908002,0.0 -111.7586562552129,40.58979659785837,0.0 -111.75864622981393,40.58890950073518,0.0 -111.7574825925479,40.588917137554674,0.0 -111.75747258296806,40.58803004005501,0.0 -111.75514533784651,40.58804527805735,0.0 -111.75513535945684,40.58715817994461,0.0 -111.75397175160208,40.58716578112853,0.0 -111.7539518268975,40.585391584013685,0.0 -111.75278824934223,40.58539917300502,0.0 -111.75276835715087,40.583624974862886,0.0 -111.75160480989311,40.583632551663094,0.0 -111.75159487983031,40.58274545214812,0.0 -111.74461367924312,40.58279066545017,0.0 -111.74460384183271,40.58190356438895,0.0 -111.7387862394752,40.58194091872348,0.0 -111.73877647934185,40.58105381636071,0.0 -111.73644946608982,40.581068675605735,0.0 -111.73643973712528,40.580181572641735,0.0 -111.73527624521682,40.58018898445696,0.0 -111.7352665320518,40.579301881123634,0.0 -111.7271221841959,40.57935343413868,0.0 -111.72711257902513,40.57846632906178,0.0 -111.72594911441102,40.57847364668221,0.0 -111.72593952503306,40.57758654123896,0.0 -111.72477607535767,40.57759384691522,0.0 -111.72476650177113,40.576706741105966,0.0 -111.72360306703452,40.57671403483878,0.0 -111.72359350923803,40.575826928663915,0.0 -111.72126666921791,40.575841480528425,0.0 -111.72125714257355,40.574954373762,0.0 -111.71776692545627,40.574976113014344,0.0 -111.71775744532424,40.57408900543258,0.0 -111.71426727049912,40.57411063857328,0.0 -111.71425783687545,40.573223530179504,0.0 -111.71076770435927,40.573245057214805,0.0 -111.71075831724004,40.572357948012325,0.0 -111.70726822704958,40.57237936894847,0.0 -111.70725888643084,40.57149225894063,0.0 -111.70493218828,40.57150648055013,0.0 -111.70490426107507,40.568845148367636,0.0 -111.70606756427902,40.56883804408348,0.0 -111.70605824068079,40.56795093330029,0.0 -111.70838481512698,40.5679366900367,0.0 -111.70837546122846,40.567049579558535,0.0 -111.71302854369104,40.567020953372435,0.0 -111.71301912878143,40.566133843647094,0.0 -111.71534563678851,40.566119460729126,0.0 -111.71533619158564,40.56523235131312,0.0 -111.71766266719966,40.56521792199752,0.0 -111.71765319170633,40.564330812892294,0.0 -111.72114285589784,40.564309081760534,0.0 -111.72115237745705,40.565196190189134,0.0 -111.72464208390161,40.56517435297906,0.0 -111.7246516519522,40.56606146058923,0.0 -111.73279439288234,40.566010095606245,0.0 -111.73278471734113,40.565122989595295,0.0 -111.73511118017412,40.56510820894205,0.0 -111.73510147435333,40.56422110325272,0.0 -111.73742790474898,40.564206276216524,0.0 -111.73741816865142,40.56331917085025,0.0 -111.73858136784554,40.563311739997374,0.0 -111.73859111929737,40.56419884513228,0.0 -111.74557039745254,40.56415401270161,0.0 -111.74556055387559,40.56326690896255,0.0 -111.7502133358125,40.56323678739973,0.0 -111.75022324080577,40.564123890200925,0.0 -111.76069211250305,40.5640554295045,0.0 -111.76068206932437,40.56316832883481,0.0 -111.7664980167796,40.563129886443356,0.0 -111.76648789728229,40.562242786831874,0.0 -111.76881424241145,40.562227328386015,0.0 -111.76880409265969,40.56134022911707,0.0 -111.77345671608454,40.56130917267629,0.0 -111.77344650537802,40.560422074235554,0.0 -111.77809906012827,40.56039083141934,0.0 -111.77808878847279,40.55950373381256,0.0 -111.7815781536872,40.55948017949089,0.0 -111.78156783643857,40.55859308247868,0.0 -111.7838940469209,40.55857732154608,0.0 -111.78388369943265,40.55769022488578,0.0 -111.78504678863435,40.55768232710331,0.0 -111.78503642625786,40.55679523055009,0.0 -111.78736257258036,40.55677940035505,0.0 -111.78735217996915,40.55589230415586,0.0 -111.78967829374655,40.55587642762604,0.0 -111.78966787090339,40.55498933178234,0.0 -111.79199395213175,40.55497340892078,0.0 -111.79198349905947,40.55408631343396,0.0 -111.79430954773491,40.55407034424364,0.0 -111.79429906443629,40.55318324911519,0.0 -111.79546207272911,40.55317524721003,0.0 -111.79545157455189,40.552288152191835,0.0 -111.79661456703272,40.552280138830454,0.0 -111.79660405397829,40.55139304392287,0.0 -111.79893000684768,40.5513769825842,0.0 -111.79891946357385,40.55048988803782,0.0 -111.80008242396181,40.55048184006163,0.0 -111.80004019418938,40.54693346148928,0.0 -111.80120309274052,40.5469254028123,0.0 -111.80116080912578,40.54337702302091,0.0 -111.80232364585055,40.54336895364595,0.0 -111.80226014252048,40.53804638129873,0.0 -111.80109739780939,40.5380544491662,0.0 -111.80108683090201,40.537167353037525,0.0 -111.7999241010541,40.53717540895466,0.0 -111.79991354994935,40.536288312436234,0.0 -111.79642540359004,40.53631240924254,0.0 -111.7964148989504,40.53542531183482,0.0 -111.7940894963706,40.53544131738002,0.0 -111.79407902286086,40.53455421933501,0.0 -111.79175364908015,40.53457017758943,0.0 -111.79174320669762,40.5336830789086,0.0 -111.79058053444086,40.53369104024072,0.0 -111.79057010785284,40.532803941173135,0.0 -111.78824479260871,40.53281982824933,0.0 -111.78818242675143,40.52749722795968,0.0 -111.78701986040166,40.52750515247084,0.0 -111.78697835370667,40.5239567485139,0.0 -111.78581584819258,40.52396466034419,0.0 -111.78576405181396,40.519529151042555,0.0 -111.78460162244545,40.51953704994898,0.0 -111.78457059610267,40.516875741964235,0.0 -111.78340821222989,40.51688362844176,0.0 -111.78336691147699,40.51333521486973,0.0 -111.78220458840981,40.51334308867539,0.0 -111.78219427968413,40.51245598469018,0.0 -111.78103197147297,40.5124638465615,0.0 -111.78102167851964,40.511576742192624,0.0 -111.77985938516454,40.511584592130326,0.0 -111.7798491079822,40.510697487378195,0.0 -111.77752455052789,40.51071315169938,0.0 -111.77751430442771,40.50982604632061,0.0 -111.77518977577574,40.5098416634016,0.0 -111.7751795607551,40.5089545573977,0.0 -111.77401731105924,40.508962348163394,0.0 -111.77400711180418,40.508075241778094,0.0 -111.77284487696598,40.508083020613746,0.0 -111.77283469347515,40.50719591384743,0.0 -111.77051025306196,40.50721143597306,0.0 -111.77050010064396,40.50632432858458,0.0 -111.76933789506971,40.50633207187562,0.0 -111.7693176222062,40.50455785620016,0.0 -111.76815544679911,40.504565587322894,0.0 -111.76808461311714,40.49835582640388,0.0 -111.76924668138264,40.498348096966545,0.0 -111.76922641663192,40.49657387879425,0.0 -111.77038845384106,40.496566138155686,0.0 -111.77037830683977,40.495679029102575,0.0 -111.77154032829586,40.49567127702275,0.0 -111.77153016644466,40.49478416807238,0.0 -111.7726921721477,40.49477640455205,0.0 -111.772681995448,40.493889295704776,0.0 -111.77384398539803,40.49388152074469,0.0 -111.77383379385115,40.49299441200085,0.0 -111.77615774179145,40.49297882752137,0.0 -111.77614752009977,40.492091719124225,0.0 -111.77730947808942,40.49208390960595,0.0 -111.77729924155399,40.4911968013133,0.0 -111.77846118379014,40.49118898035783,0.0 -111.77844068149038,40.48941476384353,0.0 -111.77960259267617,40.48940693169557,0.0 -111.77958206160807,40.487632715114124,0.0 -111.78074394174561,40.48762487177511,0.0 -111.78072338191447,40.48585065512725,0.0 -111.78188523100593,40.48584280059863,0.0 -111.7818749364826,40.48495569231122,0.0 -111.78303676982284,40.4849478263494,0.0 -111.78302646046454,40.48406071816825,0.0 -111.7841882780536,40.484052840773984,0.0 -111.78416763012885,40.482278624486064,0.0 -111.78532941667547,40.48227073590583,0.0 -111.78531907811103,40.48138362779942,0.0 -111.78648084890727,40.48137572778855,0.0 -111.78647049551262,40.480488619789455,0.0 -111.78763225055852,40.480480708348686,0.0 -111.78761151457248,40.478706492426994,0.0 -111.78993496212493,40.47869063550553,0.0 -111.78992456424771,40.477803527830424,0.0 -111.79224797937508,40.47778762470356,0.0 -111.79223755138594,40.47690051738503,0.0 -111.7945609340843,40.47688456805575,0.0 -111.79455047598604,40.47599746109523,0.0 -111.79803550068503,40.475973450291164,0.0 -111.7980249971948,40.47508634393976,0.0 -111.80034831408875,40.475070278867385,0.0 -111.8003377804957,40.47418317287755,0.0 -111.8073076282054,40.47413469900389,0.0 -111.80729700337575,40.47324759438519,0.0 -111.82007484510717,40.473157636978996,0.0 -111.82006405263395,40.47227053502363,0.0 -111.8247104650546,40.4722374740886,0.0 -111.8247213186602,40.47312457501407,0.0 -111.82588293584362,40.47311628034129,0.0 -111.82589380521557,40.47400338086935,0.0 -111.82705543719938,40.47399507426522,0.0 -111.82707720796265,40.47576927438679,0.0 -111.82823887003185,40.47576095559147,0.0 -111.82824977142525,40.47664805518459,0.0 -111.82941144829539,40.476639724456106,0.0 -111.8294223654599,40.477526823650706,0.0 -111.83174574831587,40.47751012665164,0.0 -111.83175669653983,40.47839722518708,0.0 -111.83291840252491,40.47838885891543,0.0 -111.83292936652335,40.47927595705122,0.0 -111.8352528076055,40.479259188961535,0.0 -111.83526380266805,40.48014628643592,0.0 -111.83642553776436,40.48013788461683,0.0 -111.83643654860478,40.48102498169046,0.0 -111.8375982985004,40.48101656793391,0.0 -111.83760932512001,40.48190366460635,0.0 -111.83993285401874,40.48188680154084,0.0 -111.83994391170916,40.482773897548945,0.0 -111.84110569071153,40.4827654482389,0.0 -111.84111676418452,40.48365254384472,0.0 -111.85041110074611,40.48358452689639,0.0 -111.85042229704307,40.48447162024439,0.0 -111.85855492244752,40.48441149051708,0.0 -111.85856622628587,40.48529858185294,0.0 -111.86088985961435,40.485281296299995,0.0 -111.86090119454038,40.48616838695823,0.0 -111.86206302574136,40.486159726396096,0.0 -111.86208572769256,40.487933906755366,0.0 -111.86324758897572,40.48792523397537,0.0 -111.86325895600297,40.488812323676,0.0 -111.86442083207513,40.48880363894721,0.0 -111.86443221490299,40.489690728238074,0.0 -111.86559410576409,40.48968203155973,0.0 -111.86560550439391,40.490569120440476,0.0 -111.8679293151863,40.490551691503924,0.0 -111.86794074491588,40.491438779702534,0.0 -111.86910266484642,40.49143004744326,0.0 -111.86911411038136,40.4923171352306,0.0 -111.87027604509997,40.49230839101927,0.0 -111.87029896829297,40.4940825656314,0.0 -111.87146093309799,40.494073809194575,0.0 -111.87147241075812,40.494960896018966,0.0 -111.87263439035178,40.49495212762829,0.0 -111.87265737780345,40.49672630031298,0.0 -111.87381938748604,40.49671751969424,0.0 -111.87384240758512,40.4984916912747,0.0 -111.87500444735859,40.498482898426445,0.0 -111.87503902725565,40.50114415393069,0.0 -111.87620111242566,40.50113534857718,0.0 -111.87624728735393,40.50468368620192,0.0 -111.8774094332322,40.50467486806632,0.0 -111.87747880288083,40.50999736867546,0.0 -111.87631656514979,40.51000618845904,0.0 -111.87637431076973,40.514441603174845,0.0 -111.87521199596229,40.514450412642866,0.0 -111.87525814044243,40.51799874300485,0.0 -111.87409576385933,40.51800754187981,0.0 -111.87414185527614,40.52155587110852,0.0 -111.87297941690697,40.521564659387614,0.0 -111.87301394488898,40.524225905667215,0.0 -111.87185146004548,40.52423468307428,0.0 -111.87187445061485,40.526008847110745,0.0 -111.87071193461499,40.526017613370655,0.0 -111.8707463783313,40.52867885919941,0.0 -111.86958381584797,40.528687614583376,0.0 -111.86960675022713,40.530461778317935,0.0 -111.86844415658176,40.5304705225515,0.0 -111.86845560920943,40.53135760448211,0.0 -111.86729299972761,40.531366337291885,0.0 -111.86731587585514,40.533140501279085,0.0 -111.86615323520836,40.53314922293593,0.0 -111.8661646587062,40.534036304992185,0.0 -111.86500200222214,40.53404501522342,0.0 -111.86502482008194,40.5358191794605,0.0 -111.86386213243006,40.53582787853628,0.0 -111.86387352679,40.53671496071678,0.0 -111.86271082330002,40.53672364836512,0.0 -111.8627222028349,40.53761073067686,0.0 -111.8615594835068,40.53761940689702,0.0 -111.86157084821527,40.538506489339646,0.0 -111.86040811304898,40.53851515413089,0.0 -111.86041946292964,40.53940223670409,0.0 -111.85925671192511,40.53941089006568,0.0 -111.85927938253238,40.54118505533318,0.0 -111.85811660035483,40.54119369753349,0.0 -111.85813924230756,40.5429678627822,0.0 -111.85697642895484,40.54297649381978,0.0 -111.8569877353498,40.543863576503995,0.0 -111.85582490615728,40.543872196109014,0.0 -111.85584748978043,40.54564636159653,0.0 -111.85468462940982,40.54565497003628,0.0 -111.85469590663595,40.54654205283922,0.0 -111.85353303042474,40.54655064984456,0.0 -111.85354429281294,40.547437732775975,0.0 -111.85121850820887,40.547454892213544,0.0 -111.8512297404174,40.54834197554003,0.0 -111.84890392313388,40.54835908869901,0.0 -111.84891512515993,40.549246172419146,0.0 -111.84658927520086,40.54926323929651,0.0 -111.84660044704162,40.550150323408864,0.0 -111.8442745644109,40.55016734400159,0.0 -111.84428570606359,40.551054428504735,0.0 -111.84195979076509,40.55107140280983,0.0 -111.84197090222689,40.55195848770232,0.0 -111.83964495426454,40.551975415716754,0.0 -111.83965603553264,40.55286250099717,0.0 -111.83733005491031,40.552879382717926,0.0 -111.83734110598192,40.55376646838484,0.0 -111.83385208532854,40.55379170396251,0.0 -111.83386309085536,40.55467879027605,0.0 -111.8303740197589,40.554703921285544,0.0 -111.8303630602688,40.55381683418953,0.0 -111.82338499700379,40.55386677859004,0.0 -111.82341760070253,40.55652804412623,0.0 -111.82458065849856,40.55651974854896,0.0 -111.82459154271295,40.557406836524606,0.0 -111.82575461537253,40.55739852898183,0.0 -111.8257655154196,40.558285616559736,0.0 -111.8280916899801,40.55826896583421,0.0 -111.82810262121028,40.55915605275462,0.0 -111.82926572311047,40.5591477095708,0.0 -111.8292766701767,40.56003479609235,0.0 -111.83043978693956,40.560026440940504,0.0 -111.83045074984324,40.56091352706279,0.0 -111.83161388146875,40.560905159942216,0.0 -111.83162486021122,40.56179224566491,0.0 -111.83278800669932,40.561783866574885,0.0 -111.83279900128193,40.56267095189758,0.0 -111.83396216263257,40.56266256083739,0.0 -111.83398418397073,40.56443673054287,0.0 -111.83514737553689,40.564428327250155,0.0 -111.83518045728157,40.56708957997999,0.0 -111.83634369442024,40.56708116419126,0.0 -111.83637682665001,40.569742414882796,0.0 -111.8375401093665,40.569733986595814,0.0 -111.83761754262176,40.57594356483559,0.0 -111.83645415238666,40.57595199495957,0.0 -111.83648729936131,40.578613241476646,0.0 -111.8353238625449,40.57862166067219,0.0 -111.83535696784858,40.581282906723246,0.0 -111.83419348444524,40.58129131498822,0.0 -111.83422654806623,40.58395256057225,0.0 -111.83306301807035,40.583960957904516,0.0 -111.83307402488943,40.584848039749,0.0 -111.83191047903499,40.584856425624295,0.0 -111.8319324634029,40.58663058941798,0.0 -111.8307688863197,40.58663896409627,0.0 -111.83079084190176,40.588413127854835,0.0 -111.82962723358764,40.588421491334664,0.0 -111.8296601245058,40.59108273671017,0.0 -111.83082377893874,40.591074372449235,0.0 -111.83083475892819,40.591961453702446,0.0 -111.83199842824679,40.59195307745978,0.0 -111.83202042044216,40.59372723902728,0.0 -111.83318412002205,40.59371885054104,0.0 -111.83320614492808,40.59549301102972,0.0 -111.83436987477121,40.59548461029841,0.0 -111.83438090333698,40.59637169007254,0.0 -111.83554464806696,40.59636327735659,0.0 -111.83556673742818,40.59813743596356,0.0 -111.83673051242396,40.59812901100001,0.0 -111.83675263451123,40.59990316852579,0.0 -111.83791643977476,40.59989473131316,0.0 -111.8379385945937,40.601668887756986,0.0 -111.83910243012691,40.60166043829376,0.0 -111.83912461768318,40.60343459365482,0.0 -111.84028848348805,40.603426131939564,0.0 -111.84031070378724,40.60520028621706,0.0 -111.84147459986572,40.6051918122483,0.0 -111.84150798018011,40.60785304182922,0.0 -111.84267192192051,40.60784455534133,0.0 -111.84270535285502,40.6105057828769,0.0 -111.8438693402627,40.61049728386763,0.0 -111.84389166081104,40.612271434332804,0.0 -111.84505567850087,40.61226292306486,0.0 -111.84506685491053,40.6131499978237,0.0 -111.84623088749338,40.61314147456088,0.0 -111.84625327258782,40.61491562313025,0.0 -111.84741733545539,40.614907087606184,0.0 -111.84743975332799,40.61668123508723,0.0 -111.84860384648223,40.61667268730044,0.0 -111.8486487497935,40.62022097952729,0.0 -111.84748459506002,40.62022952837835,0.0 -111.84752944477583,40.62377781944143,0.0 -111.84636522795307,40.62378635762259,0.0 -111.84642122432415,40.628221719646994,0.0 -111.84525692999956,40.62823024742082,0.0 -111.84527930123134,40.63000439178667,0.0 -111.84411497560271,40.63001290835445,0.0 -111.84413731801709,40.63178705269345,0.0 -111.84297296108224,40.63179555805376,0.0 -111.8429952746739,40.633569702365214,0.0 -111.84183088643067,40.633578196516595,0.0 -111.84186431432003,40.636239412732635,0.0 -111.84069987935798,40.636247895937636,0.0 -111.84072213627886,40.63802203991354,0.0 -111.83955767000272,40.63803051190638,0.0 -111.83957989808358,40.639804655852735,0.0 -111.8384154004912,40.639813116631935,0.0 -111.83843759972675,40.64158726054803,0.0 -111.83727307081597,40.64159571011216,0.0 -111.83730632713345,40.64425692573112,0.0 -111.83614175148753,40.64426536434134,0.0 -111.836163894002,40.64603950791649,0.0 -111.83499928703198,40.64604793530838,0.0 -111.83502140068383,40.64782207885126,0.0 -111.83385676238755,40.64783049502339,0.0 -111.83387884717143,40.649604638533305,0.0 -111.83271417754673,40.64961304348421,0.0 -111.8327362334573,40.65138718696047,0.0 -111.83157153250204,40.65139558068871,0.0 -111.83158254577285,40.65228265247928,0.0 -111.8292531115504,40.65229940521964,0.0 -111.82926409446831,40.65318647739235,0.0 -111.82576989320458,40.65321151918555,0.0 -111.8257808303444,40.65409859199837,0.0 -111.82345132955491,40.65411522831181,0.0 -111.82346223633546,40.6550023015032,0.0 -111.8211327027576,40.655018891344845,0.0 -111.82114357917604,40.65590596491336,0.0 -111.81764922890795,40.65593076234191,0.0 -111.81766005953689,40.656817836542984,0.0 -111.81416565865558,40.656842529009595,0.0 -111.81417644349068,40.65772960383997,0.0 -111.81068199201219,40.657754191337716,0.0 -111.81069273104916,40.658641266794135,0.0 -111.80603339401667,40.65867388665867,0.0 -111.80602271668438,40.6577868101872,0.0 -111.8048578966624,40.65779493552789,0.0 -111.80483657427422,40.65602078166213,0.0</coordinates>
                                </LinearRing>
                            </outerBoundaryIs>
                        </Polygon>
                        <Polygon>
                            <outerBoundaryIs>
                                <LinearRing>
                                    <coordinates>-111.74127345567402,40.70169098612972,0.0 -111.74010785337288,40.701698464916305,0.0 -111.74009803441018,40.70081138127311,0.0 -111.73776685941787,40.70082630307992,0.0 -111.73775707181215,40.699939218833805,0.0 -111.73426035243618,40.699961512597675,0.0 -111.73427009366213,40.70084859753741,0.0 -111.73193891432147,40.70086340167376,0.0 -111.73192920401547,40.69997631627344,0.0 -111.72843247814308,40.69999843353662,0.0 -111.72842281464752,40.69911134730955,0.0 -111.72725725395449,40.699118695968465,0.0 -111.72724760634794,40.69823160937411,0.0 -111.72608206068404,40.69823894603835,0.0 -111.72607242896511,40.6973518590771,0.0 -111.72490689833032,40.69735918374741,0.0 -111.72488766709321,40.695585008953216,0.0 -111.72605316681395,40.69557768473868,0.0 -111.72603390637822,40.693803509845715,0.0 -111.72486843756876,40.6938108336045,0.0 -111.72484920975681,40.6920366577013,0.0 -111.7236837714278,40.69204396924088,0.0 -111.72367417361723,40.691156880853846,0.0 -111.7225087503141,40.691164180402794,0.0 -111.7224704251515,40.68761582456007,0.0 -111.72130506322802,40.6876231114389,0.0 -111.72127637018295,40.684961842421295,0.0 -111.72011105418112,40.68496911685938,0.0 -111.72010150613231,40.684082026683306,0.0 -111.71777090374958,40.68409653982599,0.0 -111.71776138702022,40.68320944905974,0.0 -111.71659610064007,40.68321668776544,0.0 -111.71654860057461,40.67878123072941,0.0 -111.71538339099718,40.678788456550905,0.0 -111.71533597871392,40.67435299492641,0.0 -111.71650111108278,40.674345770229,0.0 -111.71648211824606,40.67257158505885,0.0 -111.7176472193135,40.67256434905551,0.0 -111.71763770809109,40.67167725648774,0.0 -111.7188027932968,40.671670008954386,0.0 -111.7187932670603,40.67078291647355,0.0 -111.72112340532357,40.670768386593515,0.0 -111.72111384863754,40.669881294426204,0.0 -111.72344395432522,40.66986671798069,0.0 -111.72343436719247,40.66897962612838,0.0 -111.7245994039603,40.668972320501396,0.0 -111.7245802001052,40.66719813683558,0.0 -111.72574520557549,40.667190819909976,0.0 -111.72571635669897,40.664529544054766,0.0 -111.72688131544126,40.66452221606003,0.0 -111.72687168457341,40.66363512405909,0.0 -111.72803662745503,40.66362778454061,0.0 -111.72802698158476,40.66274069262944,0.0 -111.72919190860576,40.662733341587945,0.0 -111.72918224773441,40.66184624976692,0.0 -111.73384188978862,40.66181672900585,0.0 -111.73385161238168,40.66270381990824,0.0 -111.7361814616752,40.66268898856032,0.0 -111.73617170822142,40.66180189811945,0.0 -111.74549096452898,40.66174210453709,0.0 -111.74548108807285,40.660855015818214,0.0 -111.74664597771034,40.66084748897571,0.0 -111.74663608626513,40.65996040035234,0.0 -111.74780096003347,40.65995286199397,0.0 -111.74779105360052,40.659065773466466,0.0 -111.74895591149979,40.659058223592965,0.0 -111.7489459900805,40.658171135161666,0.0 -111.7501108321107,40.658163573773756,0.0 -111.75010089570644,40.65727648543902,0.0 -111.75592502207527,40.65723850344179,0.0 -111.7559350356125,40.65812559059453,0.0 -111.7582647138974,40.65811031507791,0.0 -111.75825466950717,40.65722322840051,0.0 -111.76524360104918,40.6571771213042,0.0 -111.76525373799794,40.65806420654679,0.0 -111.7664185737725,40.658056480669465,0.0 -111.76642872659959,40.658943565532816,0.0 -111.76759357734916,40.65893582766557,0.0 -111.76761391521545,40.66070999649419,0.0 -111.76877879636837,40.66070224639512,0.0 -111.76879916690437,40.66247641418608,0.0 -111.77112898956665,40.662460877770414,0.0 -111.77113920637562,40.663347960974185,0.0 -111.77230413245519,40.66334017489767,0.0 -111.77231436515004,40.664227257720285,0.0 -111.78862349815053,40.66411701534133,0.0 -111.78861304942362,40.66322993594914,0.0 -111.79327272332237,40.663198016066076,0.0 -111.79326221334077,40.66231093752819,0.0 -111.80258141519582,40.66224653571762,0.0 -111.802592048616,40.66313361225144,0.0 -111.80375696215458,40.66312550889534,0.0 -111.80376761147859,40.66401258503798,0.0 -111.80493253997344,40.66400446967844,0.0 -111.80495387090664,40.665778621041554,0.0 -111.80611882978947,40.66577049342495,0.0 -111.80614019348761,40.667544643726075,0.0 -111.80730518276035,40.66753650385094,0.0 -111.80734797760309,40.671084801771414,0.0 -111.80851302813863,40.67107664912892,0.0 -111.8085344592918,40.672850796747454,0.0 -111.80969954022393,40.67284263184273,0.0 -111.80973173684764,40.67550385146531,0.0 -111.81089686361747,40.67549567404243,0.0 -111.81098286584691,40.682592251547575,0.0 -111.80981761553882,40.68260043100621,0.0 -111.80989278449134,40.68880993080278,0.0 -111.80872742557294,40.68881810028162,0.0 -111.8087488758191,40.69059224233726,0.0 -111.807583485522,40.690600400562275,0.0 -111.80760490677461,40.69237454256925,0.0 -111.80643948509665,40.692382689539,0.0 -111.80646087735032,40.69415683149663,0.0 -111.80529542428934,40.69416496720966,0.0 -111.80530610567621,40.69505203823299,0.0 -111.80414063668516,40.69506016243508,0.0 -111.80416196997496,40.69683430457009,0.0 -111.80299646959796,40.69684241751291,0.0 -111.80300712149882,40.69772948862422,0.0 -111.80184160519096,40.697737590054274,0.0 -111.80185224210891,40.6986246612786,0.0 -111.79952117715837,40.6986408293461,0.0 -111.7995317836341,40.6995279009344,0.0 -111.79720068587831,40.69954402244109,0.0 -111.79721126190897,40.7004310943919,0.0 -111.79138343199608,40.700471193501144,0.0 -111.79137293325934,40.6995841203028,0.0 -111.79020738133028,40.69959210457705,0.0 -111.7901968985192,40.69870503099131,0.0 -111.78786582417769,40.69872096374588,0.0 -111.78785537274844,40.69783388952548,0.0 -111.78668985033676,40.69784183800687,0.0 -111.78667941482975,40.69695476340023,0.0 -111.78551390741025,40.696962699869346,0.0 -111.78550348782413,40.696075624876805,0.0 -111.78433799539684,40.69608354933433,0.0 -111.78432759173022,40.69519647395632,0.0 -111.78199663639761,40.695212287085354,0.0 -111.78198626410399,40.69432521107641,0.0 -111.77848987400746,40.69434884180223,0.0 -111.77850019993627,40.69523591854639,0.0 -111.77383827822023,40.69526726245981,0.0 -111.77384854278604,40.696154340040245,0.0 -111.77268304575688,40.696162146850455,0.0 -111.77269329532334,40.69704922453489,0.0 -111.7715277823813,40.697057019822815,0.0 -111.77153801694703,40.69794409761088,0.0 -111.76920695878204,40.69795965337511,0.0 -111.76921716288776,40.6988467315083,0.0 -111.76572052586029,40.698869977635994,0.0 -111.76571036812838,40.697982898779586,0.0 -111.76454483700495,40.69799062371654,0.0 -111.76453469518265,40.69710354448097,0.0 -111.76220366249622,40.69711895857838,0.0 -111.76221377340384,40.6980060382935,0.0 -111.75871717462701,40.6980290719165,0.0 -111.75872723961066,40.698916152209456,0.0 -111.75639614060107,40.698931449605574,0.0 -111.75640617511529,40.699818530235646,0.0 -111.74708163758703,40.699879251064615,0.0 -111.74709154887115,40.700766333445024,0.0 -111.74592596422708,40.70077387083376,0.0 -111.74594575719794,40.70254803564734,0.0 -111.74478014119163,40.70255556173742,0.0 -111.74479002287633,40.70344264417025,0.0 -111.74245875862059,40.70345766151454,0.0 -111.74244890785957,40.702570578614505,0.0 -111.7412832905352,40.7025780694015,0.0 -111.74127345567402,40.70169098612972,0.0</coordinates>
                                </LinearRing>
                            </outerBoundaryIs>
                        </Polygon>
                        <Polygon>
                            <outerBoundaryIs>
                                <LinearRing>
                                    <coordinates>-111.7388166561776,40.79574351585822,0.0 -111.73880682180891,40.79485644645711,0.0 -111.73297066339043,40.794893667565816,0.0 -111.73298042009019,40.79578073812434,0.0 -111.72831142339021,40.79581030342369,0.0 -111.72830172882604,40.794923231945816,0.0 -111.72596725894918,40.7949379432999,0.0 -111.72595759588353,40.794050871225856,0.0 -111.72479037583216,40.79405820896569,0.0 -111.72478072872967,40.79317113652476,0.0 -111.72361352378105,40.793178462231126,0.0 -111.72358463164642,40.79051724339278,0.0 -111.72241747286243,40.79052455661156,0.0 -111.72240785853899,40.78963748316064,0.0 -111.72124071485649,40.789644784348155,0.0 -111.72123111649066,40.78875771053151,0.0 -111.7177297294675,40.788779542591875,0.0 -111.71772017811503,40.78789246795763,0.0 -111.71421883384733,40.787914193110545,0.0 -111.71415231233819,40.781704662059845,0.0 -111.71531931883733,40.78169743371906,0.0 -111.71525270942526,40.77548789744836,0.0 -111.71641960685322,40.77548065888286,0.0 -111.71639101976852,40.77281942764825,0.0 -111.71755787021928,40.77281217796112,0.0 -111.71754832652395,40.771925100831076,0.0 -111.71871516103337,40.771917839572836,0.0 -111.71869604388807,40.770143685348444,0.0 -111.71986284694144,40.77013641274601,0.0 -111.71984370047213,40.76836225841936,0.0 -111.72101047207161,40.768354974474185,0.0 -111.72097212220424,40.76480666506303,0.0 -111.72213883133023,40.76479937023034,0.0 -111.72211002688678,40.76213813739663,0.0 -111.72327668905754,40.76213083145205,0.0 -111.72323822709401,40.75858251997463,0.0 -111.72440482680958,40.7585752031479,0.0 -111.7243566814743,40.75413981181884,0.0 -111.72552320324299,40.75413248434071,0.0 -111.72550391710905,40.75235832729416,0.0 -111.72667040744585,40.7523509884834,0.0 -111.72665109203064,40.75057683133866,0.0 -111.72898400941396,40.75056211926716,0.0 -111.72897432135429,40.749675040944354,0.0 -111.73014076390025,40.74966766745648,0.0 -111.73013106077418,40.74878058922432,0.0 -111.73129748738998,40.748773204178875,0.0 -111.73128776919887,40.74788612603771,0.0 -111.73362059013658,40.74787132104669,0.0 -111.73361084138531,40.7469842432273,0.0 -111.73477723570662,40.74697682328283,0.0 -111.7347674718938,40.74608974555552,0.0 -111.73826660575796,40.746067415700026,0.0 -111.73825679589486,40.74518033852854,0.0 -111.74058951863046,40.745165393494496,0.0 -111.74057967821568,40.74427831664912,0.0 -111.7429123682093,40.74426332494013,0.0 -111.74290249724568,40.743376248422294,0.0 -111.74523515449337,40.74336121004137,0.0 -111.74522525298372,40.742474133852525,0.0 -111.7463915654535,40.74246659721969,0.0 -111.74638164889275,40.741579521126475,0.0 -111.7487142415222,40.7415644129783,0.0 -111.74870429442035,40.74067733721624,0.0 -111.75103685429472,40.7406621824044,0.0 -111.75102687665458,40.73977510697495,0.0 -111.75219314043478,40.739767512130214,0.0 -111.75218314774912,40.738880436798176,0.0 -111.75451564299368,40.73886521223333,0.0 -111.75450561977465,40.73797813723605,0.0 -111.75683808225494,40.73796286601581,0.0 -111.75682802850537,40.73707579135472,0.0 -111.75799424358567,40.73706813830935,0.0 -111.75798417479614,40.73618106374747,0.0 -111.76031657263506,40.73616572278846,0.0 -111.76030647331991,40.73527864856495,0.0 -111.76147265607793,40.73527096065242,0.0 -111.7614625417263,40.73438388652919,0.0 -111.77079186362393,40.73432196103855,0.0 -111.77078162583857,40.73343488870266,0.0 -111.77311392079578,40.73341929000917,0.0 -111.77310365249694,40.73253221801957,0.0 -111.77776817497879,40.73250088024526,0.0 -111.77777850521625,40.73338795126005,0.0 -111.78943993396179,40.73330877977994,0.0 -111.7894504195112,40.73419584819308,0.0 -111.79061657531355,40.734187866006586,0.0 -111.79062707681575,40.73507493403242,0.0 -111.7917932476361,40.73506693981692,0.0 -111.79180376509247,40.735954007455064,0.0 -111.79296995093073,40.735946001209825,0.0 -111.79298048434266,40.73683306845994,0.0 -111.79764528494522,40.73680092466874,0.0 -111.79762409469716,40.73502679202912,0.0 -111.79879026269644,40.7350187271296,0.0 -111.7987690433655,40.73324459443547,0.0 -111.79993517992176,40.73323651825778,0.0 -111.79991393151336,40.731462385509836,0.0 -111.80108003662878,40.73145429805542,0.0 -111.80105875914823,40.729680165254365,0.0 -111.80222483282498,40.72967206652466,0.0 -111.80221417931408,40.72878500016744,0.0 -111.80338023703497,40.728776889911664,0.0 -111.80335890047601,40.72700275728455,0.0 -111.80452492676115,40.726994635756036,0.0 -111.80449287905044,40.724333436530166,0.0 -111.80565885842414,40.72432530398337,0.0 -111.80564816132828,40.72343823754955,0.0 -111.8068141247484,40.72343009347996,0.0 -111.80679270103369,40.72165596070174,0.0 -111.80795863302454,40.72164780536378,0.0 -111.80794790640773,40.72076073901971,0.0 -111.80911382244581,40.72075257216081,0.0 -111.8091030808324,40.71986550593169,0.0 -111.81143488052408,40.71984913739917,0.0 -111.81142410844183,40.71896207154013,0.0 -111.81375587526732,40.718945656421305,0.0 -111.81374507271907,40.71805859093378,0.0 -111.8195744039873,40.71801734837767,0.0 -111.81958528389949,40.71890441258221,0.0 -111.82308292326954,40.71887952499336,0.0 -111.82309385008641,40.71976658828453,0.0 -111.82659153149675,40.71974159395459,0.0 -111.82660250522223,40.72062865632903,0.0 -111.82893432133451,40.720611934051924,0.0 -111.828945326498,40.72149899576698,0.0 -111.83127717159894,40.721482225870645,0.0 -111.83128820820308,40.7223692869248,0.0 -111.83362008228833,40.72235246940642,0.0 -111.83363115033582,40.723239529798185,0.0 -111.83479710211526,40.72323110311426,0.0 -111.83480818613225,40.72411816310466,0.0 -111.83714011916254,40.724101273885196,0.0 -111.83715123462761,40.72498833321096,0.0 -111.83831721587768,40.72497987067435,0.0 -111.83833947924944,40.72675398838154,0.0 -111.83950549096011,40.7267455135416,0.0 -111.8395166388689,40.727632571922655,0.0 -111.84068266556226,40.72762408504189,0.0 -111.84069382944742,40.72851114301966,0.0 -111.84185987112342,40.728502644097354,0.0 -111.84188223134727,40.73027675910625,0.0 -111.84304830348704,40.73026824787693,0.0 -111.84307069666727,40.73204236179911,0.0 -111.84423679927279,40.7320338382613,0.0 -111.84427043923537,40.734695007304296,0.0 -111.8454365877932,40.73468647119102,0.0 -111.84547027870906,40.737347638183515,0.0 -111.84663647322456,40.73733908949251,0.0 -111.84665896731167,40.739113199592374,0.0 -111.84782519230154,40.73910463858768,0.0 -111.8478589836578,40.74176580189356,0.0 -111.84902525461402,40.74175722830702,0.0 -111.84904781567575,40.743531335947495,0.0 -111.85021411711162,40.743522750043944,0.0 -111.85024800895127,40.7461839096583,0.0 -111.8514143563622,40.74617531116881,0.0 -111.85144829921565,40.74883646872651,0.0 -111.85261469260699,40.74882785764884,0.0 -111.85264868648726,40.75148901314864,0.0 -111.85148224660531,40.75149762502983,0.0 -111.85151619853193,40.754158780078725,0.0 -111.850349711649,40.75416738097544,0.0 -111.85037231778624,40.75594148417949,0.0 -111.84920579939842,40.75595007382243,0.0 -111.84922837654562,40.75772417700329,0.0 -111.84806182665073,40.75773275539102,0.0 -111.84808437480255,40.759506858547994,0.0 -111.8469177933984,40.75951542567904,0.0 -111.84694031254948,40.76128952881145,0.0 -111.84577369963391,40.76129808468439,0.0 -111.84578494445589,40.762185136307664,0.0 -111.84461831553341,40.76219368065526,0.0 -111.84464077566622,40.76396778401521,0.0 -111.84347411522938,40.76397631710213,0.0 -111.8434965463466,40.76575042043548,0.0 -111.84232985439321,40.76575894226025,0.0 -111.84234105519184,40.76664599398294,0.0 -111.84117434722997,40.766654504279465,0.0 -111.84119671930314,40.76842860783617,0.0 -111.84002997982178,40.76843710686801,0.0 -111.84005232286452,40.77021121039605,0.0 -111.83888555186152,40.77021969816174,0.0 -111.83889670861645,40.77110674998073,0.0 -111.83772992160337,40.77111522621521,0.0 -111.83774106334162,40.7720022781585,0.0 -111.8307402377805,40.772052889440026,0.0 -111.8307291891252,40.771165835922815,0.0 -111.82372843892689,40.77121602100082,0.0 -111.82373939449835,40.77210307607874,0.0 -111.82023896625853,40.772128010156074,0.0 -111.82024987577377,40.77301506587019,0.0 -111.81908304987269,40.77302335389554,0.0 -111.81907215587228,40.77213629792368,0.0 -111.81790534500067,40.77214457389551,0.0 -111.81789446699976,40.77125751752706,0.0 -111.8167276711577,40.771265781446104,0.0 -111.8167168091549,40.770378724681485,0.0 -111.8132164652685,40.7704034448971,0.0 -111.81320565028817,40.76951638722451,0.0 -111.8108721163127,40.769532807882044,0.0 -111.81088290026722,40.77041986606531,0.0 -111.80971611704554,40.7704280589567,0.0 -111.80972688596688,40.7713151172556,0.0 -111.8073932870576,40.7713314681614,0.0 -111.80740402542997,40.77221852682965,0.0 -111.80623720974297,40.772226684842934,0.0 -111.8062479330787,40.77311374362575,0.0 -111.80508110139884,40.77312189009644,0.0 -111.8050918096965,40.77400894899349,0.0 -111.7980907165277,40.774057581606954,0.0 -111.79810133220296,40.77494464187732,0.0 -111.79693446616547,40.774952706275094,0.0 -111.79694506679635,40.77583976665715,0.0 -111.79461130227043,40.77585586056174,0.0 -111.79462187233743,40.776742921305214,0.0 -111.79345497384962,40.77675095081091,0.0 -111.79346552886877,40.777638011665026,0.0 -111.79113169944536,40.77765403578097,0.0 -111.7911422238957,40.778541096994346,0.0 -111.78997529296073,40.778549091603466,0.0 -111.78998580235974,40.77943615292642,0.0 -111.78881885543625,40.779444135985095,0.0 -111.78882934978253,40.78033119741727,0.0 -111.7864954234915,40.7803471286328,0.0 -111.78650588726195,40.78123419042137,0.0 -111.78533890789505,40.781242138577106,0.0 -111.78534935660929,40.782129200473804,0.0 -111.7841823612544,40.7821371370765,0.0 -111.78419279491104,40.783024199080984,0.0 -111.7830257835681,40.783032124129896,0.0 -111.78303620216576,40.78391918624185,0.0 -111.78186917483474,40.783927099736225,0.0 -111.78187957837206,40.78481416195523,0.0 -111.7807125350529,40.78482206389436,0.0 -111.78072292352846,40.7857091262201,0.0 -111.77722174422054,40.78573276196414,0.0 -111.7772320865809,40.78661982488591,0.0 -111.77606501036297,40.78662768010798,0.0 -111.77607533765739,40.78751474313503,0.0 -111.77257405966503,40.78753823871888,0.0 -111.7725843408371,40.788425302337615,0.0 -111.76908301213919,40.78844869242571,0.0 -111.76909324718456,40.78933575663283,0.0 -111.76792612117727,40.78934352996466,0.0 -111.76793634114966,40.790230594274576,0.0 -111.76560205671159,40.79024610601049,0.0 -111.76561224607993,40.791133170663855,0.0 -111.76444508764973,40.79114090906683,0.0 -111.76445526194165,40.7920279738219,0.0 -111.76212091266098,40.79204341569564,0.0 -111.76213105634386,40.792930480791966,0.0 -111.75746229023927,40.79296122384105,0.0 -111.75745220868141,40.792074157788754,0.0 -111.75511785399358,40.79208945800792,0.0 -111.7551279044888,40.79297652453601,0.0 -111.75279351694692,40.792991778011086,0.0 -111.75280353682587,40.793878844874634,0.0 -111.74580027031422,40.7939243233938,0.0 -111.7458101974426,40.7948113915327,0.0 -111.74464296927218,40.79481893020136,0.0 -111.74465288130928,40.795705998435864,0.0 -111.74348563716357,40.79571352553277,0.0 -111.74349553410802,40.796600593862536,0.0 -111.74116101342555,40.796615613104734,0.0 -111.74115114754981,40.79572854430794,0.0 -111.7388166561776,40.79574351585822,0.0</coordinates>
                                </LinearRing>
                            </outerBoundaryIs>
                        </Polygon>
                        <Polygon>
                            <outerBoundaryIs>
                                <LinearRing>
                                    <coordinates>-111.46007373068501,40.151318597528366,0.0 -111.4577613314561,40.151327762065144,0.0 -111.45775537511047,40.15044054790083,0.0 -111.45659919014224,40.150445112710834,0.0 -111.45659324910335,40.14955789826693,0.0 -111.45543707891392,40.14956245139125,0.0 -111.45543115318043,40.148675236668126,0.0 -111.45427499776977,40.148679778107464,0.0 -111.45426908734036,40.147792563105504,0.0 -111.44501995499769,40.147828477955194,0.0 -111.44501416515459,40.14694126169512,0.0 -111.44385803748902,40.14694569897133,0.0 -111.44383494084138,40.14339683200643,0.0 -111.44267887307518,40.14340125718787,0.0 -111.44266159838949,40.14073960511081,0.0 -111.44150557547746,40.140744018338154,0.0 -111.44148834819514,40.13808236461444,0.0 -111.44033237013203,40.138086765889895,0.0 -111.4402922872764,40.13187623477665,0.0 -111.44144816012071,40.13187183446284,0.0 -111.4414194619951,40.127435737386456,0.0 -111.44257525944849,40.12743132622514,0.0 -111.4425637519311,40.12565688671079,0.0 -111.44371951907938,40.125652464291285,0.0 -111.44370798253605,40.12387802450495,0.0 -111.44486371938126,40.123873590828715,0.0 -111.44485215381727,40.12209915077108,0.0 -111.44600786036146,40.12209470583955,0.0 -111.44597307970974,40.116771383210335,0.0 -111.44481746328277,40.116775827309326,0.0 -111.44480590182344,40.115001385059166,0.0 -111.44365031517374,40.115005817351424,0.0 -111.44364454984468,40.114118595882424,0.0 -111.44248897795507,40.11412301650741,0.0 -111.44248322789703,40.113235794763376,0.0 -111.44132767076754,40.1132402037218,0.0 -111.44131620144532,40.11146575954737,0.0 -111.44016067408988,40.111470156702666,0.0 -111.44015495482368,40.11058293427265,0.0 -111.43899944222775,40.1105873197632,0.0 -111.43898803448114,40.10881287421828,0.0 -111.4378325516567,40.10881724790822,0.0 -111.43780979924122,40.10526835462815,0.0 -111.43665437620558,40.10527271624657,0.0 -111.43662601640035,40.10083659588315,0.0 -111.43547066814963,40.100840945297165,0.0 -111.43540281029864,40.09019424082257,0.0 -111.43424764181704,40.09019857708797,0.0 -111.43423636568099,40.08842412415366,0.0 -111.43308122694329,40.08842844862973,0.0 -111.43305873765254,40.08487954057732,0.0 -111.43421381641011,40.084875216641365,0.0 -111.4341912711402,40.08132630693751,0.0 -111.43303625235208,40.0813306303334,0.0 -111.43301939099491,40.078668946212346,0.0 -111.43186441692764,40.07867325768865,0.0 -111.4318476027784,40.076011571931026,0.0 -111.43069267342669,40.07601587148994,0.0 -111.43068708419426,40.07512864249589,0.0 -111.42953216958136,40.07513293040739,0.0 -111.42952102183177,40.07335847174061,0.0 -111.42836613694317,40.07336274787187,0.0 -111.42836057842402,40.072475518199525,0.0 -111.42951544832785,40.07247124220179,0.0 -111.42950430206166,40.07069678271333,0.0 -111.43065914175075,40.07069249547131,0.0 -111.4306535540057,40.069805265655546,0.0 -111.43180837846415,40.06980096703643,0.0 -111.43180277598486,40.068913737217976,0.0 -111.43295758521273,40.068909427222465,0.0 -111.4329463510375,40.06713496744387,0.0 -111.43410113005406,40.06713064620767,0.0 -111.4340954983601,40.0662434162479,0.0 -111.43525026214678,40.066239083637115,0.0 -111.43524461572322,40.065351853675686,0.0 -111.43639936428008,40.065347509691065,0.0 -111.43639370312825,40.06446027972834,0.0 -111.43870316953051,40.06445155750402,0.0 -111.43869747867372,40.06356432767673,0.0 -111.44100691411026,40.063555559691125,0.0 -111.44100119355119,40.0626683300007,0.0 -111.45139350558284,40.062628305650165,0.0 -111.4513993609374,40.063515534090584,0.0 -111.45486350522863,40.063501985073344,0.0 -111.4548694057765,40.064389212953586,0.0 -111.46179777714144,40.06436180333877,0.0 -111.46179178672675,40.06347457631453,0.0 -111.46294649938368,40.063469967909086,0.0 -111.46294049425757,40.06258274089171,0.0 -111.4652498888175,40.06257348984494,0.0 -111.46524385400494,40.06168626297945,0.0 -111.46755321754137,40.06167696619148,0.0 -111.46754715304503,40.060789739479304,0.0 -111.47101115140345,40.06077570842924,0.0 -111.47101726082684,40.0616629347032,0.0 -111.47448130167339,40.061648799647514,0.0 -111.47448745629671,40.06253602534297,0.0 -111.47564215101009,40.06253129049493,0.0 -111.47564832088337,40.06341851590541,0.0 -111.47680303030003,40.06341376940132,0.0 -111.47680921542457,40.06430099452648,0.0 -111.47911866338934,40.064291466696254,0.0 -111.47912487874473,40.06517869138677,0.0 -111.48027961729215,40.06517391005956,0.0 -111.48028584790211,40.066061134463645,0.0 -111.48144060115204,40.06605634147789,0.0 -111.48144684701792,40.066943565595196,0.0 -111.48375638264504,40.06693394479561,0.0 -111.48376265874833,40.06782116847534,0.0 -111.48491744112481,40.067816340660436,0.0 -111.48492373248732,40.068703564052285,0.0 -111.48607852956555,40.068698724576336,0.0 -111.48608483618861,40.06958594767992,0.0 -111.48723964796856,40.06958109654221,0.0 -111.48724596985349,40.07046831935718,0.0 -111.4895556225357,40.07045858224587,0.0 -111.48954927068657,40.06957135973498,0.0 -111.49185889227758,40.06956157688537,0.0 -111.49185251074735,40.068674354542864,0.0 -111.49762648485266,40.06864969675395,0.0 -111.4976329412897,40.069536918326385,0.0 -111.49878775023558,40.06953195208296,0.0 -111.4988071662131,40.07219361551203,0.0 -111.49996201981983,40.072188637291696,0.0 -111.49997499520893,40.07396307858095,0.0 -111.49882011163359,40.07396805711223,0.0 -111.4988460059203,40.07751693866658,0.0 -111.50000094944079,40.077511959513366,0.0 -111.50001392828379,40.07928639915653,0.0 -111.50116890149297,40.07928140817787,0.0 -111.5011819114667,40.08105584696058,0.0 -111.50233691436651,40.08105084415501,0.0 -111.50234995547639,40.08282528207653,0.0 -111.50350498806876,40.08282026744262,0.0 -111.50351152404949,40.08370748604101,0.0 -111.5046665713438,40.083702459734255,0.0 -111.50467312260704,40.08458967803849,0.0 -111.50813830772121,40.084574529547815,0.0 -111.50814490425464,40.0854617472418,0.0 -111.51045505618838,40.08545159034799,0.0 -111.51046168300206,40.0863388075876,0.0 -111.5116167735221,40.0863337117062,0.0 -111.51163005802103,40.088108145455514,0.0 -111.51278517823597,40.08810303773786,0.0 -111.5127984939058,40.08987747061925,0.0 -111.5139536438176,40.089872351063924,0.0 -111.51396699066377,40.09164678307666,0.0 -111.51512217027434,40.09164165168222,0.0 -111.51513554830224,40.09341608282553,0.0 -111.51629075761353,40.09341093959048,0.0 -111.51631757723348,40.096959799587765,0.0 -111.51516230791931,40.09696494346523,0.0 -111.51516899856558,40.09785215828204,0.0 -111.51401371395221,40.09785729079819,0.0 -111.51402038989227,40.09874450563802,0.0 -111.51286508997964,40.098749626792156,0.0 -111.51288507456373,40.101411270967866,0.0 -111.51404041948959,40.101406149334004,0.0 -111.51405377403559,40.10318057777843,0.0 -111.51520914867731,40.10317544430066,0.0 -111.51529617726032,40.11470921372346,0.0 -111.51645174674864,40.11470406663293,0.0 -111.51650544789958,40.12180175807751,0.0 -111.51534975826699,40.12180690645371,0.0 -111.51538325605577,40.12624295994895,0.0 -111.51653902080015,40.12623781076904,0.0 -111.51657260115007,40.130673860028665,0.0 -111.5177284407249,40.130668698509744,0.0 -111.51774190500713,40.13244311693037,0.0 -111.52005364337191,40.1324327586402,0.0 -111.52006040601913,40.133319967321235,0.0 -111.52352805640095,40.13330434287889,0.0 -111.52353486443712,40.13419155093488,0.0 -111.52469076232401,40.13418631955162,0.0 -111.52469758569255,40.13507352730698,0.0 -111.5235416727754,40.135078758853545,0.0 -111.52355529035833,40.136853174278976,0.0 -111.5223993470765,40.13685839461448,0.0 -111.52240614128891,40.13774560228419,0.0 -111.52125018267328,40.1377508112446,0.0 -111.52125696215425,40.13863801893961,0.0 -111.51894501395525,40.13864840257035,0.0 -111.51895176366975,40.13953561045219,0.0 -111.51317181277388,40.13956136841011,0.0 -111.5131784876161,40.14044857695872,0.0 -111.51086647511089,40.14045879968911,0.0 -111.51087312017914,40.14134600841954,0.0 -111.5085610764242,40.14135618531069,0.0 -111.50856769171578,40.14224339422154,0.0 -111.50394354054528,40.14226361015955,0.0 -111.50395009598446,40.1431508195642,0.0 -111.50163798857807,40.143160858606606,0.0 -111.50164451423376,40.144048068187374,0.0 -111.50048844505864,40.14405307055416,0.0 -111.50049495596603,40.14494028015385,0.0 -111.49471453058014,40.1449651196518,0.0 -111.49472096658347,40.145852329889614,0.0 -111.49356486560816,40.14585726331979,0.0 -111.49357128685782,40.14674447357438,0.0 -111.49241517055823,40.14674939561667,0.0 -111.49242157705284,40.14763660588771,0.0 -111.49126544542895,40.14764151654139,0.0 -111.4912718371672,40.14852872682849,0.0 -111.48664724767899,40.14854825463017,0.0 -111.48664091610357,40.147661043733535,0.0 -111.48432864975236,40.14767073807593,0.0 -111.48433495124627,40.14855794927516,0.0 -111.48202265369493,40.14856759774951,0.0 -111.48202892538559,40.14945480911274,0.0 -111.47971659663803,40.1494644117161,0.0 -111.47972283852275,40.150351623241896,0.0 -111.47162957392034,40.15038486978471,0.0 -111.47163571078198,40.1512720822111,0.0 -111.4658547240962,40.15129548416813,0.0 -111.46584866244933,40.1504082710113,0.0 -111.46006774425322,40.150431383650094,0.0 -111.46007373068501,40.151318597528366,0.0</coordinates>
                                </LinearRing>
                            </outerBoundaryIs>
                        </Polygon>
                        <Polygon>
                            <outerBoundaryIs>
                                <LinearRing>
                                    <coordinates>-111.55605176879979,40.15267194994478,0.0 -111.54564591011771,40.15272145288885,0.0 -111.5456246104346,40.150059846457744,0.0 -111.54678077309623,40.150054392817204,0.0 -111.54676654480087,40.148279988183226,0.0 -111.54792267706485,40.14827452334096,0.0 -111.54790129187163,40.14561291587117,0.0 -111.54674520472551,40.14561838020173,0.0 -111.54673809199838,40.144731177266415,0.0 -111.5455820195746,40.14473662988567,0.0 -111.5455749222004,40.14384942664276,0.0 -111.54441886449897,40.14385486755141,0.0 -111.54440470076807,40.14208046031373,0.0 -111.54324867282502,40.14208588934302,0.0 -111.54319921489828,40.135875458497225,0.0 -111.5420432918751,40.13588087480317,0.0 -111.54203624274172,40.134993669678025,0.0 -111.53856851689014,40.13500984886768,0.0 -111.53856151315968,40.1341226431001,0.0 -111.53278203901729,40.13414937684443,0.0 -111.53277511074481,40.13326217010495,0.0 -111.52930746765323,40.13327807141676,0.0 -111.52930058477467,40.13239086404358,0.0 -111.5258329840209,40.132406661036406,0.0 -111.5258261465324,40.13151945303275,0.0 -111.524670294035,40.13152469546164,0.0 -111.52465665002266,40.12975027871512,0.0 -111.52350082727706,40.12975550928191,0.0 -111.5234940207512,40.12886830053938,0.0 -111.52233821272984,40.12887351940843,0.0 -111.5222703143059,40.12000142280277,0.0 -111.5211146562094,40.120006628511966,0.0 -111.52108079338156,40.1155705742481,0.0 -111.52223637638993,40.11556536935146,0.0 -111.52222958971018,40.114678158249326,0.0 -111.5233851574018,40.11467294198648,0.0 -111.52337835600822,40.11378573090991,0.0 -111.52453390838315,40.11378050328158,0.0 -111.52452709227705,40.112893292230936,0.0 -111.52568262933531,40.11288805323785,0.0 -111.52567579851805,40.11200084221348,0.0 -111.52798684169753,40.111990329971654,0.0 -111.52797998115754,40.11110311913818,0.0 -111.52913548727815,40.11109784589055,0.0 -111.52912173708758,40.10932342414095,0.0 -111.53027721287943,40.10931813969609,0.0 -111.5302358795725,40.10399487214177,0.0 -111.53139126500359,40.10398957716245,0.0 -111.53137745966649,40.102215153876514,0.0 -111.5325328147783,40.10220984770424,0.0 -111.53250514776072,40.0986610001473,0.0 -111.5336604425477,40.098655683115545,0.0 -111.53363965049981,40.09599404650411,0.0 -111.53479489997288,40.095988718449334,0.0 -111.53478795490436,40.09510150613724,0.0 -111.53709842292389,40.095090815798365,0.0 -111.53709144816322,40.09420360368276,0.0 -111.53940188494482,40.09419286759644,0.0 -111.53939488049473,40.09330565567875,0.0 -111.54055008342033,40.093300270523294,0.0 -111.54053604545553,40.091525846612186,0.0 -111.53938087252673,40.09153123143134,0.0 -111.53934585804375,40.08709516840954,0.0 -111.54050095599214,40.08708978443102,0.0 -111.54049393903341,40.08620257158281,0.0 -111.54280410400756,40.086191769410895,0.0 -111.5427970573733,40.08530455676265,0.0 -111.5451071911103,40.085293708861386,0.0 -111.54510011480323,40.08440649641453,0.0 -111.54625516620852,40.08440105535883,0.0 -111.54624807522336,40.08351384294453,0.0 -111.54855814710555,40.08350292662519,0.0 -111.5485510264523,40.082615714414395,0.0 -111.55201608693098,40.08259925408016,0.0 -111.55200892162173,40.08171204224601,0.0 -111.55316392615586,40.08170653260894,0.0 -111.55315674617457,40.08081932080948,0.0 -111.55431173540026,40.08081379982967,0.0 -111.55430454074822,40.07992658806522,0.0 -111.55545951466554,40.07992105574341,0.0 -111.55545230534406,40.07903384401435,0.0 -111.55660726395305,40.07902830035124,0.0 -111.55660003996348,40.078141088657894,0.0 -111.55775498326415,40.07813553365422,0.0 -111.55774774460782,40.07724832199697,0.0 -111.5600576002708,40.077237177796626,0.0 -111.56005033196256,40.07634996634998,0.0 -111.56466997946829,40.07632754049022,0.0 -111.56466265153927,40.07544032960649,0.0 -111.5681273388005,40.07542338985525,0.0 -111.56811996624128,40.07453617936309,0.0 -111.56927484635678,40.074530509931364,0.0 -111.56926745914022,40.073643299478825,0.0 -111.57042232394367,40.07363761871237,0.0 -111.5704149220711,40.07275040829978,0.0 -111.57156977156254,40.072744716199324,0.0 -111.57153269221568,40.06830866296364,0.0 -111.57268746646977,40.068302960242306,0.0 -111.5726726070748,40.06652853834214,0.0 -111.57729158095434,40.06650561379286,0.0 -111.57729907040294,40.06739282409573,0.0 -111.57845382802293,40.06738706400641,0.0 -111.57846133278335,40.06827427399194,0.0 -111.58308041984614,40.06825111781982,0.0 -111.58308798486033,40.06913832694471,0.0 -111.58539755634143,40.069126679437865,0.0 -111.58540515165285,40.07001388806153,0.0 -111.58771475174797,40.07000219415013,0.0 -111.58772237735921,40.070889402271106,0.0 -111.5888771918812,40.07088353786699,0.0 -111.58888483281282,40.07177074566733,0.0 -111.5911944908035,40.071758981960144,0.0 -111.59120216203954,40.07264618925561,0.0 -111.59235700550752,40.07264028995149,0.0 -111.59236469206724,40.0735274969252,0.0 -111.59351955017765,40.07352158592528,0.0 -111.59352725206234,40.07440879257688,0.0 -111.59468212481514,40.07440286988042,0.0 -111.59468984202617,40.075290076209534,0.0 -111.59584472942132,40.07528414181585,0.0 -111.59585246195999,40.076171347822104,0.0 -111.59700736399745,40.07616540173047,0.0 -111.59701511186513,40.077052607413506,0.0 -111.59817002854486,40.07704664962321,0.0 -111.59817779174284,40.077933854982646,0.0 -111.60048765404179,40.07792190448997,0.0 -111.60049544755864,40.07880910933869,0.0 -111.60280533844923,40.07879711241816,0.0 -111.6028131622876,40.079684316754665,0.0 -111.6051230817657,40.07967227340347,0.0 -111.60513093592817,40.08055947722633,0.0 -111.60744088398965,40.080547387441676,0.0 -111.60745665331783,40.08232179391958,0.0 -111.60861165680319,40.08231573137715,0.0 -111.60862745751203,40.08409013692606,0.0 -111.6097824906285,40.08408406248925,0.0 -111.60980623929771,40.08674566921152,0.0 -111.61096131704028,40.086739582688814,0.0 -111.61097718123051,40.08851398610219,0.0 -111.61213228860935,40.08850788768184,0.0 -111.61215613252112,40.09116949119851,0.0 -111.6133112845345,40.091163380688265,0.0 -111.61332721223346,40.092937781962995,0.0 -111.61448239388827,40.09293165955184,0.0 -111.61450633308364,40.09559325985821,0.0 -111.61566155938145,40.095587125353155,0.0 -111.61567755061648,40.09736152448613,0.0 -111.61683280656088,40.097355378076905,0.0 -111.61685684108086,40.10001697516831,0.0 -111.61801214167673,40.10001081666116,0.0 -111.61802819647517,40.101785213649286,0.0 -111.6191835267228,40.1017790432347,0.0 -111.61922374498316,40.10621503233269,0.0 -111.6203791499052,40.10620884943011,0.0 -111.62041945213608,40.110644834121246,0.0 -111.61926397216615,40.1106510179891,0.0 -111.61928811275972,40.11331260773094,0.0 -111.61813258739605,40.11331878065047,0.0 -111.61814865288245,40.1150931735088,0.0 -111.61699309713451,40.115099335285514,0.0 -111.61701715299048,40.117760924117654,0.0 -111.61586155183994,40.11776707494215,0.0 -111.61587756082166,40.11954146719265,0.0 -111.61472192928136,40.11954760687113,0.0 -111.61474590036086,40.12220919478946,0.0 -111.61359022340909,40.12221532351182,0.0 -111.61360617586023,40.12398971515176,0.0 -111.61245046851322,40.12399583272487,0.0 -111.61247435477739,40.12665741972535,0.0 -111.61131860201006,40.12666352633845,0.0 -111.61133449790466,40.1284379173651,0.0 -111.6101787147366,40.12844401282574,0.0 -111.61019458199121,40.130218403682385,0.0 -111.60903876842036,40.13022448798916,0.0 -111.6090625268615,40.13288607381161,0.0 -111.60790666785806,40.13289214715267,0.0 -111.60792247851849,40.13466653739195,0.0 -111.60676658910675,40.13467259957591,0.0 -111.6067744799334,40.135559794678336,0.0 -111.60561857514176,40.13556584551489,0.0 -111.60564220462939,40.138227430563006,0.0 -111.60448625439489,40.1382334704285,0.0 -111.60449411655736,40.13912066535782,0.0 -111.60333815094148,40.139126693873756,0.0 -111.60335384624616,40.14090108369586,0.0 -111.60219785021508,40.14090710104933,0.0 -111.6022056833553,40.14179429594179,0.0 -111.60104967194212,40.14180030194388,0.0 -111.60105749039477,40.14268749688621,0.0 -111.59990146359944,40.142693491536214,0.0 -111.59990926736317,40.14358068652802,0.0 -111.59875322518567,40.143586669825204,0.0 -111.59876101425918,40.144473864866164,0.0 -111.59644889879478,40.1444857972131,0.0 -111.59645665813945,40.145372992488944,0.0 -111.59530058485315,40.1453789415376,0.0 -111.59530832950423,40.14626613686152,0.0 -111.59415224083631,40.1462720745548,0.0 -111.59415997079246,40.147159269926476,0.0 -111.59300386674289,40.147165196263664,0.0 -111.59301158200279,40.14805239168273,0.0 -111.5906993427985,40.148064210101644,0.0 -111.5907070283208,40.14895140575203,0.0 -111.58839475767222,40.1489631783711,0.0 -111.58840241345419,40.149850374251365,0.0 -111.58609011136521,40.14986210106765,0.0 -111.58609773740413,40.15074929717637,0.0 -111.5837854038786,40.15076097818689,0.0 -111.58379300017177,40.15164817452266,0.0 -111.58032445223044,40.15166561001036,0.0 -111.58033200373228,40.1525528067528,0.0 -111.57455100858894,40.15258163593153,0.0 -111.57455848520821,40.15346883343628,0.0 -111.57108983900449,40.15348599295398,0.0 -111.57109727082272,40.15437319085681,0.0 -111.56415987926235,40.154407199261236,0.0 -111.56415253771021,40.15352000029693,0.0 -111.5560590047196,40.15355915026852,0.0 -111.55605176879979,40.15267194994478,0.0</coordinates>
                                </LinearRing>
                            </outerBoundaryIs>
                        </Polygon>
                        <Polygon>
                            <outerBoundaryIs>
                                <LinearRing>
                                    <coordinates>-111.21387904993654,40.17776499259162,0.0 -111.21387626433807,40.176877760305295,0.0 -111.20693628816531,40.176890372396294,0.0 -111.20693359307353,40.17600313957982,0.0 -111.19999370297732,40.17601533530158,0.0 -111.19999109838442,40.17512810196794,0.0 -111.19652119695621,40.17513404365229,0.0 -111.1965186376666,40.17424680999669,0.0 -111.19536201869168,40.174248767387944,0.0 -111.19536456291873,40.17513600110464,0.0 -111.18842475634561,40.17514750317308,0.0 -111.18842230249413,40.1742602690974,0.0 -111.18610906288315,40.17426401056691,0.0 -111.1861066392645,40.17337677623796,0.0 -111.18379342934712,40.17338047137525,0.0 -111.18379103595863,40.17249323679446,0.0 -111.18147785573892,40.17249688560242,0.0 -111.1814754925779,40.17160965077126,0.0 -111.18031891737103,40.171611457788586,0.0 -111.18031187369523,40.168949752306894,0.0 -111.18146840372421,40.16894794545875,0.0 -111.18145659106543,40.16451176720792,0.0 -111.1826130457064,40.16450994909146,0.0 -111.18260353725218,40.160961004260834,0.0 -111.18375993157319,40.160959174822544,0.0 -111.18374797312596,40.15652299099861,0.0 -111.1849042920878,40.15652115029879,0.0 -111.18489466705009,40.15297220101258,0.0 -111.18605092571477,40.152970348997,0.0 -111.18603882159728,40.148534159607216,0.0 -111.18950737127528,40.148528535164985,0.0 -111.18950983701363,40.149415773140355,0.0 -111.19066603506491,40.14941387517952,0.0 -111.19067099695837,40.15118835060229,0.0 -111.19182722498799,40.15118644097814,0.0 -111.19182972114511,40.152073678425154,0.0 -111.19298596410917,40.1520717571962,0.0 -111.19298847542296,40.152958994446756,0.0 -111.19414473332147,40.15295706161229,0.0 -111.19414725979327,40.15384429866601,0.0 -111.19645980534631,40.1538403982387,0.0 -111.19646236202466,40.15472763503417,0.0 -111.19877493721822,40.15472368830007,0.0 -111.19877752410578,40.155610924835834,0.0 -111.20455903530815,40.15560085562699,0.0 -111.20456169755309,40.156488091711964,0.0 -111.20803064800751,40.156481911434604,0.0 -111.20803335551808,40.15736914719012,0.0 -111.21034601865297,40.157364969140076,0.0 -111.21034875638334,40.15825220462865,0.0 -111.21497414138888,40.1582437096959,0.0 -111.21497693944261,40.159130944782795,0.0 -111.219602382663,40.159122264816816,0.0 -111.21960524104534,40.16000949949625,0.0 -111.23001261626442,40.15998929338514,0.0 -111.2300156102392,40.16087652729733,0.0 -111.23464116711747,40.16086724625747,0.0 -111.23463811293593,40.159980012634946,0.0 -111.2462018450327,40.159956002379104,0.0 -111.24619864047695,40.159068769369455,0.0 -111.24851135510907,40.15906382889325,0.0 -111.24850812059503,40.1581765959012,0.0 -111.24966446264584,40.15817410841891,0.0 -111.2496579639499,40.15639964218033,0.0 -111.25081427575799,40.15639714330651,0.0 -111.25081101157808,40.155509910060324,0.0 -111.25196730819307,40.15550739971807,0.0 -111.2519607501734,40.15373293297262,0.0 -111.2531170165484,40.15373041124136,0.0 -111.25310384207431,40.1501814764262,0.0 -111.25426004812226,40.150178943465505,0.0 -111.25424681581651,40.146630006781116,0.0 -111.2554029615475,40.14662746259384,0.0 -111.25539963879721,40.145740228160676,0.0 -111.25655576933985,40.14573767251034,0.0 -111.25655243169682,40.14485043802037,0.0 -111.25770854705117,40.144847870907725,0.0 -111.25770519451672,40.143960636361285,0.0 -111.26001739469936,40.14395546767109,0.0 -111.26001062992279,40.14218099849108,0.0 -111.26116669971228,40.14217839699581,0.0 -111.26116330251165,40.14129116228214,0.0 -111.26231935711289,40.14128854932745,0.0 -111.26230229819346,40.13685237411781,0.0 -111.26345827746589,40.1368497500321,0.0 -111.26345485110271,40.13596251466229,0.0 -111.26461081518963,40.13595987912003,0.0 -111.26460393285446,40.13418540813515,0.0 -111.26575986672373,40.13418276121969,0.0 -111.26575641075375,40.133295525604986,0.0 -111.2669123294382,40.133292867234786,0.0 -111.26690885859078,40.132405631566456,0.0 -111.26806476209043,40.13240296174223,0.0 -111.26806127636692,40.13151572602064,0.0 -111.26921716468179,40.131513044743116,0.0 -111.26920316322067,40.12796410082555,0.0 -111.27035899126648,40.127961408347616,0.0 -111.27033438951534,40.12175075182096,0.0 -111.2714901122319,40.1217480483987,0.0 -111.27148305452008,40.11997357404474,0.0 -111.2737944393958,40.11996813294195,0.0 -111.27379088073326,40.11908089572994,0.0 -111.27494655791386,40.119078157966094,0.0 -111.27494298438916,40.118190920702965,0.0 -111.27609864639113,40.11818817149338,0.0 -111.27609505800561,40.117300934179454,0.0 -111.27725070482897,40.11729817352485,0.0 -111.27724710158394,40.116410936160506,0.0 -111.27840273322872,40.1164081640616,0.0 -111.27839911512552,40.11552092664721,0.0 -111.27955473159174,40.11551814310472,0.0 -111.27954020071876,40.1119691924286,0.0 -111.27838464431801,40.11197197562348,0.0 -111.2783810270174,40.11108473752603,0.0 -111.26798114740086,40.111109266722735,0.0 -111.26797766538742,40.110222027722834,0.0 -111.26451108108597,40.11022999636251,0.0 -111.2645076442674,40.10934275697723,0.0 -111.25641904735234,40.109360946421006,0.0 -111.25641571577604,40.10847370633122,0.0 -111.25294921704895,40.10848132865386,0.0 -111.25294593065706,40.10759408818953,0.0 -111.24947947565428,40.10760160653135,0.0 -111.24947623444287,40.10671436569571,0.0 -111.24716529374398,40.106719320133905,0.0 -111.24716208269818,40.10583207900704,0.0 -111.24485117145124,40.10583698718542,0.0 -111.2448479905684,40.10494974576874,0.0 -111.24369254974319,40.10495218249241,0.0 -111.24368938401108,40.10406494086312,0.0 -111.24253395805498,40.10406736598513,0.0 -111.24253080747226,40.103180124143584,0.0 -111.24137539638535,40.10318253766465,0.0 -111.24136912565514,40.10140805342121,0.0 -111.24021374444501,40.10141045526706,0.0 -111.24021062429551,40.10052321286554,0.0 -111.23905525795391,40.100525603112246,0.0 -111.23905215294914,40.099638360499576,0.0 -111.23674144986593,40.09964310627233,0.0 -111.23673837501019,40.09875586337494,0.0 -111.23442770139259,40.098760562905746,0.0 -111.23443074623701,40.09964780594987,0.0 -111.22172186676171,40.099672830223106,0.0 -111.22171898697997,40.098785586397604,0.0 -111.21247627582841,40.09880290951564,0.0 -111.21247351621517,40.09791566501275,0.0 -111.21362884053951,40.097913540021636,0.0 -111.21362329167208,40.09613905073909,0.0 -111.2147785858651,40.09613691435825,0.0 -111.21477579661291,40.09524966957895,0.0 -111.2159310756791,40.095247521742735,0.0 -111.21592546754171,40.09347303190883,0.0 -111.21708071647927,40.093470872685394,0.0 -111.21707789759608,40.09258362763114,0.0 -111.21823313140749,40.09258145695413,0.0 -111.21823029764893,40.091694211831154,0.0 -111.21938551633419,40.0916920297013,0.0 -111.21937981919534,40.08991753918217,0.0 -111.22053500775539,40.08991534566869,0.0 -111.22053214437709,40.089028100272884,0.0 -111.22168731781169,40.08902589530837,0.0 -111.22168156144134,40.087251404244974,0.0 -111.22283670475342,40.08724918789933,0.0 -111.22283381176337,40.08636194223212,0.0 -111.2239889399507,40.08635971443724,0.0 -111.22398312436476,40.084585222832445,0.0 -111.22513822243228,40.08458298365898,0.0 -111.22513529983841,40.08369573772177,0.0 -111.22629038278187,40.083693487100845,0.0 -111.22628450799627,40.081918994957505,0.0 -111.22743956082262,40.08191673296051,0.0 -111.22743660863289,40.08102948675472,0.0 -111.23552186976649,40.081013330814564,0.0 -111.23551881276576,40.08012608497681,0.0 -111.23782885618144,40.08012136549495,0.0 -111.23782576933431,40.07923411966806,0.0 -111.23898077584607,40.07923174272753,0.0 -111.23898387768419,40.0801189884802,0.0 -111.24129392027625,40.08011419990305,0.0 -111.24129705223528,40.08100144536964,0.0 -111.24245208831488,40.08099903373195,0.0 -111.24245523540517,40.08188627898672,0.0 -111.24361028633746,40.081883855757134,0.0 -111.24361344856032,40.082771100799704,0.0 -111.24592357998932,40.08276621963835,0.0 -111.24592677233973,40.08365346439198,0.0 -111.24939201340025,40.0836460560416,0.0 -111.24939525087508,40.08453330042735,0.0 -111.2505503459365,40.08453080786482,0.0 -111.25055685130755,40.08630529607103,0.0 -111.25171197621516,40.08630279183447,0.0 -111.2517152441134,40.08719003565458,0.0 -111.25287038387228,40.08718751982111,0.0 -111.25287366691238,40.0880747634261,0.0 -111.25402882152251,40.08807223599499,0.0 -111.25403541803547,40.089846722637525,0.0 -111.25519060249506,40.0898441835288,0.0 -111.25519391596991,40.09073142656594,0.0 -111.25750431444517,40.09072631362947,0.0 -111.25750765806612,40.091613556370405,0.0 -111.2586628720811,40.09161098254162,0.0 -111.25866623085057,40.09249822506565,0.0 -111.25982145971675,40.09249563963563,0.0 -111.25982483363607,40.093382881942354,0.0 -111.2609800773534,40.0933802849104,0.0 -111.26098346642392,40.09426752699949,0.0 -111.26907027320848,40.09424902460487,0.0 -111.26907376744438,40.09513626597962,0.0 -111.27716067164768,40.09511719843494,0.0 -111.27715707239715,40.094229957655564,0.0 -111.27946758502394,40.09422440626227,0.0 -111.27946395593031,40.093337165519635,0.0 -111.28061919700116,40.09333437262797,0.0 -111.28062284109616,40.094221613283395,0.0 -111.29102013839092,40.0941959580076,0.0 -111.29102391766561,40.0950831977253,0.0 -111.29333445635226,40.09507736963502,0.0 -111.29333826579987,40.09596460903414,0.0 -111.29449354989264,40.09596167761478,0.0 -111.29449737451252,40.09684891678574,0.0 -111.29565267343888,40.096845973752345,0.0 -111.29565651323239,40.09773321269477,0.0 -111.3014330803151,40.097718324225646,0.0 -111.30145265698583,40.102154514563686,0.0 -111.30029726888456,40.10215751577171,0.0 -111.30030507075247,40.10393199113782,0.0 -111.2991496524617,40.1039349810079,0.0 -111.29918852206534,40.11280735057322,0.0 -111.30034409047833,40.11280435976948,0.0 -111.3003479934032,40.11369159588106,0.0 -111.30150357665892,40.11368859345462,0.0 -111.3015074947735,40.1145758293358,0.0 -111.3026630928719,40.114572815285946,0.0 -111.30266702617755,40.115460050936385,0.0 -111.30382263911861,40.115457025262415,0.0 -111.30385423200894,40.12255490479018,0.0 -111.30269849890634,40.122557931219944,0.0 -111.30270636883434,40.12433239992418,0.0 -111.30155060551007,40.1243354150093,0.0 -111.30155452571145,40.12522264925055,0.0 -111.30039874718871,40.12522565289582,0.0 -111.30040265253884,40.12611288709418,0.0 -111.2992468588176,40.126115879298865,0.0 -111.29925074931514,40.12700311345397,0.0 -111.29693913130362,40.127009063446025,0.0 -111.29694299192067,40.127896297650224,0.0 -111.29578716763105,40.1278992554365,0.0 -111.29579101339218,40.12878648959637,0.0 -111.29347933424715,40.12879237074724,0.0 -111.2934831501231,40.129679604954056,0.0 -111.28885972969472,40.12969122919309,0.0 -111.2888709979872,40.13235293208237,0.0 -111.28771509737388,40.13235580957203,0.0 -111.28772632207264,40.13501751150098,0.0 -111.28657037619938,40.135020377722114,0.0 -111.28657783009615,40.13679484517048,0.0 -111.28542185399152,40.136797700031835,0.0 -111.28542556615402,40.137684933640166,0.0 -111.28426957485067,40.137687777051546,0.0 -111.28427696959987,40.13946224403583,0.0 -111.28312094806245,40.13946507608492,0.0 -111.2831504133166,40.1465629392636,0.0 -111.28199427130897,40.14656576047731,0.0 -111.2820052783505,40.149227457178874,0.0 -111.28084909105397,40.14923026711299,0.0 -111.28085274535012,40.15011749916126,0.0 -111.27969654284804,40.150120297638935,0.0 -111.27970018226233,40.15100752963793,0.0 -111.27854396455471,40.15101031665842,0.0 -111.2785475890858,40.151897548607764,0.0 -111.27739135617261,40.15190032417035,0.0 -111.27739496581917,40.1527875560697,0.0 -111.27623871770038,40.15279032017368,0.0 -111.27624950246111,40.15545201531071,0.0 -111.27509320904258,40.15545476812719,0.0 -111.27510036958401,40.15722923104053,0.0 -111.27394404590976,40.1572319724818,0.0 -111.27396187479056,40.16166812780184,0.0 -111.27280547570423,40.16167085812211,0.0 -111.27280902690244,40.162558088861424,0.0 -111.26818336877658,40.16256889499094,0.0 -111.26818685991857,40.16345612593091,0.0 -111.26703042994461,40.163458798673574,0.0 -111.26703390618741,40.164346029560335,0.0 -111.26587746100499,40.16434869083644,0.0 -111.26588092234728,40.16523592166963,0.0 -111.26472446195642,40.16523857147844,0.0 -111.26472790839684,40.16612580225771,0.0 -111.26241495704589,40.16613106738862,0.0 -111.26241837352693,40.167018298195586,0.0 -111.26010539145707,40.16702351728651,0.0 -111.26010877797603,40.16791074811976,0.0 -111.25779576519122,40.167915921167776,0.0 -111.2577991217454,40.168803152025866,0.0 -111.25664260007164,40.16880572130288,0.0 -111.25664594171661,40.169692952104526,0.0 -111.25433286780834,40.16969805616237,0.0 -111.25433617948383,40.1705852869867,0.0 -111.2520230748698,40.17059034499361,0.0 -111.2520263565731,40.17147757583922,0.0 -111.24971322125725,40.1714825877923,0.0 -111.24971647298571,40.17236981865772,0.0 -111.2462467237503,40.17237725017227,0.0 -111.24624993044021,40.17326448113304,0.0 -111.24162353589297,40.17327422837702,0.0 -111.24162668247864,40.1741614595054,0.0 -111.2381568399144,40.174168648849104,0.0 -111.23816304312874,40.17594311114484,0.0 -111.23700639853905,40.175945484632784,0.0 -111.23701257217606,40.17771994653033,0.0 -111.22775916955771,40.1777385196207,0.0 -111.2277621360613,40.17862575094426,0.0 -111.22197867979827,40.17863698392159,0.0 -111.22197578862018,40.17774975224747,0.0 -111.21387904993654,40.17776499259162,0.0</coordinates>
                                </LinearRing>
                            </outerBoundaryIs>
                        </Polygon>
                        <Polygon>
                            <outerBoundaryIs>
                                <LinearRing>
                                    <coordinates>-111.36129987083945,40.49324601824722,0.0 -111.36478605538291,40.49323506722263,0.0 -111.36479085984234,40.49412223900618,0.0 -111.36711501241257,40.494114879674285,0.0 -111.3671198476955,40.4950020510915,0.0 -111.37409239205262,40.4949796919771,0.0 -111.3740973193839,40.495866862560725,0.0 -111.37758363452981,40.49585552490828,0.0 -111.37758860799879,40.496742695001586,0.0 -111.37991284760355,40.49673507790465,0.0 -111.3799178519074,40.49762224762358,0.0 -111.38572852354652,40.497602999789265,0.0 -111.38572344270871,40.49671583066988,0.0 -111.38920979706566,40.496704142105884,0.0 -111.3892046705356,40.49581697321345,0.0 -111.39152887502259,40.49580912265581,0.0 -111.39152371810982,40.49492195387073,0.0 -111.39500997720242,40.49491009076737,0.0 -111.39500477460503,40.494022922214654,0.0 -111.39849098570132,40.49401095432383,0.0 -111.39848573742348,40.49312378600672,0.0 -111.4019719005073,40.49311171333514,0.0 -111.40196660655324,40.4922245452569,0.0 -111.4042906834933,40.49221643864317,0.0 -111.40428535916966,40.49132927068028,0.0 -111.40777142689461,40.491317023516245,0.0 -111.40776605690236,40.49042985579762,0.0 -111.4112520765726,40.49041750387186,0.0 -111.41124666091591,40.4895303364008,0.0 -111.41357064222414,40.489522043629144,0.0 -111.41356519620757,40.488634876279185,0.0 -111.41588914594628,40.48862653703859,0.0 -111.41588366957257,40.487739369811166,0.0 -111.41704562877729,40.48773518279859,0.0 -111.4170346461632,40.48596084819293,0.0 -111.41819657452646,40.4859566497605,0.0 -111.41818556229465,40.48418231486744,0.0 -111.41934745981855,40.48417810501661,0.0 -111.4193308974206,40.48151660204118,0.0 -111.42049274881236,40.4815123809049,0.0 -111.42048167785356,40.47973804516473,0.0 -111.42164349841153,40.47973381261329,0.0 -111.42162684794307,40.477072308369316,0.0 -111.42278862237791,40.47706806453638,0.0 -111.4227774927188,40.47529372795192,0.0 -111.42393923632534,40.4752894727071,0.0 -111.42392249782644,40.47262796719876,0.0 -111.42508419531882,40.47262370067641,0.0 -111.42507300698607,40.47084936325047,0.0 -111.42623467365576,40.470845085319475,0.0 -111.42622345574678,40.46907074761106,0.0 -111.42738509159584,40.46906645827288,0.0 -111.4273569747716,40.464630612268174,0.0 -111.42619541533863,40.46463490093825,0.0 -111.42618980800506,40.463747731191944,0.0 -111.42154362891144,40.46376476862221,0.0 -111.42153808294931,40.46287759820787,0.0 -111.42037655283825,40.46288182825472,0.0 -111.42037102240262,40.46199465757135,0.0 -111.41804799200321,40.462003082388875,0.0 -111.4180369929852,40.460228740085526,0.0 -111.41687550797613,40.460232934726605,0.0 -111.41687002411179,40.45934576323841,0.0 -111.41570855413677,40.459349946078994,0.0 -111.41569761769333,40.45757560243037,0.0 -111.41453617802894,40.457579773341244,0.0 -111.41453072544779,40.45669260118116,0.0 -111.41336930081683,40.45669676029338,0.0 -111.4133638637533,40.45580958786652,0.0 -111.4122024541558,40.45581373518079,0.0 -111.41219703260856,40.4549265624875,0.0 -111.41103563804455,40.45493069800456,0.0 -111.41103023201222,40.45404352504523,0.0 -111.40986885248171,40.454047648765794,0.0 -111.40986346196294,40.453160475540805,0.0 -111.40870209746598,40.4531645874656,0.0 -111.40869672245941,40.45227741397529,0.0 -111.407535372996,40.45228151410504,0.0 -111.40752465424285,40.45050716645738,0.0 -111.40636333508421,40.450511254665415,0.0 -111.40635799133558,40.449624080508435,0.0 -111.40519668720987,40.44962815692326,0.0 -111.40519135896868,40.448740982502095,0.0 -111.40286878054695,40.44874910008119,0.0 -111.40286348308105,40.44786192526994,0.0 -111.4005409342556,40.44786999593549,0.0 -111.40053040110315,40.446095645398564,0.0 -111.39936915687527,40.44609966298323,0.0 -111.3993586551931,40.444325311647326,0.0 -111.39819744126548,40.44432931731791,0.0 -111.39819220604043,40.44344214131942,0.0 -111.39703100714593,40.44344613520184,0.0 -111.3970257874188,40.44255895894176,0.0 -111.39586460355741,40.44256294103673,0.0 -111.39585939932688,40.44167576451542,0.0 -111.39469823049863,40.44167973482367,0.0 -111.3946930417633,40.4407925580415,0.0 -111.39353188796824,40.44079651656375,0.0 -111.39352671472679,40.43990933952113,0.0 -111.39004329775388,40.439921144746194,0.0 -111.39003817052999,40.43903396719858,0.0 -111.38655479729319,40.4390456671015,0.0 -111.3865497160829,40.4381584890522,0.0 -111.38538860647982,40.43816236557584,0.0 -111.38538354075665,40.43727518726864,0.0 -111.383061351398,40.43728290509163,0.0 -111.38305128166819,40.43550854758494,0.0 -111.38189021717324,40.435512388765694,0.0 -111.38188519790332,40.43462520968701,0.0 -111.38072414844444,40.43462903908826,0.0 -111.38071414109044,40.43285468028095,0.0 -111.37839210253894,40.43286230362882,0.0 -111.37838215710221,40.43108794379805,0.0 -111.37722116800829,40.43109173774687,0.0 -111.3772162108774,40.43020455750763,0.0 -111.3748942625409,40.430212110194724,0.0 -111.37488933614081,40.42932492958306,0.0 -111.37372837689894,40.42932868832242,0.0 -111.37372346597242,40.428441507456554,0.0 -111.3714015773435,40.428448989729034,0.0 -111.37139669714308,40.427561808492946,0.0 -111.36791390833599,40.42757294412461,0.0 -111.36790907411225,40.426685762404446,0.0 -111.36674815933243,40.426689450852756,0.0 -111.36674334057618,40.425802268880595,0.0 -111.36326064071189,40.42581326394305,0.0 -111.36325586792564,40.42492608149122,0.0 -111.36209498279757,40.424929723086,0.0 -111.36209022547476,40.42404254038364,0.0 -111.35164238714833,40.42407478921381,0.0 -111.35163776729286,40.42318760536948,0.0 -111.35047691058246,40.42319113018493,0.0 -111.35047230618235,40.42230394609375,0.0 -111.34815062264826,40.42231096054028,0.0 -111.34814604895156,40.42142377609348,0.0 -111.34234191281699,40.42144110770855,0.0 -111.34236440206506,40.425877031273146,0.0 -111.34352530594839,40.42587358772277,0.0 -111.3435433619616,40.429422323679375,0.0 -111.34470432665952,40.42941886804189,0.0 -111.34471791654525,40.43208041824782,0.0 -111.34587892681033,40.43207695062835,0.0 -111.34588347243256,40.43296413364826,0.0 -111.34704449775309,40.43296065426145,0.0 -111.34705818160897,40.435622202173896,0.0 -111.34821925250334,40.435618710801435,0.0 -111.34824213929386,40.44005462070467,0.0 -111.34708099209158,40.44005811262115,0.0 -111.3470901177045,40.441832475840954,0.0 -111.34592893977143,40.441835956312126,0.0 -111.3459334876172,40.44272313782497,0.0 -111.34361110061518,40.44273006399435,0.0 -111.34361561813179,40.443617245586,0.0 -111.341293199795,40.44362412531657,0.0 -111.34129768697971,40.44451130698557,0.0 -111.33897523731214,40.44451814027437,0.0 -111.33898415121043,40.44629250362721,0.0 -111.3378228955442,40.44629590298738,0.0 -111.33782733752216,40.44718308456423,0.0 -111.33666606639,40.447186472365175,0.0 -111.33667049329631,40.448073653910605,0.0 -111.33550920669816,40.44807703015159,0.0 -111.33551361853148,40.448964211665206,0.0 -111.33202971175335,40.448974270708476,0.0 -111.33203407797124,40.44986145239853,0.0 -111.32855012363432,40.44987140675887,0.0 -111.32855444423265,40.4507585886221,0.0 -111.3262317765039,40.45076516673591,0.0 -111.32622319658302,40.44899080246255,0.0 -111.32506189297403,40.448994073815626,0.0 -111.32505334435521,40.447219708790534,0.0 -111.32389207109534,40.447222968274545,0.0 -111.3238835537731,40.44544860249849,0.0 -111.32272231086036,40.44545185011488,0.0 -111.32271382482922,40.443677483588594,0.0 -111.3215526122616,40.44368071933886,0.0 -111.32154415751606,40.44190635206311,0.0 -111.32038297529155,40.441909575948685,0.0 -111.32037455182615,40.4401352079242,0.0 -111.31921339994277,40.440138419946564,0.0 -111.319205007752,40.438364051174126,0.0 -111.31804388620775,40.43836725133471,0.0 -111.31803552528612,40.43659288181505,0.0 -111.31687443407898,40.436596070115336,0.0 -111.31687026915745,40.435708885050744,0.0 -111.31570919302563,40.43571206159117,0.0 -111.31570504354904,40.43482487629067,0.0 -111.31802716510789,40.43481851174763,0.0 -111.31803134510409,40.43570569684981,0.0 -111.3203534964392,40.43569928546639,0.0 -111.32035770714216,40.43658647023185,0.0 -111.32151879778971,40.436583246948956,0.0 -111.321523023941,40.437470431477024,0.0 -111.32500634053697,40.43746069135967,0.0 -111.32500206860236,40.43657350713511,0.0 -111.3261631584943,40.4365702372088,0.0 -111.32615887148918,40.43568305294915,0.0 -111.32731994593013,40.43567977146426,0.0 -111.32730273878059,40.432131033465126,0.0 -111.32846375199549,40.4321277407302,0.0 -111.3284594354292,40.43124055599062,0.0 -111.32962043319519,40.43123725169965,0.0 -111.32961610156448,40.43035006692607,0.0 -111.3307770838816,40.43034675107979,0.0 -111.33077273718783,40.42945956627258,0.0 -111.33425563721018,40.4294495490963,0.0 -111.33423806932039,40.42590080974631,0.0 -111.33307716385625,40.425904160045334,0.0 -111.3330684115865,40.42412978933972,0.0 -111.33190753643156,40.424133127774226,0.0 -111.33190317583934,40.42324594211193,0.0 -111.33074231574142,40.42324926878705,0.0 -111.33073362563823,40.42147489684424,0.0 -111.32957279584686,40.42147821165737,0.0 -111.32956413701326,40.41970383896015,0.0 -111.32840333752645,40.41970714191277,0.0 -111.32839470995698,40.41793276846184,0.0 -111.32723394077276,40.41793605955542,0.0 -111.32722534446191,40.416161685351554,0.0 -111.32606460557825,40.41616496458753,0.0 -111.32606032295423,40.415277777178,0.0 -111.32489959912502,40.41528104465966,0.0 -111.3248953319355,40.41439385701134,0.0 -111.32373462316075,40.41439711273941,0.0 -111.3237303714044,40.4135099248527,0.0 -111.32256967768411,40.41351316882789,0.0 -111.3225612052233,40.41173879244147,0.0 -111.32140054179963,40.41174202456378,0.0 -111.32139632109315,40.41085483606445,0.0 -111.32255696927533,40.41085160404284,0.0 -111.32255273351566,40.409964415507304,0.0 -111.32951652718653,40.409944779333124,0.0 -111.32952085439068,40.41083196725669,0.0 -111.33300279436075,40.410821991584655,0.0 -111.33300716748141,40.411709179060374,0.0 -111.3353284903067,40.4117024701519,0.0 -111.33533289410583,40.41258965728158,0.0 -111.3364935704672,40.41258628524631,0.0 -111.33648915142606,40.411699098221725,0.0 -111.33881047307483,40.41169231940953,0.0 -111.33880602374745,40.41080513245922,0.0 -111.34112731412247,40.41079830725731,0.0 -111.3411228345116,40.40991112038275,0.0 -111.34228346416015,40.409907690413334,0.0 -111.34228795901161,40.41079487718101,0.0 -111.34344860370098,40.410791435454485,0.0 -111.34345311399353,40.41167862197791,0.0 -111.34461377372368,40.41167516849353,0.0 -111.34461829945869,40.41256235477235,0.0 -111.3573857107248,40.4125235962996,0.0 -111.35739040432924,40.41341078123353,0.0 -111.36087246696778,40.41339996573521,0.0 -111.36087720651038,40.41428715019506,0.0 -111.36435931298226,40.41427622949545,0.0 -111.36435452771023,40.413389045375936,0.0 -111.37015795801781,40.41337061175322,0.0 -111.37016281950532,40.414257795298255,0.0 -111.37132352016434,40.414254073504196,0.0 -111.37132839711168,40.41514125679619,0.0 -111.37248911279764,40.41513752323424,0.0 -111.37249400520619,40.416024706272815,0.0 -111.37365473591909,40.416020960942284,0.0 -111.3736596437902,40.416908143727085,0.0 -111.37482038952999,40.416904386627216,0.0 -111.37482531286501,40.41779156915787,0.0 -111.3759860736317,40.41778780028796,0.0 -111.37599101243201,40.4186749825641,0.0 -111.37831256379883,40.41866740962945,0.0 -111.37831753331282,40.4195545915325,0.0 -111.38063911429015,40.41954697174719,0.0 -111.38065411564811,40.422208515921504,0.0 -111.38181495154888,40.42220468819052,0.0 -111.38182498406586,40.4239790500494,0.0 -111.384146716198,40.42397135914392,0.0 -111.38415176329318,40.42485853962806,0.0 -111.38763440556015,40.42484691549177,0.0 -111.3876394986349,40.42573409547656,0.0 -111.38880039419034,40.42573019733138,0.0 -111.38880550274388,40.42661737705761,0.0 -111.38996641332463,40.42661346713447,0.0 -111.38997153735833,40.427500646601736,0.0 -111.3969370875537,40.427476941537755,0.0 -111.39694230333735,40.428364120129196,0.0 -111.40158605985388,40.42834808311681,0.0 -111.40159133688665,40.42923526107139,0.0 -111.40391324424867,40.42922717237013,0.0 -111.40391855202596,40.43011434993549,0.0 -111.40624048895401,40.430106214350666,0.0 -111.40624582747849,40.43099339152537,0.0 -111.40972877685567,40.430981100331174,0.0 -111.40973416138627,40.4318682769857,0.0 -111.41089515929039,40.43186415647615,0.0 -111.41090055931728,40.432751332865095,0.0 -111.41206157223824,40.43274720056822,0.0 -111.41206698776278,40.43363437669121,0.0 -111.41322801570057,40.43363023260629,0.0 -111.41323887798913,40.43540458418248,0.0 -111.41439993620261,40.43540042817928,0.0 -111.4144108299769,40.437174778947714,0.0 -111.41557191846807,40.43717061102479,0.0 -111.41557738097939,40.43805778607336,0.0 -111.41673848448865,40.43805360635948,0.0 -111.41674396250443,40.4389407811406,0.0 -111.41790508103173,40.438936589635055,0.0 -111.41791057455333,40.439823764148365,0.0 -111.41907170809867,40.43981956085042,0.0 -111.41907721712744,40.44070673509555,0.0 -111.42023836569076,40.44070252000448,0.0 -111.42024389022806,40.44158969398108,0.0 -111.42140505380938,40.44158546709617,0.0 -111.42141059385658,40.44247264080385,0.0 -111.42257177245585,40.44246840212438,0.0 -111.42257732801428,40.44335557556277,0.0 -111.42373852163148,40.44335132508801,0.0 -111.42374409270252,40.44423849825673,0.0 -111.42490530133762,40.44423423598595,0.0 -111.42491088792262,40.44512140888465,0.0 -111.42607211157559,40.44511713481715,0.0 -111.42611133150886,40.451327340333336,0.0 -111.42727266179547,40.45132305366707,0.0 -111.42727828091127,40.45221022520116,0.0 -111.43192366063911,40.452192961333715,0.0 -111.43192934109403,40.45308013219268,0.0 -111.43425205998987,40.453071429987055,0.0 -111.43425777124327,40.453958600437616,0.0 -111.43541914558358,40.45395423169798,0.0 -111.43543632669038,40.45661574181776,0.0 -111.44124342367292,40.45659372104912,0.0 -111.44124922759592,40.457480890128416,0.0 -111.44357209513845,40.45747199986409,0.0 -111.44357792987202,40.4583591685291,0.0 -111.44706227506705,40.4583457451977,0.0 -111.44706815589076,40.45923291330721,0.0 -111.4505525445631,40.45921938453119,0.0 -111.4505584714809,40.46010655208188,0.0 -111.45404290361397,40.460092917854894,0.0 -111.45404887662987,40.46098008484348,0.0 -111.45637186061477,40.4609709367242,0.0 -111.4563778644539,40.461858103290446,0.0 -111.45753937132507,40.461853511582355,0.0 -111.45759957722711,40.4707251682604,0.0 -111.45643791753054,40.470729761399234,0.0 -111.45645593866134,40.473391256153704,0.0 -111.45529423283674,40.47339583804649,0.0 -111.45530621768226,40.475170167481565,0.0 -111.45414448101383,40.475174737983735,0.0 -111.45416241440967,40.47783623153345,0.0 -111.45300063160424,40.477840790785606,0.0 -111.45301255794647,40.47961511941612,0.0 -111.45185074429165,40.47961966727441,0.0 -111.4518626411077,40.48139399563894,0.0 -111.45070079660141,40.481398532101935,0.0 -111.45071859792402,40.484060024042634,0.0 -111.44955670726827,40.484064549249844,0.0 -111.44956854554233,40.48583887680559,0.0 -111.44840662402954,40.48584339061424,0.0 -111.44842433751921,40.488504881339686,0.0 -111.44726236984796,40.4885093838886,0.0 -111.44727414955342,40.49028371063277,0.0 -111.44611215101959,40.49028820177986,0.0 -111.4461297766363,40.49294969128585,0.0 -111.44496773193502,40.49295417116924,0.0 -111.44497945304519,40.49472849709905,0.0 -111.44381737747575,40.49473296557736,0.0 -111.44382906901826,40.49650729123623,0.0 -111.44266696257857,40.49651174830804,0.0 -111.44268445592185,40.49917323618297,0.0 -111.44152230330228,40.4991776819853,0.0 -111.44153393621077,40.50095200682559,0.0 -111.44037175271538,40.50095644121816,0.0 -111.44038335603882,40.502730765785444,0.0 -111.43922114166551,40.50273518876679,0.0 -111.43923271539855,40.504509513060356,0.0 -111.4380704701452,40.50451392462903,0.0 -111.43807624208547,40.505401086707245,0.0 -111.43575172018461,40.50540987505368,0.0 -111.43575746175551,40.506297037268325,0.0 -111.43227063105151,40.50631013253139,0.0 -111.43227632693652,40.50719729501662,0.0 -111.42995174123845,40.5072059670172,0.0 -111.42995740674787,40.50809312963525,0.0 -111.42647048036912,40.508106050368355,0.0 -111.42647610018498,40.508993213251564,0.0 -111.422989125611,40.50900602917614,0.0 -111.42299469972913,40.50989319232126,0.0 -111.42067001814051,40.50990167808463,0.0 -111.42067556187335,40.51078884135677,0.0 -111.41718849169293,40.51080148271673,0.0 -111.41719398972039,40.51168864624537,0.0 -111.413706871387,40.51170118277772,0.0 -111.41371232370487,40.51258834655957,0.0 -111.41138754629947,40.512596646049914,0.0 -111.41139296822234,40.513483809953016,0.0 -111.40790575435088,40.5134961718861,0.0 -111.40791113055653,40.514383336037,0.0 -111.40442386857443,40.51439559312344,0.0 -111.40442919905867,40.515282757518875,0.0 -111.40094188898205,40.51529490975193,0.0 -111.40094717374069,40.516182074388645,0.0 -111.39629736240039,40.5161981141662,0.0 -111.39630258610762,40.517085279165286,0.0 -111.39165270976308,40.51710113234529,0.0 -111.39165787241325,40.51798829770093,0.0 -111.3858454452089,40.51800785167898,0.0 -111.38585053147331,40.51889501750646,0.0 -111.382363026461,40.51890660992646,0.0 -111.38235798616599,40.51801944373792,0.0 -111.38003301234862,40.51802711330716,0.0 -111.38002800292277,40.5171399467426,0.0 -111.37770305885907,40.517147569298324,0.0 -111.37769808029967,40.516260402359194,0.0 -111.37653562325714,40.516264195978394,0.0 -111.37653066024033,40.51537702878397,0.0 -111.37071844833575,40.51539582089472,0.0 -111.37070867616605,40.513621484923874,0.0 -111.36954626377077,40.513625208035165,0.0 -111.36953652310802,40.511850871283904,0.0 -111.3683741411338,40.51185458247174,0.0 -111.3683644319725,40.510080244940816,0.0 -111.36720208041731,40.51008394420666,0.0 -111.36719240275193,40.50830960589682,0.0 -111.3660300816138,40.508313293242146,0.0 -111.36602043543884,40.50653895415416,0.0 -111.36485814471575,40.50654262958042,0.0 -111.3648485300257,40.504768289715045,0.0 -111.36368626971567,40.50477195322369,0.0 -111.363676686505,40.50299761258167,0.0 -111.36251445660601,40.50300126417418,0.0 -111.36250490486923,40.50122692275629,0.0 -111.36134270537927,40.501230562434124,0.0 -111.36133794513921,40.50034339140617,0.0 -111.36017576074727,40.50034701928378,0.0 -111.36016627151967,40.49857267659058,0.0 -111.35900411753413,40.49857629255606,0.0 -111.35899465976527,40.49680194908924,0.0 -111.35783253618412,40.496805553144064,0.0 -111.35782310986852,40.4950312089044,0.0 -111.35666101668977,40.49503480105001,0.0 -111.3566516218219,40.49326045603824,0.0 -111.35548955904353,40.49326403627611,0.0 -111.35548019561789,40.491489690493005,0.0 -111.35896629150581,40.49147891539883,0.0 -111.35897101902337,40.49236608802326,0.0 -111.36129511250441,40.49235884598545,0.0 -111.36129987083945,40.49324601824722,0.0</coordinates>
                                </LinearRing>
                            </outerBoundaryIs>
                        </Polygon>
                        <Polygon>
                            <outerBoundaryIs>
                                <LinearRing>
                                    <coordinates>-111.35548019561789,40.491489690493005,0.0 -111.35431816323793,40.49149325882459,0.0 -111.3543134971397,40.49060608561628,0.0 -111.35547551421736,40.490602517395835,0.0 -111.35548019561789,40.491489690493005,0.0</coordinates>
                                </LinearRing>
                            </outerBoundaryIs>
                        </Polygon>
                    </MultiGeometry>
                </Placemark>
            </Folder>
        </Folder>
        <Folder>
            <name>3. Habitat Score Heat</name>
            <Folder>
                <Style>
                    <LineStyle>
                        <color>b4e6d8ad</color>
                        <colorMode>normal</colorMode>
                        <width>1</width>
                    </LineStyle>
                    <PolyStyle>
                        <color>41e6d8ad</color>
                        <colorMode>normal</colorMode>
                        <fill>1</fill>
                        <outline>1</outline>
                    </PolyStyle>
                </Style>
                <name>0.4-0.6 fair</name>
                <Placemark>
                    <name>0.4-0.6 fair</name>
                    <styleUrl>#1004</styleUrl>
                    <MultiGeometry>
                        <Polygon>
                            <outerBoundaryIs>
                                <LinearRing>
                                    <coordinates>-111.8418298894654,40.35456181371912,0.0 -111.84184643909342,40.355892486425745,0.0 -111.8401070412926,40.35590513455575,0.0 -111.84009052584912,40.35457446125771,0.0 -111.83661179531684,40.3545996778732,0.0 -111.8365953493388,40.35326900308337,0.0 -111.82963801186963,40.35331912012264,0.0 -111.829621703709,40.35198844267672,0.0 -111.82788240079927,40.35200090597148,0.0 -111.82786612790373,40.3506702276302,0.0 -111.82438758718966,40.35069507460245,0.0 -111.82437138373083,40.34936439478678,0.0 -111.81915366709498,40.34940146738159,0.0 -111.81913756723813,40.3480707855199,0.0 -111.81044152228696,40.34813204732114,0.0 -111.81040966750146,40.34547067693132,0.0 -111.80867052365987,40.34548284970751,0.0 -111.80863874145318,40.34282147692996,0.0 -111.80516058726194,40.3428457417743,0.0 -111.80514476607375,40.34151505378241,0.0 -111.8016666759919,40.34153921292164,0.0 -111.80165092418046,40.34020852348776,0.0 -111.79643388367438,40.34024456444079,0.0 -111.79644953300156,40.341575255560095,0.0 -111.79123238062476,40.341611062912996,0.0 -111.79121683378256,40.34028037011925,0.0 -111.78773879533738,40.34030410986287,0.0 -111.78772331785032,40.33897341564691,0.0 -111.78424534359866,40.3389970497179,0.0 -111.78422993545792,40.33766635408471,0.0 -111.78249098094823,40.337678131358395,0.0 -111.78246023605529,40.335016738054584,0.0 -111.78072134882956,40.335028488089705,0.0 -111.78070601207045,40.33369779042037,0.0 -111.77548944672287,40.33373288206161,0.0 -111.77550468102906,40.33506358137205,0.0 -111.77376578972871,40.33507522685835,0.0 -111.77375058957364,40.33374452700332,0.0 -111.7720117314115,40.333756145808934,0.0 -111.77198140243551,40.33109474407666,0.0 -111.77024261155849,40.33110633566191,0.0 -111.77022748273068,40.32977563378593,0.0 -111.76848872498998,40.32978719869657,0.0 -111.76836800372763,40.31914156813807,0.0 -111.76662951805599,40.31915310259978,0.0 -111.76659941604028,40.31649169076362,0.0 -111.76486099761182,40.31650319802605,0.0 -111.76477092031374,40.308518951807265,0.0 -111.76650913405834,40.30850744777366,0.0 -111.76646400660029,40.30451532207047,0.0 -111.76472589516695,40.30452682448995,0.0 -111.76471088878453,40.30319611476078,0.0 -111.76644896611867,40.30318461287932,0.0 -111.76637377873996,40.296531062248015,0.0 -111.76811168461043,40.296519536954165,0.0 -111.76806648195436,40.292527404452294,0.0 -111.76632867833362,40.2925389281289,0.0 -111.7662986164035,40.28987750382441,0.0 -111.76456087993657,40.28988900032701,0.0 -111.76453089015791,40.28722757370026,0.0 -111.76279322083828,40.28723904303376,0.0 -111.76276330319247,40.2845776140874,0.0 -111.76102570101364,40.28458905625673,0.0 -111.76096601392676,40.27926619248364,0.0 -111.75922854700163,40.279277606425765,0.0 -111.75919877753229,40.27661617160176,0.0 -111.757461377726,40.27662755839208,0.0 -111.75743168032407,40.27396612125644,0.0 -111.75569434763011,40.273977480899866,0.0 -111.75567953446019,40.27264676133331,0.0 -111.7539422348269,40.27265809436495,0.0 -111.75391267953528,40.26999665323692,0.0 -111.75217544700575,40.27000795913025,0.0 -111.75214596373061,40.26734651569843,0.0 -111.74693446449727,40.26738027375132,0.0 -111.74691982644163,40.26604954998888,0.0 -111.74518269211376,40.26606074999783,0.0 -111.74516808906736,40.2647300254,0.0 -111.74169388556426,40.26475234614997,0.0 -111.74167935155468,40.2634216201965,0.0 -111.73646814114122,40.263454904213674,0.0 -111.73643928019932,40.26079344825841,0.0 -111.73470227619386,40.260804489753035,0.0 -111.73463031076322,40.2541508418349,0.0 -111.7311566400896,40.25417284146727,0.0 -111.73109935708666,40.24884991341344,0.0 -111.73630945352924,40.24881688105197,0.0 -111.73629503314713,40.247486149806086,0.0 -111.7397683579666,40.24746399897375,0.0 -111.73975387053926,40.24613326845303,0.0 -111.74149049749997,40.24612215447052,0.0 -111.74150501893003,40.24745288447119,0.0 -111.74324167892624,40.24744174391109,0.0 -111.74325623532843,40.24877247307917,0.0 -111.74499292836,40.24876130593909,0.0 -111.74500751973886,40.25009203427331,0.0 -111.74674424580564,40.25008084055081,0.0 -111.74677349949998,40.252742295237674,0.0 -111.74851029261332,40.25273107440535,0.0 -111.74852495493565,40.25406180075669,0.0 -111.7502617810861,40.25405055333589,0.0 -111.75027647840102,40.255381278849576,0.0 -111.75201333758844,40.25537000483787,0.0 -111.7520280699005,40.25670072951264,0.0 -111.75376496212472,40.256689428907606,0.0 -111.75377972943842,40.25802015274219,0.0 -111.75551665469932,40.25800882554144,0.0 -111.75554626032509,40.26067027121621,0.0 -111.75728325264724,40.26065891688609,0.0 -111.75729809096617,40.261989638725,0.0 -111.75903511632688,40.26197825779308,0.0 -111.75904998966341,40.26330897878798,0.0 -111.76078704806254,40.263297571251854,0.0 -111.76080195642118,40.26462829140151,0.0 -111.76253904785858,40.26461685725872,0.0 -111.76255399124388,40.26594757656185,0.0 -111.7642911157194,40.265936115810014,0.0 -111.76432107355014,40.26859755240908,0.0 -111.76605826510158,40.26858606450834,0.0 -111.7660732795539,40.269916781802976,0.0 -111.76781050414534,40.26990526728713,0.0 -111.76782555364025,40.27123598373143,0.0 -111.76956281127158,40.27122444259804,0.0 -111.76957789581363,40.27255515819073,0.0 -111.77131518648467,40.27254359043737,0.0 -111.77133030607835,40.2738743051772,0.0 -111.77306762978897,40.27386271080147,0.0 -111.77309794009831,40.27652413826113,0.0 -111.7748353308995,40.27651251671695,0.0 -111.77485052162204,40.27784322943547,0.0 -111.7765879454647,40.277831581262845,0.0 -111.77660317125483,40.2791622931247,0.0 -111.77834062813879,40.27915061832119,0.0 -111.77835588900109,40.28048132932509,0.0 -111.7800933789262,40.28046962788831,0.0 -111.78010867486518,40.28180033803299,0.0 -111.7818461978313,40.2817886099605,0.0 -111.78187686089306,40.28445002821705,0.0 -111.78361445096442,40.28443827295655,0.0 -111.78362981809407,40.28576898106713,0.0 -111.78536744120834,40.285757199164856,0.0 -111.78538284343064,40.28708790641239,0.0 -111.78712049958762,40.287076097865935,0.0 -111.7871359369071,40.288406804249156,0.0 -111.78887362610666,40.288394969056085,0.0 -111.78888909852787,40.289725674573745,0.0 -111.79062682076987,40.289713812731655,0.0 -111.79065783685796,40.29237522172131,0.0 -111.79239562621987,40.292363332671655,0.0 -111.79241116989364,40.293694036142384,0.0 -111.79414899229984,40.293682120437616,0.0 -111.7941645710913,40.29501282303894,0.0 -111.79590242654167,40.29500088067665,0.0 -111.79591804045535,40.29633158240731,0.0 -111.79765592894971,40.29631961338508,0.0 -111.79767157799016,40.29765031424384,0.0 -111.79940949952837,40.297638318559265,0.0 -111.79944086891686,40.300299718218255,0.0 -111.80117885758962,40.300287695306544,0.0 -111.80119457794456,40.3016183941055,0.0 -111.80293259966304,40.301606344525354,0.0 -111.80294835516071,40.30293704244857,0.0 -111.80468640992474,40.30292496619758,0.0 -111.80470220056971,40.30425566324378,0.0 -111.80644028837916,40.30424356031951,0.0 -111.80645611417594,40.30557425648742,0.0 -111.80819423503064,40.30556212688747,0.0 -111.80822595799376,40.30822351715194,0.0 -111.80996414599764,40.3082113603053,0.0 -111.80998004317085,40.30954205440058,0.0 -111.81171826422188,40.30952987087218,0.0 -111.8117341965629,40.31086056408534,0.0 -111.8134724506609,40.31084835387276,0.0 -111.81348841817426,40.31217904620252,0.0 -111.81522670531905,40.312166809303335,0.0 -111.81524270800932,40.31349750074847,0.0 -111.81698102820077,40.313485237160265,0.0 -111.81701310501282,40.316146617966325,0.0 -111.81875149236808,40.31613432711185,0.0 -111.81876756649677,40.31746501647149,0.0 -111.82050598690056,40.317452698921926,0.0 -111.82052209622213,40.318783387393076,0.0 -111.82226054967428,40.31877104314599,0.0 -111.82227669419328,40.320101730727394,0.0 -111.82401518069364,40.320089359780376,0.0 -111.82403136041461,40.32142004647076,0.0 -111.82576987996299,40.32140764882139,0.0 -111.82580231089848,40.324069020105114,0.0 -111.82754089762531,40.32405659516989,0.0 -111.82755714884672,40.32538727976193,0.0 -111.82929576862347,40.32537482811828,0.0 -111.82931205506284,40.32670551181547,0.0 -111.83105070788933,40.32669303346096,0.0 -111.83106702955125,40.32802371626202,0.0 -111.8328057154273,40.32801121119425,0.0 -111.83282207231628,40.32934189309791,0.0 -111.83456079124177,40.32932936131446,0.0 -111.8345935765753,40.331990723011856,0.0 -111.83633236269384,40.33197816392297,0.0 -111.83634879114531,40.3333088437154,0.0 -111.83808761031514,40.333296257904735,0.0 -111.83810407400969,40.33462693679595,0.0 -111.83984292623065,40.3346143242611,0.0 -111.8398594251728,40.33594500224982,0.0 -111.84159831044471,40.33593236298838,0.0 -111.84163137993524,40.33859371684552,0.0 -111.84337033241279,40.338581050262725,0.0 -111.84338690296806,40.33991172612989,0.0 -111.84512588849844,40.3398990328144,0.0 -111.84514249431734,40.34122970777522,0.0 -111.84688151290038,40.34121698772462,0.0 -111.84689815398747,40.342547661777836,0.0 -111.84863720562298,40.34253491498971,0.0 -111.84865388198281,40.34386558813405,0.0 -111.85039296667064,40.34385281460598,0.0 -111.8504263910586,40.346514158761494,0.0 -111.8521655429667,40.3465013578925,0.0 -111.85218229100175,40.34783202890238,0.0 -111.85392147596401,40.34781920128735,0.0 -111.85393825928783,40.349149871384505,0.0 -111.8556774773041,40.34913701702103,0.0 -111.85569429592123,40.3504676862042,0.0 -111.85743354699134,40.35045480508985,0.0 -111.85745040090632,40.35178547335776,0.0 -111.85918968503012,40.35177256549013,0.0 -111.85922346459053,40.35443389987989,0.0 -111.85748411210616,40.35444680895471,0.0 -111.85750096939122,40.35577747628374,0.0 -111.85576158159964,40.35579035980756,0.0 -111.855795231166,40.3584516947316,0.0 -111.84883739531072,40.358502972074675,0.0 -111.84882070672104,40.357172302371566,0.0 -111.84708127915954,40.35718505571784,0.0 -111.84706462586858,40.35585438510556,0.0 -111.84358583579119,40.355879812140685,0.0 -111.84356925197874,40.354549140026684,0.0 -111.8418298894654,40.35456181371912,0.0</coordinates>
                                </LinearRing>
                            </outerBoundaryIs>
                        </Polygon>
                        <Polygon>
                            <outerBoundaryIs>
                                <LinearRing>
                                    <coordinates>-111.76670479064846,40.32580662673469,0.0 -111.76671984817668,40.32713733062644,0.0 -111.7649811567091,40.32714884219514,0.0 -111.76496613331872,40.32581813776504,0.0 -111.76670479064846,40.32580662673469,0.0</coordinates>
                                </LinearRing>
                            </outerBoundaryIs>
                        </Polygon>
                        <Polygon>
                            <outerBoundaryIs>
                                <LinearRing>
                                    <coordinates>-111.76691568738174,40.344436452848505,0.0 -111.76693075896462,40.34576715237545,0.0 -111.76171324705125,40.34580163125713,0.0 -111.76169827797771,40.34447093011791,0.0 -111.76691568738174,40.344436452848505,0.0</coordinates>
                                </LinearRing>
                            </outerBoundaryIs>
                        </Polygon>
                        <Polygon>
                            <outerBoundaryIs>
                                <LinearRing>
                                    <coordinates>-111.86740979976528,40.45018903114886,0.0 -111.8674269098998,40.451519672898556,0.0 -111.86568506055046,40.45153273107031,0.0 -111.86566798476373,40.4502020887104,0.0 -111.86740979976528,40.45018903114886,0.0</coordinates>
                                </LinearRing>
                            </outerBoundaryIs>
                        </Polygon>
                        <Polygon>
                            <outerBoundaryIs>
                                <LinearRing>
                                    <coordinates>-111.87963717499089,40.452758168038514,0.0 -111.87965452787178,40.45408880485543,0.0 -111.87442879436402,40.45412845543969,0.0 -111.87437704833881,40.45013653849014,0.0 -111.87611885761258,40.450123349722574,0.0 -111.87613613948476,40.45145398840278,0.0 -111.87787798195336,40.45144077277657,0.0 -111.8778952993276,40.45277141052578,0.0 -111.87963717499089,40.452758168038514,0.0</coordinates>
                                </LinearRing>
                            </outerBoundaryIs>
                        </Polygon>
                        <Polygon>
                            <outerBoundaryIs>
                                <LinearRing>
                                    <coordinates>-111.87451506074844,40.46078164408794,0.0 -111.87453231747746,40.46211228087743,0.0 -111.87627443595989,40.46209908656182,0.0 -111.8763263161636,40.46609099320008,0.0 -111.87806853660337,40.46607777077894,0.0 -111.87808586668619,40.467408405080306,0.0 -111.87634361187166,40.467421628119325,0.0 -111.87636090873328,40.46875226272513,0.0 -111.87287632689147,40.468778631264236,0.0 -111.87285909878423,40.46744799542632,0.0 -111.87111684051592,40.467461139694194,0.0 -111.87109964793267,40.46613050292871,0.0 -111.87284187182597,40.46611735927503,0.0 -111.87277297548084,40.460794811536076,0.0 -111.87451506074844,40.46078164408794,0.0</coordinates>
                                </LinearRing>
                            </outerBoundaryIs>
                        </Polygon>
                        <Polygon>
                            <outerBoundaryIs>
                                <LinearRing>
                                    <coordinates>-111.78256920228179,40.49470994297189,0.0 -111.78258466326989,40.49604060287748,0.0 -111.78084162591917,40.49605239327235,0.0 -111.78082619935851,40.49472173281591,0.0 -111.78256920228179,40.49470994297189,0.0</coordinates>
                                </LinearRing>
                            </outerBoundaryIs>
                        </Polygon>
                        <Polygon>
                            <outerBoundaryIs>
                                <LinearRing>
                                    <coordinates>-111.77911398069925,40.49739481807566,0.0 -111.77562783200159,40.49741826853378,0.0 -111.7756431573239,40.498748930011025,0.0 -111.77390004700814,40.498760616355945,0.0 -111.77393063184834,40.501421939465935,0.0 -111.77218745164075,40.501433600612366,0.0 -111.77215693567229,40.498772276412815,0.0 -111.77041382331866,40.498783910181594,0.0 -111.77035294131069,40.49346125586293,0.0 -111.77383888956794,40.493437966390104,0.0 -111.77385417739815,40.49476862934978,0.0 -111.77908319540623,40.49473349637576,0.0 -111.77911398069925,40.49739481807566,0.0</coordinates>
                                </LinearRing>
                            </outerBoundaryIs>
                        </Polygon>
                        <Polygon>
                            <outerBoundaryIs>
                                <LinearRing>
                                    <coordinates>-111.80354865906118,40.499889025617705,0.0 -111.80180553094549,40.499901133130784,0.0 -111.80177384629198,40.497239827162815,0.0 -111.80351690554319,40.49722772078102,0.0 -111.80354865906118,40.499889025617705,0.0</coordinates>
                                </LinearRing>
                            </outerBoundaryIs>
                        </Polygon>
                        <Polygon>
                            <outerBoundaryIs>
                                <LinearRing>
                                    <coordinates>-111.82625820862405,40.50372116822581,0.0 -111.82627453789618,40.505051811771466,0.0 -111.82278803297018,40.50507668865163,0.0 -111.8227717725812,40.50374604394379,0.0 -111.82625820862405,40.50372116822581,0.0</coordinates>
                                </LinearRing>
                            </outerBoundaryIs>
                        </Polygon>
                        <Polygon>
                            <outerBoundaryIs>
                                <LinearRing>
                                    <coordinates>-111.9196109815123,40.57354559085024,0.0 -111.91959276386154,40.57221499622886,0.0 -111.91784781351022,40.572228874284676,0.0 -111.91782963162952,40.570898278701,0.0 -111.91608471461913,40.57091212975712,0.0 -111.91603027990627,40.56692033918044,0.0 -111.91428546533443,40.56693416194818,0.0 -111.91426735739711,40.565603563815415,0.0 -111.91252257616215,40.565617359590824,0.0 -111.91248643299642,40.56295616109437,0.0 -111.91423114514758,40.562942366607444,0.0 -111.9142130408352,40.56161176753223,0.0 -111.91595771723979,40.5615979473464,0.0 -111.91593957959947,40.560267348602444,0.0 -111.92291813494724,40.56021180702288,0.0 -111.92293641073084,40.56154240317288,0.0 -111.92468108106026,40.56152845127222,0.0 -111.9246993926014,40.562859046456346,0.0 -111.92818879866759,40.56283106231983,0.0 -111.92820718051088,40.56416165588273,0.0 -111.93169665075024,40.564133565058654,0.0 -111.93175201090787,40.56812533992547,0.0 -111.93349684781471,40.568111253022394,0.0 -111.93364480555643,40.578755966902655,0.0 -111.930154577598,40.578784124877544,0.0 -111.93013614769016,40.577453535428226,0.0 -111.92839106642998,40.57746757422216,0.0 -111.92837267231509,40.57613698380286,0.0 -111.92139247327356,40.576192872793534,0.0 -111.9213559652044,40.57353168579228,0.0 -111.9196109815123,40.57354559085024,0.0</coordinates>
                                </LinearRing>
                            </outerBoundaryIs>
                        </Polygon>
                        <Polygon>
                            <outerBoundaryIs>
                                <LinearRing>
                                    <coordinates>-111.93548260425698,40.58539478103602,0.0 -111.9355011452834,40.58672536662425,0.0 -111.9337558257166,40.586739489105724,0.0 -111.93373731926901,40.585408902858056,0.0 -111.93548260425698,40.58539478103602,0.0</coordinates>
                                </LinearRing>
                            </outerBoundaryIs>
                        </Polygon>
                        <Polygon>
                            <outerBoundaryIs>
                                <LinearRing>
                                    <coordinates>-111.92346693937424,40.60012955480468,0.0 -111.92339370194455,40.59480720477823,0.0 -111.92164816625416,40.59482114660262,0.0 -111.92162989454518,40.59349055765918,0.0 -111.92337539564224,40.593476616485766,0.0 -111.92335709056177,40.592146027878975,0.0 -111.92161162405574,40.59215996840145,0.0 -111.92159335478574,40.5908293788294,0.0 -111.93032050213256,40.59075941577287,0.0 -111.93030206115078,40.5894288291533,0.0 -111.93553823104895,40.58938653685725,0.0 -111.93568662362792,40.60003120520876,0.0 -111.93743228787157,40.600017049753376,0.0 -111.93745087712026,40.60134763122103,0.0 -111.9339594781861,40.6013759170743,0.0 -111.93397799946267,40.602706499548106,0.0 -111.93223226353341,40.60272060356408,0.0 -111.93217680722535,40.59872885322368,0.0 -111.93043117387529,40.59874292888717,0.0 -111.93046807430689,40.60140409740974,0.0 -111.92523095925651,40.60144617006605,0.0 -111.92521261223874,40.600115583997614,0.0 -111.92346693937424,40.60012955480468,0.0</coordinates>
                                </LinearRing>
                            </outerBoundaryIs>
                        </Polygon>
                        <Polygon>
                            <outerBoundaryIs>
                                <LinearRing>
                                    <coordinates>-111.93401504572498,40.6053676635522,0.0 -111.93403357071088,40.60669824508247,0.0 -111.93228773094788,40.60671235107415,0.0 -111.93226924057551,40.605381768885294,0.0 -111.93401504572498,40.6053676635522,0.0</coordinates>
                                </LinearRing>
                            </outerBoundaryIs>
                        </Polygon>
                        <Polygon>
                            <outerBoundaryIs>
                                <LinearRing>
                                    <coordinates>-111.93063418722613,40.613379340195536,0.0 -111.93057880516407,40.609387595430455,0.0 -111.92534106708536,40.60942967987462,0.0 -111.9253227127179,40.60809909569249,0.0 -111.93405209693344,40.60802882629824,0.0 -111.93407062439273,40.6093594071995,0.0 -111.93232471539565,40.60937351450843,0.0 -111.93234320947127,40.61070409575383,0.0 -111.93408915308883,40.61068998778624,0.0 -111.93410768302185,40.61202056805843,0.0 -111.93759963578925,40.611992271638,0.0 -111.93765544077446,40.61598400660392,0.0 -111.93940151917829,40.61596981682255,0.0 -111.939438797977,40.618630970568574,0.0 -111.93245419985493,40.61868757662167,0.0 -111.93243569837028,40.6173569972633,0.0 -111.93068958038053,40.61737108213032,0.0 -111.93065265037832,40.61470992115494,0.0 -111.92890660041797,40.61472397831498,0.0 -111.92888817189339,40.6133933966993,0.0 -111.93063418722613,40.613379340195536,0.0</coordinates>
                                </LinearRing>
                            </outerBoundaryIs>
                        </Polygon>
                        <Polygon>
                            <outerBoundaryIs>
                                <LinearRing>
                                    <coordinates>-111.92205045258318,40.62409402383271,0.0 -111.92206875236714,40.62542460554631,0.0 -111.92032241917077,40.625438535948035,0.0 -111.92030415403339,40.62410795358411,0.0 -111.92205045258318,40.62409402383271,0.0</coordinates>
                                </LinearRing>
                            </outerBoundaryIs>
                        </Polygon>
                        <Polygon>
                            <outerBoundaryIs>
                                <LinearRing>
                                    <coordinates>-111.77716543743094,40.63048287057331,0.0 -111.77367237537351,40.6305063251684,0.0 -111.77365701778334,40.62917569351403,0.0 -111.77715001051959,40.62915224001391,0.0 -111.77716543743094,40.63048287057331,0.0</coordinates>
                                </LinearRing>
                            </outerBoundaryIs>
                        </Polygon>
                        <Polygon>
                            <outerBoundaryIs>
                                <LinearRing>
                                    <coordinates>-111.93141070193356,40.66926346969299,0.0 -111.92966323024943,40.66927755378266,0.0 -111.9296447512078,40.66794698506178,0.0 -111.92789731301221,40.667961042052866,0.0 -111.92787886992485,40.666630472361355,0.0 -111.92962627340019,40.66661641602634,0.0 -111.92960779682643,40.66528584667635,0.0 -111.92786042806907,40.6652999023553,0.0 -111.92782354805185,40.66263876139961,0.0 -111.92607624749216,40.66265278933019,0.0 -111.92605784404164,40.66132221772582,0.0 -111.92431057696416,40.66133621856646,0.0 -111.92429220945141,40.66000564599411,0.0 -111.92778667295983,40.65997761918584,0.0 -111.92776823726052,40.65864704760715,0.0 -111.92951543246285,40.65863299520805,0.0 -111.92953390286853,40.65996356613081,0.0 -111.93128113154381,40.65994948664194,0.0 -111.93126262643185,40.65861891637634,0.0 -111.93300981916519,40.65860481111209,0.0 -111.93299128058501,40.65727424119029,0.0 -111.92774980279223,40.65731647571396,0.0 -111.92771293754834,40.65465533098404,0.0 -111.92946002864544,40.65464128055256,0.0 -111.9294784953514,40.655971852418936,0.0 -111.93122561991478,40.65595777490146,0.0 -111.93115162170545,40.65063548817693,0.0 -111.93464558955779,40.65060725912287,0.0 -111.93462702371356,40.64927668797301,0.0 -111.93113312524108,40.64930491570941,0.0 -111.93111463001172,40.64797434292735,0.0 -111.93460845910896,40.64794611650854,0.0 -111.93457133361827,40.6452849726358,0.0 -111.93107764325757,40.64531319641956,0.0 -111.9310406614423,40.64265204865363,0.0 -111.92754710486152,40.64268016413152,0.0 -111.92739978166415,40.63203554998872,0.0 -111.92914628322528,40.63202151070266,0.0 -111.92912783870004,40.63069093317508,0.0 -111.93960661418035,40.63060614685177,0.0 -111.9396252666502,40.63193672042119,0.0 -111.94137175954246,40.631922496280595,0.0 -111.94159610241054,40.64788934660037,0.0 -111.94334301011973,40.64787508806728,0.0 -111.94353044684547,40.66118075539303,0.0 -111.940035936227,40.66120925933848,0.0 -111.94005461736373,40.66253982567039,0.0 -111.94180190800816,40.66252558625041,0.0 -111.94185806304874,40.66651728136392,0.0 -111.94011066825932,40.66653152277789,0.0 -111.94012935438666,40.66786208785096,0.0 -111.93838192362973,40.66787630348872,0.0 -111.93840057628293,40.669206868910585,0.0 -111.94189550599286,40.66917840986591,0.0 -111.94191422934034,40.67050897364478,0.0 -111.94366172704518,40.67049470379326,0.0 -111.94371800877678,40.674486391243214,0.0 -111.94546560941501,40.67447209294657,0.0 -111.94548440723145,40.675802654133,0.0 -111.94373677185986,40.675816953096984,0.0 -111.94377430178541,40.67847807586014,0.0 -111.94027888833743,40.67850659710552,0.0 -111.94029758569921,40.679837159346036,0.0 -111.93330660487514,40.679893887074286,0.0 -111.9332323787155,40.674571625634606,0.0 -111.93148476935495,40.67458573880124,0.0 -111.93146625064469,40.67325517199607,0.0 -111.92971867477912,40.6732692580579,0.0 -111.92968171052512,40.67060812218897,0.0 -111.93142921693408,40.670594037441944,0.0 -111.93141070193356,40.66926346969299,0.0</coordinates>
                                </LinearRing>
                            </outerBoundaryIs>
                        </Polygon>
                        <Polygon>
                            <outerBoundaryIs>
                                <LinearRing>
                                    <coordinates>-111.91744913123549,40.67070597499116,0.0 -111.91746736965278,40.67203654765006,0.0 -111.91921491938004,40.672022647361416,0.0 -111.91919664623497,40.670692075351255,0.0 -111.92443918390252,40.670650217767566,0.0 -111.92445756123041,40.67198078782407,0.0 -111.92620510606234,40.67196678175466,0.0 -111.92622351934727,40.673297350842965,0.0 -111.92447593978561,40.673311357566085,0.0 -111.92451270057832,40.67597249610663,0.0 -111.91926974613777,40.676014361505395,0.0 -111.91923319374548,40.67335321905716,0.0 -111.91748560928811,40.67336711999458,0.0 -111.91752209221323,40.676028263740434,0.0 -111.9157744370704,40.67604213952646,0.0 -111.91570161501808,40.670719848186955,0.0 -111.91744913123549,40.67070597499116,0.0</coordinates>
                                </LinearRing>
                            </outerBoundaryIs>
                        </Polygon>
                        <Polygon>
                            <outerBoundaryIs>
                                <LinearRing>
                                    <coordinates>-111.88604649865681,40.674943397952525,0.0 -111.8860288830026,40.67361281445501,0.0 -111.88428127579732,40.67362621289876,0.0 -111.8842285400812,40.66963445864669,0.0 -111.88597604309795,40.669621062078846,0.0 -111.88599365522326,40.670951646518176,0.0 -111.89123626138854,40.67091129626882,0.0 -111.89134258407623,40.678894785011,0.0 -111.88784709765767,40.67892171916362,0.0 -111.88782944373274,40.67759113723462,0.0 -111.88608173349473,40.67760456400571,0.0 -111.88606411548749,40.676273981136085,0.0 -111.8878117909868,40.67626055499164,0.0 -111.88779413941974,40.67492997243468,0.0 -111.88604649865681,40.674943397952525,0.0</coordinates>
                                </LinearRing>
                            </outerBoundaryIs>
                        </Polygon>
                        <Polygon>
                            <outerBoundaryIs>
                                <LinearRing>
                                    <coordinates>-111.93154033290675,40.678577437329125,0.0 -111.93155885656468,40.679908002875884,0.0 -111.92981110701706,40.67992209222516,0.0 -111.9297926181002,40.678591526020874,0.0 -111.93154033290675,40.678577437329125,0.0</coordinates>
                                </LinearRing>
                            </outerBoundaryIs>
                        </Polygon>
                        <Polygon>
                            <outerBoundaryIs>
                                <LinearRing>
                                    <coordinates>-111.88459791207717,40.69757667907829,0.0 -111.88461551414568,40.69890725755018,0.0 -111.88286724541913,40.698920641408826,0.0 -111.88284967812663,40.69759006231235,0.0 -111.88459791207717,40.69757667907829,0.0</coordinates>
                                </LinearRing>
                            </outerBoundaryIs>
                        </Polygon>
                        <Polygon>
                            <outerBoundaryIs>
                                <LinearRing>
                                    <coordinates>-111.94230770862538,40.69845074029006,0.0 -111.94232645950349,40.69978129714386,0.0 -111.94057819602777,40.69979555518348,0.0 -111.94055947992494,40.698464997664345,0.0 -111.94230770862538,40.69845074029006,0.0</coordinates>
                                </LinearRing>
                            </outerBoundaryIs>
                        </Polygon>
                        <Polygon>
                            <outerBoundaryIs>
                                <LinearRing>
                                    <coordinates>-111.88463311738995,40.700237835708116,0.0 -111.88465072181006,40.70156841355207,0.0 -111.88290238352454,40.70158179865988,0.0 -111.88288481388507,40.700251220191326,0.0 -111.88463311738995,40.700237835708116,0.0</coordinates>
                                </LinearRing>
                            </outerBoundaryIs>
                        </Polygon>
                        <Polygon>
                            <outerBoundaryIs>
                                <LinearRing>
                                    <coordinates>-111.78322964593669,40.7009703754767,0.0 -111.78329200018857,40.70629282171892,0.0 -111.78154349330258,40.706304672938764,0.0 -111.78152793797011,40.704974061294116,0.0 -111.77977946483757,40.7049858854821,0.0 -111.77974842686785,40.70232466015147,0.0 -111.78149683042226,40.702312837067,0.0 -111.78148127820668,40.70098222448455,0.0 -111.78322964593669,40.7009703754767,0.0</coordinates>
                                </LinearRing>
                            </outerBoundaryIs>
                        </Polygon>
                        <Polygon>
                            <outerBoundaryIs>
                                <LinearRing>
                                    <coordinates>-111.93553820972035,40.714474304292914,0.0 -111.93378955857216,40.714488463716144,0.0 -111.93377096791673,40.7131579070096,0.0 -111.93551958426369,40.71314374824706,0.0 -111.93553820972035,40.714474304292914,0.0</coordinates>
                                </LinearRing>
                            </outerBoundaryIs>
                        </Polygon>
                        <Polygon>
                            <outerBoundaryIs>
                                <LinearRing>
                                    <coordinates>-111.93557546436645,40.71713541544043,0.0 -111.93382674360883,40.71714957618509,0.0 -111.9338081504695,40.71581902010797,0.0 -111.93555683642123,40.71580486002404,0.0 -111.93557546436645,40.71713541544043,0.0</coordinates>
                                </LinearRing>
                            </outerBoundaryIs>
                        </Polygon>
                        <Polygon>
                            <outerBoundaryIs>
                                <LinearRing>
                                    <coordinates>-111.93235654543429,40.73712202372851,0.0 -111.93239370303739,40.73978312681644,0.0 -111.93064438773902,40.7397972457819,0.0 -111.9306072998248,40.737136141376595,0.0 -111.93235654543429,40.73712202372851,0.0</coordinates>
                                </LinearRing>
                            </outerBoundaryIs>
                        </Polygon>
                        <Polygon>
                            <outerBoundaryIs>
                                <LinearRing>
                                    <coordinates>-111.93241228370096,40.741113677888315,0.0 -111.93244944875252,40.74377477908784,0.0 -111.93070002890336,40.743788900029585,0.0 -111.93066293355463,40.74112779751252,0.0 -111.93241228370096,40.741113677888315,0.0</coordinates>
                                </LinearRing>
                            </outerBoundaryIs>
                        </Polygon>
                        <Polygon>
                            <outerBoundaryIs>
                                <LinearRing>
                                    <coordinates>-111.92734905865325,40.75446147037039,0.0 -111.92731208295169,40.75180037026034,0.0 -111.92556245022543,40.75181441559795,0.0 -111.92550710053058,40.747822761107194,0.0 -111.93075568122157,40.74778055144486,0.0 -111.93071857843665,40.74511945081608,0.0 -111.93246803314072,40.74510532921552,0.0 -111.93250520564247,40.74776642852661,0.0 -111.93425472882143,40.747752279093056,0.0 -111.93427335179695,40.74908282761636,0.0 -111.93602290859339,40.74906865100618,0.0 -111.9360415676773,40.750399198553325,0.0 -111.93429197601684,40.750413375824884,0.0 -111.93431060148114,40.751743923718635,0.0 -111.93606022800799,40.75172974578566,0.0 -111.93609755241008,40.754390839305906,0.0 -111.9343478561435,40.75440501856179,0.0 -111.9344223804057,40.759727204470636,0.0 -111.92742302488203,40.75978366681424,0.0 -111.92740453147138,40.75845311817532,0.0 -111.93090414195275,40.75842494137098,0.0 -111.93088558002111,40.75709439373179,0.0 -111.92913581027774,40.75710849473879,0.0 -111.92909875988475,40.75444739720058,0.0 -111.92734905865325,40.75446147037039,0.0</coordinates>
                                </LinearRing>
                            </outerBoundaryIs>
                        </Polygon>
                        <Polygon>
                            <outerBoundaryIs>
                                <LinearRing>
                                    <coordinates>-111.92222866893225,40.76381738495921,0.0 -111.9257285658964,40.763789362078704,0.0 -111.92574702936062,40.76511991011435,0.0 -111.91874709095451,40.765175852363,0.0 -111.9187287670518,40.76384530171778,0.0 -111.9204787186054,40.76383135660376,0.0 -111.92044200469908,40.761170255670635,0.0 -111.92569164266911,40.761128265063434,0.0 -111.92571010366593,40.76245881372841,0.0 -111.92221027647767,40.7624868353017,0.0 -111.92222866893225,40.76381738495921,0.0</coordinates>
                                </LinearRing>
                            </outerBoundaryIs>
                        </Polygon>
                        <Polygon>
                            <outerBoundaryIs>
                                <LinearRing>
                                    <coordinates>-111.93099697021813,40.76507767484577,0.0 -111.92924699117002,40.76509177980015,0.0 -111.92922845792563,40.76376123307673,0.0 -111.9309784020838,40.76374712878031,0.0 -111.93099697021813,40.76507767484577,0.0</coordinates>
                                </LinearRing>
                            </outerBoundaryIs>
                        </Polygon>
                        <Polygon>
                            <outerBoundaryIs>
                                <LinearRing>
                                    <coordinates>-111.93455284580476,40.769041017691336,0.0 -111.93457148870122,40.77037156117791,0.0 -111.93282137255471,40.770385721837144,0.0 -111.93280276455734,40.76905517769003,0.0 -111.93455284580476,40.769041017691336,0.0</coordinates>
                                </LinearRing>
                            </outerBoundaryIs>
                        </Polygon>
                        <Polygon>
                            <outerBoundaryIs>
                                <LinearRing>
                                    <coordinates>-111.95914952155694,40.77549265894797,0.0 -111.9591686594241,40.776823191481064,0.0 -111.95741838640807,40.77683772703302,0.0 -111.95739928345033,40.77550719382193,0.0 -111.95914952155694,40.77549265894797,0.0</coordinates>
                                </LinearRing>
                            </outerBoundaryIs>
                        </Polygon>
                        <Polygon>
                            <outerBoundaryIs>
                                <LinearRing>
                                    <coordinates>-111.95743749064248,40.77816825992895,0.0 -111.95745659615363,40.779498792509685,0.0 -111.95570625203497,40.77951330287349,0.0 -111.95568718143798,40.77818276961594,0.0 -111.95743749064248,40.77816825992895,0.0</coordinates>
                                </LinearRing>
                            </outerBoundaryIs>
                        </Polygon>
                        <Polygon>
                            <outerBoundaryIs>
                                <LinearRing>
                                    <coordinates>-111.70213231358302,40.8039567710579,0.0 -111.70563450998495,40.80393540575233,0.0 -111.70562041701848,40.802604793758306,0.0 -111.70737147884162,40.80259407174716,0.0 -111.70735735185362,40.801263459941346,0.0 -111.70910837776894,40.8012527118605,0.0 -111.70912253972044,40.80258332316499,0.0 -111.7126246586357,40.802561746287765,0.0 -111.71259619583049,40.79990052537954,0.0 -111.7108452067717,40.799911326096044,0.0 -111.71080262456665,40.79591949088285,0.0 -111.7090517394282,40.795930263523374,0.0 -111.70906589759375,40.797260876075526,0.0 -111.7055640545719,40.797282342663465,0.0 -111.7055499663147,40.79595172911008,0.0 -111.69504462444962,40.79601548831209,0.0 -111.69519733931934,40.81065225296674,0.0 -111.69344606111791,40.81066279192847,0.0 -111.69347376956112,40.813324018795804,0.0 -111.6899710704557,40.813345018941654,0.0 -111.68998485609617,40.81467563288715,0.0 -111.68823347017471,40.814686093575936,0.0 -111.68824722174915,40.81601670769759,0.0 -111.67773867707054,40.81607891649516,0.0 -111.67772513542337,40.81474829947224,0.0 -111.6794765268253,40.81473799827978,0.0 -111.67946295109765,40.81340738142571,0.0 -111.67596023736007,40.81342795626816,0.0 -111.67594673250673,40.81209733814289,0.0 -111.67419540926605,40.81210758521372,0.0 -111.67410114538495,40.80279324626822,0.0 -111.6758522238065,40.802783002542384,0.0 -111.67575775931749,40.79346865167595,0.0 -111.67400692560058,40.793478892057756,0.0 -111.67399346922977,40.79214826878161,0.0 -111.67574426799823,40.79213802887747,0.0 -111.67570379945042,40.78814615861279,0.0 -111.67745449248599,40.788135893583345,0.0 -111.67744096983414,40.78680527001756,0.0 -111.67919162702687,40.78679497891009,0.0 -111.67917807034216,40.785464355512765,0.0 -111.68618055028267,40.78542292744775,0.0 -111.68616685476745,40.784092305671315,0.0 -111.69141860031773,40.784060957253004,0.0 -111.69143240063465,40.78539157756712,0.0 -111.69668424268511,40.78535998868895,0.0 -111.6966981487325,40.78669060721785,0.0 -111.6984487958295,40.78668002398776,0.0 -111.69846273774458,40.788010641711224,0.0 -111.70021341884795,40.78800003142988,0.0 -111.70024137535705,40.79066126495164,0.0 -111.70199212540936,40.79065062712037,0.0 -111.70197811174494,40.789320011011576,0.0 -111.70372882591788,40.789309347117744,0.0 -111.70371477824972,40.78797873119455,0.0 -111.70546545654346,40.78796804124066,0.0 -111.7054795391519,40.7892986566652,0.0 -111.70723025144463,40.789287939653995,0.0 -111.707216133896,40.787957324729334,0.0 -111.7107174857681,40.787935812034554,0.0 -111.7107032992875,40.78660519780148,0.0 -111.72120712244713,40.786540025383175,0.0 -111.72123591562011,40.78920124745717,0.0 -111.72473732208772,40.78917930882418,0.0 -111.7248096713268,40.79583235343143,0.0 -111.72656054784332,40.79582134170974,0.0 -111.72657505554626,40.79715194918132,0.0 -111.73182778412834,40.797118753081925,0.0 -111.73184239766779,40.798449358693006,0.0 -111.73359334020023,40.79843823967693,0.0 -111.73360798967431,40.799768844457205,0.0 -111.74236286239011,40.79971284826598,0.0 -111.7423480381282,40.79838224609744,0.0 -111.74409897475063,40.798370967682004,0.0 -111.74408411652456,40.797040365727206,0.0 -111.74583501719887,40.79702906127265,0.0 -111.74582012501331,40.795698459532794,0.0 -111.76507958174454,40.795572363125686,0.0 -111.76506430610654,40.79424176695489,0.0 -111.77031675905593,40.79420682082183,0.0 -111.77033213954172,40.79553741536259,0.0 -111.77733553553422,40.795490446459624,0.0 -111.77735105685336,40.796821038496965,0.0 -111.77910193821495,40.79680922931261,0.0 -111.77911749552503,40.798139820486405,0.0 -111.7861211503629,40.79809231589098,0.0 -111.78613684853528,40.79942290453629,0.0 -111.7878877945829,40.799410961416946,0.0 -111.78791926399352,40.80207213665494,0.0 -111.78616824802809,40.80208408088841,0.0 -111.78618394934867,40.803414668595224,0.0 -111.78793500027652,40.803402723804645,0.0 -111.7879507376114,40.804733310641495,0.0 -111.7861996517188,40.8047452559892,0.0 -111.78621535513858,40.806075843070325,0.0 -111.7844642332292,40.8060877624024,0.0 -111.78449557327664,40.80874893673801,0.0 -111.78974914567685,40.80871309568045,0.0 -111.78968605015245,40.803390752443825,0.0 -111.79143709897417,40.80337875451281,0.0 -111.7914054876155,40.80071758213634,0.0 -111.78965450871596,40.80072957894822,0.0 -111.78963873957886,40.799398991731096,0.0 -111.79664250899941,40.79935084732332,0.0 -111.79662660109581,40.7980202620388,0.0 -111.79487569528484,40.79803233742708,0.0 -111.79484395257032,40.79537116479278,0.0 -111.79659478847829,40.795359090530894,0.0 -111.79657888376421,40.79402850430751,0.0 -111.79482808280423,40.79404057800623,0.0 -111.79481221409883,40.792709990906744,0.0 -111.79656298011314,40.792697917771164,0.0 -111.796547077525,40.79136733092187,0.0 -111.794796346454,40.79137940349433,0.0 -111.79478047986971,40.790048815769,0.0 -111.79302978267927,40.79006086122068,0.0 -111.79290316761835,40.77941614365886,0.0 -111.79115274881498,40.77942815806868,0.0 -111.79107382334934,40.77277519662192,0.0 -111.78932357806862,40.77278718168819,0.0 -111.78933932614109,40.77411777516233,0.0 -111.78758904489702,40.77412973424475,0.0 -111.78757333173553,40.77279914021275,0.0 -111.78407283592149,40.77282297763656,0.0 -111.78405719362758,40.77149238217977,0.0 -111.78055676344978,40.77151611232918,0.0 -111.78054119201435,40.770185515452695,0.0 -111.78229137271812,40.770173664201174,0.0 -111.78227576741897,40.76884306756482,0.0 -111.78052562161952,40.76885491826349,0.0 -111.78051005226516,40.767524320761616,0.0 -111.77700982735121,40.76754794144231,0.0 -111.77699432883678,40.76621734252582,0.0 -111.77174408840338,40.76625257287512,0.0 -111.77175948221799,40.76758317343514,0.0 -111.76825924698151,40.76760652874436,0.0 -111.76827457201993,40.76893713008132,0.0 -111.76477426288183,40.7689603803259,0.0 -111.76478951913451,40.77029098243494,0.0 -111.75778874902211,40.770337166614574,0.0 -111.7578038666643,40.77166777056561,0.0 -111.75255317374081,40.771702131632836,0.0 -111.752538160822,40.770371526078925,0.0 -111.74903776366838,40.770394299687666,0.0 -111.74906765087275,40.77305551260794,0.0 -111.74731738097837,40.77306686066063,0.0 -111.7473024717873,40.77173625382729,0.0 -111.74380199883271,40.77175886924924,0.0 -111.74381683820273,40.77308947713759,0.0 -111.74206656532611,40.773100745561784,0.0 -111.74209617721314,40.775761961452986,0.0 -111.73334444889176,40.77581791064889,0.0 -111.73337371554663,40.778479130511144,0.0 -111.74212579305845,40.77842317609519,0.0 -111.742199849993,40.785076207236145,0.0 -111.73869867267011,40.785098673885805,0.0 -111.73871341715879,40.786429280225185,0.0 -111.73521216602572,40.78645164170127,0.0 -111.73522684162673,40.78778224877149,0.0 -111.73172551669688,40.78780450506381,0.0 -111.73168170244266,40.783812679802296,0.0 -111.72993114331575,40.78382376656172,0.0 -111.72985831370376,40.777170715630795,0.0 -111.72635754178408,40.77719280433776,0.0 -111.72637203591833,40.77852341617859,0.0 -111.71937034079063,40.77856727707386,0.0 -111.71935598633972,40.77723666318706,0.0 -111.71760559507452,40.77724756153153,0.0 -111.71761991460443,40.77857817592671,0.0 -111.71236863031285,40.77861071319427,0.0 -111.71235441554644,40.777280097281334,0.0 -111.71410480967556,40.7772692785787,0.0 -111.71409056094024,40.7759386628585,0.0 -111.7158409191982,40.775927818114454,0.0 -111.71578379412651,40.770605354137786,0.0 -111.71753401177821,40.77059448487606,0.0 -111.71750538515646,40.76793325203015,0.0 -111.71925553203984,40.7679223572439,0.0 -111.71922683944159,40.7652611241666,0.0 -111.72447706492335,40.76522828364108,0.0 -111.72443371915872,40.761236436281244,0.0 -111.72618368770593,40.76122543790688,0.0 -111.72616920615826,40.7598948220093,0.0 -111.72791913884735,40.75988379761709,0.0 -111.72787559535317,40.75589194959497,0.0 -111.72962542241547,40.755880900218436,0.0 -111.72961087497616,40.754550284102436,0.0 -111.75060830466576,40.754415628762324,0.0 -111.75059333966101,40.75308501861627,0.0 -111.75584257010766,40.75305075955571,0.0 -111.75582750147717,40.751720150695625,0.0 -111.76107661823644,40.751685654528444,0.0 -111.76106144599478,40.750355046965325,0.0 -111.76281111468411,40.75034349573653,0.0 -111.76278070350398,40.74768228075077,0.0 -111.77152868297465,40.74762413221341,0.0 -111.77154406239484,40.74895473714954,0.0 -111.7855410549292,40.74886031611701,0.0 -111.78555671433264,40.750190916335335,0.0 -111.78730636858464,40.75017899381167,0.0 -111.78735345769489,40.754170790921386,0.0 -111.7891032155192,40.754158840204504,0.0 -111.78913468326297,40.75682003559868,0.0 -111.79088450979484,40.756808057239816,0.0 -111.79093182395222,40.76079984630855,0.0 -111.7891818927646,40.76081182634397,0.0 -111.7891976313684,40.76214242263347,0.0 -111.7909475974459,40.76213044203916,0.0 -111.79096337199368,40.76346103745693,0.0 -111.79271337190927,40.763449029770705,0.0 -111.7926817540858,40.760787839742626,0.0 -111.79443168316308,40.7607758066462,0.0 -111.79444752643634,40.7621064012553,0.0 -111.7961974893446,40.76209434106584,0.0 -111.7962292488538,40.76475552822012,0.0 -111.79097914759565,40.76479163256185,0.0 -111.79099492425185,40.76612222735397,0.0 -111.79274499395875,40.76611021854736,0.0 -111.79276080656841,40.76744081246642,0.0 -111.79976121440191,40.767392509632906,0.0 -111.79977716767347,40.76872310098574,0.0 -111.80677769805376,40.76867437129539,0.0 -111.80682598313311,40.77266613665619,0.0 -111.8085762177616,40.77265388617538,0.0 -111.80860848301545,40.77531506037436,0.0 -111.81210908868046,40.77529047749581,0.0 -111.8121252927539,40.77662106297894,0.0 -111.81387562887777,40.77660873114905,0.0 -111.8138593898898,40.775278146241156,0.0 -111.81560969001393,40.77526578844296,0.0 -111.8155934171991,40.773935203798366,0.0 -111.82259446714933,40.77388550948943,0.0 -111.82262729317097,40.776546673829024,0.0 -111.82612795122587,40.77652166508898,0.0 -111.82617740799752,40.78051340574896,0.0 -111.82792784012922,40.78050085980671,0.0 -111.82794436284658,40.78183143881484,0.0 -111.8261938957917,40.78184398534232,0.0 -111.82621038468785,40.783174564622364,0.0 -111.82270937742328,40.78319957919589,0.0 -111.82272579756554,40.78453015932947,0.0 -111.82447633667567,40.78451766473523,0.0 -111.82449279284573,40.78584824397271,0.0 -111.81749049010787,40.785898065361536,0.0 -111.8175068076466,40.787228646609655,0.0 -111.81575619429695,40.78724103615151,0.0 -111.81573991169122,40.78591045432552,0.0 -111.81398933218638,40.785922816736104,0.0 -111.81403807846219,40.78991456300458,0.0 -111.82279148910995,40.78985247673096,0.0 -111.82280791474032,40.79118305529812,0.0 -111.8263093412105,40.79115803372289,0.0 -111.82632583782271,40.79248861080965,0.0 -111.82807658434699,40.79247605959953,0.0 -111.82802699299944,40.788484329155395,0.0 -111.82977763360049,40.788471753145906,0.0 -111.82972794739804,40.784480021641286,0.0 -111.83147848209501,40.78446742083972,0.0 -111.8314950779856,40.78579799773352,0.0 -111.84024790943567,40.785734592493455,0.0 -111.84029822777939,40.78972631242145,0.0 -111.8420488955186,40.78971354992935,0.0 -111.84206570548083,40.79104412201635,0.0 -111.84031500280277,40.79105688510375,0.0 -111.84033177894739,40.79238745747252,0.0 -111.8420825165666,40.79237469378982,0.0 -111.84209932877604,40.793705265249734,0.0 -111.84735163971254,40.79366681305522,0.0 -111.84733472267311,40.79233624338877,0.0 -111.84908545578377,40.79232337347095,0.0 -111.84910240776635,40.7936539425371,0.0 -111.85260394047248,40.793628121821236,0.0 -111.8525869186038,40.79229755395941,0.0 -111.85433764830852,40.79228460436576,0.0 -111.85435470512009,40.79361517162358,0.0 -111.85785623099278,40.7935891915491,0.0 -111.85783910429565,40.79225862550304,0.0 -111.8595898305734,40.79224559623404,0.0 -111.85960699221317,40.79357616167238,0.0 -111.86485926898258,40.79353691268486,0.0 -111.86487653660387,40.79486747597872,0.0 -111.8841351798009,40.79472151115007,0.0 -111.8841704873553,40.79738262317956,0.0 -111.88767218338711,40.79735573632833,0.0 -111.88768990883554,40.79868629061782,0.0 -111.88593902646025,40.798699747952355,0.0 -111.88595671814059,40.80003030255533,0.0 -111.88245487993888,40.800057138784624,0.0 -111.88247250289098,40.80138769432509,0.0 -111.88072154706663,40.80140107321607,0.0 -111.8807567265868,40.80406218460272,0.0 -111.87900569966861,40.80407553817283,0.0 -111.87902325622976,40.805406094017826,0.0 -111.88077431811055,40.8053927398249,0.0 -111.8807919108102,40.806723294732976,0.0 -111.87904081396445,40.806736649548746,0.0 -111.8790583728728,40.808067204765585,0.0 -111.86504927631026,40.80817309165457,0.0 -111.86503199714338,40.80684253149943,0.0 -111.85977867171444,40.806881798797164,0.0 -111.85979584597683,40.80821236078373,0.0 -111.85804470023318,40.80822539734707,0.0 -111.85802756093912,40.80689483475251,0.0 -111.85277422174886,40.80693378318618,0.0 -111.85279125613737,40.808264347597294,0.0 -111.8475378017934,40.80830305868674,0.0 -111.84755473240726,40.80963362458958,0.0 -111.83704758339822,40.809710332858245,0.0 -111.83706430530086,40.81104090202507,0.0 -111.83181061075268,40.81107889916823,0.0 -111.8317939937727,40.809748328229325,0.0 -111.82829159513149,40.809773525600534,0.0 -111.82830814216261,40.81110409771464,0.0 -111.81254697902361,40.81121617562677,0.0 -111.81256321236584,40.8125467526547,0.0 -111.79329906458135,40.81268081954636,0.0 -111.79328321599759,40.81135023626592,0.0 -111.79153195841033,40.81136226413247,0.0 -111.79154777201558,40.81269284797388,0.0 -111.7862938879848,40.812728773783284,0.0 -111.78630959770408,40.814059358987315,0.0 -111.76003951232104,40.814235408060135,0.0 -111.76005469832934,40.815566001162054,0.0 -111.73553525595067,40.81572492512608,0.0 -111.73554995314869,40.8170555253275,0.0 -111.70927838368291,40.81722002692744,0.0 -111.70929255699919,40.81855063448878,0.0 -111.69878365913061,40.81861476329701,0.0 -111.69872781126692,40.813292319217666,0.0 -111.70223050107528,40.813271053259825,0.0 -111.70218841509552,40.809279219901526,0.0 -111.7004371755995,40.80928986468149,0.0 -111.70039520297821,40.80529802702721,0.0 -111.70214633755488,40.80528738373658,0.0 -111.70213231358302,40.8039567710579,0.0</coordinates>
                                </LinearRing>
                            </outerBoundaryIs>
                        </Polygon>
                        <Polygon>
                            <outerBoundaryIs>
                                <LinearRing>
                                    <coordinates>-111.91026952773828,40.785203453662355,0.0 -111.9085190103363,40.78521724988492,0.0 -111.90846461579616,40.78122559952399,0.0 -111.91021502842699,40.781211805231834,0.0 -111.91017870162273,40.778550704705765,0.0 -111.91192904320404,40.778536885155944,0.0 -111.91196543984388,40.78119798439274,0.0 -111.91371585004447,40.78118413700675,0.0 -111.91362469299442,40.774531389785245,0.0 -111.91537492740585,40.77451751908782,0.0 -111.91544799026077,40.7798397149058,0.0 -111.91719836310311,40.77982581507455,0.0 -111.91723497169507,40.78248690979947,0.0 -111.92423673016603,40.78243103980828,0.0 -111.9242182855753,40.781100495209074,0.0 -111.93121988464125,40.781044203079595,0.0 -111.93129422918335,40.78636636908457,0.0 -111.9295436915789,40.78638048456988,0.0 -111.92959935823379,40.79037210774355,0.0 -111.92434742360071,40.79041430079499,0.0 -111.92436587682239,40.791744843191346,0.0 -111.91561245311378,40.79181463709465,0.0 -111.9155941745779,40.79048409144306,0.0 -111.9138435210992,40.790497969906525,0.0 -111.91382527872003,40.78916742329304,0.0 -111.91207465895725,40.78918127455493,0.0 -111.91205645273013,40.78785072698085,0.0 -111.91030586668346,40.78786455104361,0.0 -111.91026952773828,40.785203453662355,0.0</coordinates>
                                </LinearRing>
                            </outerBoundaryIs>
                        </Polygon>
                        <Polygon>
                            <outerBoundaryIs>
                                <LinearRing>
                                    <coordinates>-111.92438433127745,40.79307538527299,0.0 -111.92440278696597,40.79440592703992,0.0 -111.91564901385071,40.794475727454135,0.0 -111.91563073287135,40.793145182431694,0.0 -111.92438433127745,40.79307538527299,0.0</coordinates>
                                </LinearRing>
                            </outerBoundaryIs>
                        </Polygon>
                        <Polygon>
                            <outerBoundaryIs>
                                <LinearRing>
                                    <coordinates>-111.64074788725776,40.06040492588513,0.0 -111.64076035369811,40.06173572698977,0.0 -111.64422429799193,40.06171651682569,0.0 -111.64424936813872,40.064378116305456,0.0 -111.64598140642454,40.06436847148558,0.0 -111.64600654730512,40.06703006882207,0.0 -111.64254233510404,40.06704933437476,0.0 -111.64252983164552,40.06571853495904,0.0 -111.64079775799605,40.06572812844442,0.0 -111.6407852890672,40.064397328269415,0.0 -111.63905324828598,40.06440689541343,0.0 -111.63901594755674,40.06041449168472,0.0 -111.64074788725776,40.06040492588513,0.0</coordinates>
                                </LinearRing>
                            </outerBoundaryIs>
                        </Polygon>
                        <Polygon>
                            <outerBoundaryIs>
                                <LinearRing>
                                    <coordinates>-111.65296037550375,40.06965281944296,0.0 -111.65297308369766,40.070983615206764,0.0 -111.65124088026077,40.07099336587743,0.0 -111.6512282057733,40.06966256965689,0.0 -111.65296037550375,40.06965281944296,0.0</coordinates>
                                </LinearRing>
                            </outerBoundaryIs>
                        </Polygon>
                        <Polygon>
                            <outerBoundaryIs>
                                <LinearRing>
                                    <coordinates>-111.65645026448905,40.072294830708714,0.0 -111.65646304179576,40.07362562493531,0.0 -111.65473077263296,40.07363542831991,0.0 -111.65471802903701,40.07230463363411,0.0 -111.65645026448905,40.072294830708714,0.0</coordinates>
                                </LinearRing>
                            </outerBoundaryIs>
                        </Polygon>
                        <Polygon>
                            <outerBoundaryIs>
                                <LinearRing>
                                    <coordinates>-111.63054028678329,40.08042395645728,0.0 -111.63052801106144,40.07909315701907,0.0 -111.62879559454589,40.07910257366123,0.0 -111.62880783654482,40.08043337354053,0.0 -111.62361048095086,40.08046146934932,0.0 -111.62357406088474,40.07646906483428,0.0 -111.62877111299154,40.07644097297326,0.0 -111.62878335336148,40.07777177347214,0.0 -111.63051573615635,40.077762357271055,0.0 -111.63050346206799,40.07643155721324,0.0 -111.63223581032777,40.07642211555008,0.0 -111.63222350333994,40.07509131562472,0.0 -111.63395581706477,40.075081848501945,0.0 -111.63394347718194,40.07375104871022,0.0 -111.63567575637194,40.073741556130244,0.0 -111.63566338359863,40.072410756473346,0.0 -111.63739562825388,40.07240123843865,0.0 -111.63738322259455,40.07107043891774,0.0 -111.63911543271522,40.071060895430755,0.0 -111.63912787208369,40.07239169450461,0.0 -111.64432459859805,40.072362907306854,0.0 -111.64431205810249,40.071032109581424,0.0 -111.6460442648992,40.0710224625023,0.0 -111.64606941414479,40.073684056739424,0.0 -111.64953396006591,40.07366468307247,0.0 -111.64954660337034,40.0749954788186,0.0 -111.653011213353,40.0749760006381,0.0 -111.65299850262221,40.07364520580434,0.0 -111.65473077263296,40.07363542831991,0.0 -111.65475626236866,40.0762970167614,0.0 -111.65648859895974,40.07628721245835,0.0 -111.65650137881715,40.07761800575479,0.0 -111.65476900850857,40.07762781051709,0.0 -111.65478175549661,40.078958603962754,0.0 -111.65304935062011,40.07896838327929,0.0 -111.65310021215308,40.08429155579382,0.0 -111.65136767152873,40.084301311032824,0.0 -111.65135498860519,40.08297051791233,0.0 -111.64095992958902,40.0830285025198,0.0 -111.64094744987028,40.081697706373404,0.0 -111.63401752879628,40.08173584281312,0.0 -111.63400518480745,40.08040504457055,0.0 -111.63054028678329,40.08042395645728,0.0</coordinates>
                                </LinearRing>
                            </outerBoundaryIs>
                        </Polygon>
                        <Polygon>
                            <outerBoundaryIs>
                                <LinearRing>
                                    <coordinates>-111.65311292965166,40.08562234814737,0.0 -111.65312564799649,40.08695314019088,0.0 -111.6513930399077,40.08696289634376,0.0 -111.65138035529621,40.085632103843295,0.0 -111.65311292965166,40.08562234814737,0.0</coordinates>
                                </LinearRing>
                            </outerBoundaryIs>
                        </Polygon>
                        <Polygon>
                            <outerBoundaryIs>
                                <LinearRing>
                                    <coordinates>-111.65146916530446,40.09494764483591,0.0 -111.65140572536328,40.0882936885342,0.0 -111.65313836718762,40.08828393192435,0.0 -111.65316380810914,40.090945514461154,0.0 -111.65489651656488,40.090935731021325,0.0 -111.65493478552959,40.09492810112639,0.0 -111.65146916530446,40.09494764483591,0.0</coordinates>
                                </LinearRing>
                            </outerBoundaryIs>
                        </Polygon>
                        <Polygon>
                            <outerBoundaryIs>
                                <LinearRing>
                                    <coordinates>-111.66028757717899,40.11086802708887,0.0 -111.65682115178598,40.11088773738986,0.0 -111.6567827509349,40.106895379826966,0.0 -111.66198208379957,40.10686577963331,0.0 -111.66199498453845,40.10819656441147,0.0 -111.65852869594548,40.108216324729725,0.0 -111.65854153000045,40.10954711012314,0.0 -111.66027470849636,40.10953724246773,0.0 -111.66028757717899,40.11086802708887,0.0</coordinates>
                                </LinearRing>
                            </outerBoundaryIs>
                        </Polygon>
                        <Polygon>
                            <outerBoundaryIs>
                                <LinearRing>
                                    <coordinates>-111.66375399914622,40.110848213051646,0.0 -111.66202078859196,40.110858133037276,0.0 -111.6620078861359,40.10952734887945,0.0 -111.66374106291677,40.10951742935839,0.0 -111.66375399914622,40.110848213051646,0.0</coordinates>
                                </LinearRing>
                            </outerBoundaryIs>
                        </Polygon>
                        <Polygon>
                            <outerBoundaryIs>
                                <LinearRing>
                                    <coordinates>-111.65703890149055,40.13351104418962,0.0 -111.65702608586321,40.132180263917924,0.0 -111.65875983966963,40.13217041435755,0.0 -111.65873414335695,40.12950885380604,0.0 -111.66046782869147,40.12949897921692,0.0 -111.66050647587171,40.13349131819172,0.0 -111.65703890149055,40.13351104418962,0.0</coordinates>
                                </LinearRing>
                            </outerBoundaryIs>
                        </Polygon>
                        <Polygon>
                            <outerBoundaryIs>
                                <LinearRing>
                                    <coordinates>-111.69431577672711,40.21846739841662,0.0 -111.69428861080142,40.21580589720513,0.0 -111.6960244806334,40.21579547192821,0.0 -111.69601086507704,40.214464721344285,0.0 -111.69774670005212,40.21445427052712,0.0 -111.69773305145449,40.21312352012154,0.0 -111.70294044907394,40.21309201297614,0.0 -111.70289920324448,40.209099764318346,0.0 -111.69942780940274,40.209120792156185,0.0 -111.6994004525106,40.20645928952878,0.0 -111.6959291907761,40.20648021131539,0.0 -111.69591558156486,40.20514945855638,0.0 -111.6924443840743,40.20517027528535,0.0 -111.69245792541663,40.20650102901865,0.0 -111.69072229138318,40.20651139883893,0.0 -111.69076281900354,40.21050365963086,0.0 -111.68902708225319,40.21051400488262,0.0 -111.6890001308206,40.207852497030345,0.0 -111.68726446105353,40.20786281529158,0.0 -111.68729134460543,40.21052432410972,0.0 -111.6820841263003,40.21055512564274,0.0 -111.68207078590162,40.20922436994747,0.0 -111.68380649228638,40.209214129273846,0.0 -111.68379311883659,40.20788337374725,0.0 -111.67858609883812,40.20791401626317,0.0 -111.6785728280905,40.2065832589919,0.0 -111.67683718692459,40.20659342064343,0.0 -111.67685042373485,40.2079241783903,0.0 -111.67511474775013,40.20793431449495,0.0 -111.67510154487728,40.206603556273684,0.0 -111.66468767421075,40.20666382360645,0.0 -111.66466167831345,40.20400230059129,0.0 -111.66813283628447,40.203982317436754,0.0 -111.66811977177201,40.20265155639887,0.0 -111.66985531552282,40.202641526262504,0.0 -111.66978983638712,40.19598771876395,0.0 -111.67152520964547,40.19597766496292,0.0 -111.67142021708517,40.18533156058759,0.0 -111.67315531819487,40.18532148454867,0.0 -111.67311585870974,40.181329191700854,0.0 -111.67658585491856,40.181308964458125,0.0 -111.67655941740871,40.17864743623437,0.0 -111.67829434641192,40.17863728456623,0.0 -111.67828109508936,40.177306520463866,0.0 -111.68001598932267,40.17729634327647,0.0 -111.68000270499695,40.17596557934002,0.0 -111.68173756446052,40.17595537663583,0.0 -111.68171093069836,40.17329384878664,0.0 -111.67997613899861,40.17330405053567,0.0 -111.67994957653731,40.17064252048936,0.0 -111.67821485170826,40.17065269529496,0.0 -111.67820160567791,40.16932192932979,0.0 -111.67993629663287,40.16931175500049,0.0 -111.67990973947614,40.166650223091345,0.0 -111.67470586719269,40.166680665267364,0.0 -111.67473222112481,40.16934220002688,0.0 -111.66779344150909,40.16938242957401,0.0 -111.66781952794634,40.17204396685857,0.0 -111.66608476311474,40.17205396021259,0.0 -111.66611078526525,40.17471549719137,0.0 -111.664375951807,40.17472546548877,0.0 -111.66438893029802,40.17605623397933,0.0 -111.66091919302426,40.176076093526746,0.0 -111.6609321046074,40.17740686263663,0.0 -111.6574622961231,40.17742661913439,0.0 -111.65744945231218,40.176095849099696,0.0 -111.65050996064528,40.176135048320994,0.0 -111.6504972532256,40.174804276141096,0.0 -111.64529272723684,40.17483340125843,0.0 -111.64524231256084,40.16951030398386,0.0 -111.64350760439817,40.169519958562894,0.0 -111.64348246983818,40.166858407161,0.0 -111.64001318649326,40.16687763655477,0.0 -111.64000068820557,40.16554685948849,0.0 -111.64173529642646,40.16553725823384,0.0 -111.64172276510433,40.16420648130698,0.0 -111.64345733862453,40.16419685451872,0.0 -111.64344477427244,40.16286607773245,0.0 -111.64171023461638,40.16287570407003,0.0 -111.6416977049626,40.161544926523,0.0 -111.64516671571454,40.161525648768546,0.0 -111.64519191130829,40.16418720174744,0.0 -111.65039562431821,40.164158087535675,0.0 -111.6504083249718,40.16548886219693,0.0 -111.65734673260187,40.165449677653214,0.0 -111.65732106122114,40.16278813168922,0.0 -111.65905559326846,40.16277827151655,0.0 -111.65892694910843,40.14947052769846,0.0 -111.65719275557309,40.14948038325593,0.0 -111.65723123829979,40.15347271104316,0.0 -111.65549694238054,40.153482542011986,0.0 -111.65544576915495,40.14815943583436,0.0 -111.65024328240435,40.14818876740876,0.0 -111.65023059273705,40.146857988715624,0.0 -111.66236947970094,40.146789188042185,0.0 -111.6622273447146,40.13215063737625,0.0 -111.6656948463207,40.13213075658114,0.0 -111.66568186249924,40.13079997831739,0.0 -111.66394814593647,40.130809931225606,0.0 -111.6639351967862,40.12947915218557,0.0 -111.66566887954194,40.129469199743376,0.0 -111.66565589744872,40.128138420859116,0.0 -111.66392224849777,40.12814837283528,0.0 -111.66389635450616,40.12548681320405,0.0 -111.6656299358543,40.12547686215986,0.0 -111.66559099994168,40.12148452178414,0.0 -111.66905795726981,40.12146454466048,0.0 -111.66904491277738,40.120133764850216,0.0 -111.67077835634916,40.12012373784254,0.0 -111.67075220239316,40.117462178230284,0.0 -111.67248557751924,40.11745212622176,0.0 -111.67251179905057,40.120113684892544,0.0 -111.67771212191,40.120083370388926,0.0 -111.67769890934208,40.11875259262823,0.0 -111.67596550305392,40.1187627229306,0.0 -111.67593914812637,40.1161011655294,0.0 -111.67767248684412,40.11609103617575,0.0 -111.67763285969083,40.1120986991694,0.0 -111.6810993318095,40.11207836550341,0.0 -111.68108605696645,40.110747586832794,0.0 -111.6793528551227,40.11075776615652,0.0 -111.67933961493578,40.10942698669884,0.0 -111.68973861006678,40.10936552463173,0.0 -111.68975205288906,40.11069630121102,0.0 -111.68801885548484,40.11070661020234,0.0 -111.68811274382503,40.120022040943965,0.0 -111.69504647394102,40.11998063580793,0.0 -111.69501937394237,40.11731908959744,0.0 -111.69675273664888,40.117308674434355,0.0 -111.69676631998291,40.11863944720713,0.0 -111.69849971557096,40.11862900561578,0.0 -111.69859506078795,40.12794440290623,0.0 -111.70032869203104,40.12793393194271,0.0 -111.70036966928413,40.13192623893726,0.0 -111.69863593662389,40.131936711371786,0.0 -111.69864956371637,40.1332674802391,0.0 -111.69518202805659,40.13328834822728,0.0 -111.69516846858475,40.13195757838287,0.0 -111.69343473321035,40.13196797295935,0.0 -111.69344825887178,40.13329874329049,0.0 -111.69171448878669,40.133309112399715,0.0 -111.69179545875332,40.14129373077827,0.0 -111.6935294317486,40.14128335875557,0.0 -111.69350237052097,40.13862182150946,0.0 -111.69523627496997,40.13861142449915,0.0 -111.69522271188758,40.13728065589705,0.0 -111.69695658161443,40.137270233415975,0.0 -111.69698377632295,40.13993176933355,0.0 -111.69871771278564,40.13992131991644,0.0 -111.69870408115732,40.13859055260221,0.0 -111.70043798289116,40.138580077715645,0.0 -111.70046531470038,40.141241611052536,0.0 -111.70219928316972,40.141231109223895,0.0 -111.70224038919086,40.1452234054242,0.0 -111.70397445823252,40.14521287615564,0.0 -111.70407064108552,40.15452821963137,0.0 -111.70580494608774,40.1545176609383,0.0 -111.70588762733588,40.162502225976404,0.0 -111.7076221345441,40.16249163833656,0.0 -111.70763595182484,40.16382239759298,0.0 -111.70069778204841,40.16386459424496,0.0 -111.70072514844775,40.16652611577651,0.0 -111.70245975999441,40.16651560460198,0.0 -111.70250091803884,40.17050788309279,0.0 -111.70597034161536,40.170486779827726,0.0 -111.70598413054101,40.171817537715306,0.0 -111.7094536181962,40.1717963295065,0.0 -111.70955064076365,40.181111619067444,0.0 -111.71128562039762,40.18110097249164,0.0 -111.7113690219876,40.18908549128856,0.0 -111.71310420408876,40.18907481571759,0.0 -111.71320178545704,40.19839007000505,0.0 -111.71493720402371,40.198379364922616,0.0 -111.71502108497215,40.20636385346618,0.0 -111.71675670617586,40.2063531193567,0.0 -111.71677072352823,40.207683865856666,0.0 -111.71329941231792,40.20770530905877,0.0 -111.7133133627274,40.20903605625139,0.0 -111.71678474181401,40.20901461204569,0.0 -111.71681278118614,40.21167610349086,0.0 -111.71507702422544,40.21168683961,0.0 -111.71509101136702,40.213017585368625,0.0 -111.71682680227262,40.21300684874701,0.0 -111.71684082429282,40.21433759369219,0.0 -111.71163334694224,40.21436972698138,0.0 -111.71166119008028,40.217031218946644,0.0 -111.70992529453824,40.217041878985256,0.0 -111.70991140645758,40.2157111326592,0.0 -111.70817554394263,40.21572176616989,0.0 -111.70818939807133,40.2170525129936,0.0 -111.70645350068182,40.217063120971645,0.0 -111.70648114379628,40.2197246146794,0.0 -111.69953727341263,40.219766790235155,0.0 -111.69952358722205,40.218436041562995,0.0 -111.69778765129875,40.21844651987931,0.0 -111.69780130353244,40.21977726904185,0.0 -111.69606533274309,40.21978772181558,0.0 -111.69605171446636,40.218456972163864,0.0 -111.69431577672711,40.21846739841662,0.0</coordinates>
                                </LinearRing>
                            </outerBoundaryIs>
                        </Polygon>
                        <Polygon>
                            <outerBoundaryIs>
                                <LinearRing>
                                    <coordinates>-111.64533054705538,40.17882572095802,0.0 -111.64534315534029,40.180156493570955,0.0 -111.6436081761115,40.18016615176626,0.0 -111.64359560171775,40.17883537870123,0.0 -111.64533054705538,40.17882572095802,0.0</coordinates>
                                </LinearRing>
                            </outerBoundaryIs>
                        </Polygon>
                        <Polygon>
                            <outerBoundaryIs>
                                <LinearRing>
                                    <coordinates>-111.66638422715133,40.20266156051743,0.0 -111.66464868166298,40.202671538618155,0.0 -111.66462269095815,40.20001001374074,0.0 -111.6663581685912,40.20000003657401,0.0 -111.66638422715133,40.20266156051743,0.0</coordinates>
                                </LinearRing>
                            </outerBoundaryIs>
                        </Polygon>
                        <Polygon>
                            <outerBoundaryIs>
                                <LinearRing>
                                    <coordinates>-111.66818510303456,40.209305358484094,0.0 -111.66644938873644,40.20931536494404,0.0 -111.66643635468375,40.20798460467952,0.0 -111.66817203504186,40.20797459868788,0.0 -111.66818510303456,40.209305358484094,0.0</coordinates>
                                </LinearRing>
                            </outerBoundaryIs>
                        </Polygon>
                        <Polygon>
                            <outerBoundaryIs>
                                <LinearRing>
                                    <coordinates>-111.72395408160065,40.23026327573429,0.0 -111.72396825167085,40.23159401461359,0.0 -111.7257045133464,40.2315831407383,0.0 -111.72571871833881,40.232913878797696,0.0 -111.71877353006897,40.23295722006679,0.0 -111.71868912965307,40.2249727748767,0.0 -111.72042522429356,40.22496198165722,0.0 -111.7204675221948,40.228954204136464,0.0 -111.72220371780512,40.22894338336065,0.0 -111.72221785295764,40.23027412305863,0.0 -111.72395408160065,40.23026327573429,0.0</coordinates>
                                </LinearRing>
                            </outerBoundaryIs>
                        </Polygon>
                        <Polygon>
                            <outerBoundaryIs>
                                <LinearRing>
                                    <coordinates>-111.72574713116187,40.235575353983144,0.0 -111.72576133899265,40.236906091109226,0.0 -111.72402494138966,40.23691696702004,0.0 -111.72403911617923,40.238247704343955,0.0 -111.7275119784139,40.238225925455076,0.0 -111.72748349383339,40.235564452534305,0.0 -111.72921985555647,40.23555352503854,0.0 -111.72923413135757,40.23688426114314,0.0 -111.73097052611494,40.23687330708795,0.0 -111.73099914854649,40.239534777338505,0.0 -111.72926268581223,40.2395457324189,0.0 -111.72927696446595,40.24087646759005,0.0 -111.73101346119203,40.240865511997036,0.0 -111.73104208934305,40.24352698038057,0.0 -111.7275689589588,40.243548867563035,0.0 -111.72759745492432,40.246210336750195,0.0 -111.72238754823712,40.2462429751714,0.0 -111.72237340178317,40.244912239206236,0.0 -111.72063679833451,40.244923066059854,0.0 -111.7205662501682,40.23826937903513,0.0 -111.72230268364463,40.23825855471427,0.0 -111.72227440298244,40.23559707873997,0.0 -111.72574713116187,40.235575353983144,0.0</coordinates>
                                </LinearRing>
                            </outerBoundaryIs>
                        </Polygon>
                        <Polygon>
                            <outerBoundaryIs>
                                <LinearRing>
                                    <coordinates>-111.66778343302109,40.3450512808852,0.0 -111.66779655681583,40.34638200916396,0.0 -111.66605733368854,40.346392037807675,0.0 -111.6660442440675,40.34506130905997,0.0 -111.66778343302109,40.3450512808852,0.0</coordinates>
                                </LinearRing>
                            </outerBoundaryIs>
                        </Polygon>
                        <Polygon>
                            <outerBoundaryIs>
                                <LinearRing>
                                    <coordinates>-111.6575292271568,40.363741264482435,0.0 -111.65926889909314,40.363731360568735,0.0 -111.65923000922515,40.3597391799163,0.0 -111.66096957769342,40.35972925122975,0.0 -111.66095658193531,40.35839852418863,0.0 -111.6661751795438,40.3583685825572,0.0 -111.6661882778918,40.359699308198216,0.0 -111.66792784288153,40.35968927486388,0.0 -111.66794097630135,40.36101999972506,0.0 -111.66968057461445,40.36100993975848,0.0 -111.66972008273638,40.365002111066545,0.0 -111.67145978278141,40.364992023522,0.0 -111.67147298811881,40.36632274619822,0.0 -111.67321272149137,40.36631263201409,0.0 -111.67325244542195,40.37030479675941,0.0 -111.67151260941262,40.370314912362346,0.0 -111.67155223863021,40.37430707572967,0.0 -111.66981229908299,40.37431716657637,0.0 -111.66982547635962,40.37564788754909,0.0 -111.6628655725146,40.375687991057816,0.0 -111.66285253213353,40.37435726821009,0.0 -111.6576326977867,40.37438706959356,0.0 -111.65758095557484,40.36906416952287,0.0 -111.65584114593895,40.36907404911844,0.0 -111.65580245096416,40.36508186941828,0.0 -111.65754215796835,40.36507199120846,0.0 -111.6575292271568,40.363741264482435,0.0</coordinates>
                                </LinearRing>
                            </outerBoundaryIs>
                        </Polygon>
                        <Polygon>
                            <outerBoundaryIs>
                                <LinearRing>
                                    <coordinates>-111.63512579180367,40.38649004684608,0.0 -111.64034658365813,40.38646125420293,0.0 -111.64039700078872,40.39178415638878,0.0 -111.63865660067896,40.39179378192334,0.0 -111.63866917280784,40.39312450714363,0.0 -111.63692873760536,40.39313410693512,0.0 -111.63694127631551,40.39446483229376,0.0 -111.63346033489123,40.39448395419125,0.0 -111.63347280591877,40.39581468013342,0.0 -111.63173229969904,40.3958242022357,0.0 -111.63169499188172,40.391832022142616,0.0 -111.63517579794738,40.39181295441685,0.0 -111.63516329516132,40.390482227989786,0.0 -111.6369036626926,40.39047265528652,0.0 -111.6368911264899,40.38914192899657,0.0 -111.63515079320872,40.38915150125231,0.0 -111.63512579180367,40.38649004684608,0.0</coordinates>
                                </LinearRing>
                            </outerBoundaryIs>
                        </Polygon>
                        <Polygon>
                            <outerBoundaryIs>
                                <LinearRing>
                                    <coordinates>-111.72588990361461,40.411240906560174,0.0 -111.72586130833831,40.40857951252825,0.0 -111.72412050664762,40.40859042804847,0.0 -111.72409198373907,40.40592903175038,0.0 -111.72931418028458,40.40589620964104,0.0 -111.72937164126209,40.41121899485389,0.0 -111.72588990361461,40.411240906560174,0.0</coordinates>
                                </LinearRing>
                            </outerBoundaryIs>
                        </Polygon>
                        <Polygon>
                            <outerBoundaryIs>
                                <LinearRing>
                                    <coordinates>-111.73636411557061,40.41383624355457,0.0 -111.73637862228462,40.415166936392765,0.0 -111.73986055410614,40.415144707072294,0.0 -111.73987513037108,40.41647539855984,0.0 -111.73813413065328,40.41648652684606,0.0 -111.73814867359603,40.41781721854219,0.0 -111.7346666026655,40.41783939751265,0.0 -111.73459424054342,40.41118593073323,0.0 -111.73285337507801,40.4111969783149,0.0 -111.732838939831,40.409866283508016,0.0 -111.73806143048226,40.409833063691785,0.0 -111.73810504767656,40.41382514251907,0.0 -111.73636411557061,40.41383624355457,0.0</coordinates>
                                </LinearRing>
                            </outerBoundaryIs>
                        </Polygon>
                        <Polygon>
                            <outerBoundaryIs>
                                <LinearRing>
                                    <coordinates>-111.73851256250093,40.45108440967436,0.0 -111.7385271306791,40.45241509326849,0.0 -111.73678520324643,40.4524262093607,0.0 -111.73677066942192,40.45109552524708,0.0 -111.73851256250093,40.45108440967436,0.0</coordinates>
                                </LinearRing>
                            </outerBoundaryIs>
                        </Polygon>
                        <Polygon>
                            <outerBoundaryIs>
                                <LinearRing>
                                    <coordinates>-111.74385563321022,40.46169635298668,0.0 -111.74387031227859,40.46302703252128,0.0 -111.74038591245979,40.46304940429754,0.0 -111.74037130213502,40.461718723717524,0.0 -111.74385563321022,40.46169635298668,0.0</coordinates>
                                </LinearRing>
                            </outerBoundaryIs>
                        </Polygon>
                        <Polygon>
                            <outerBoundaryIs>
                                <LinearRing>
                                    <coordinates>-111.74770895091902,40.494940745807526,0.0 -111.74767940902619,40.492279403493626,0.0 -111.74942236225743,40.492268114111575,0.0 -111.74943716713548,40.493598784896975,0.0 -111.75118015380339,40.493587468703716,0.0 -111.7511949940956,40.494918138648515,0.0 -111.74770895091902,40.494940745807526,0.0</coordinates>
                                </LinearRing>
                            </outerBoundaryIs>
                        </Polygon>
                        <Polygon>
                            <outerBoundaryIs>
                                <LinearRing>
                                    <coordinates>-111.7563941652839,40.492222693758634,0.0 -111.75642405142976,40.49488403077313,0.0 -111.75991008467196,40.49486116076545,0.0 -111.75992509809716,40.49619182773628,0.0 -111.75643899599798,40.496214698812494,0.0 -111.75645394156315,40.4975453665399,0.0 -111.7547108545861,40.497556763181436,0.0 -111.75469594345181,40.496226094921575,0.0 -111.75295288991099,40.49623746474458,0.0 -111.75292313948138,40.49357612622673,0.0 -111.75466612416716,40.49356475746611,0.0 -111.75465121601664,40.4922340882705,0.0 -111.7563941652839,40.492222693758634,0.0</coordinates>
                                </LinearRing>
                            </outerBoundaryIs>
                        </Polygon>
                        <Polygon>
                            <outerBoundaryIs>
                                <LinearRing>
                                    <coordinates>-111.72695061441807,40.50971160982993,0.0 -111.72697935500288,40.51237295651025,0.0 -111.72349238908555,40.51239484096908,0.0 -111.72346378632595,40.50973349224408,0.0 -111.72695061441807,40.50971160982993,0.0</coordinates>
                                </LinearRing>
                            </outerBoundaryIs>
                        </Polygon>
                        <Polygon>
                            <outerBoundaryIs>
                                <LinearRing>
                                    <coordinates>-111.72180598381124,40.517728439494675,0.0 -111.72006236061473,40.51773931800275,0.0 -111.72004812387428,40.516408644024764,0.0 -111.72179171260396,40.51639776602489,0.0 -111.72180598381124,40.517728439494675,0.0</coordinates>
                                </LinearRing>
                            </outerBoundaryIs>
                        </Polygon>
                        <Polygon>
                            <outerBoundaryIs>
                                <LinearRing>
                                    <coordinates>-111.72719503167376,40.53233301687941,0.0 -111.72545103205617,40.53234397993889,0.0 -111.72543668138698,40.53101331091705,0.0 -111.72892461067852,40.530991359503574,0.0 -111.72895345094656,40.53365269518474,0.0 -111.72720941779471,40.533663685077485,0.0 -111.72719503167376,40.53233301687941,0.0</coordinates>
                                </LinearRing>
                            </outerBoundaryIs>
                        </Polygon>
                        <Polygon>
                            <outerBoundaryIs>
                                <LinearRing>
                                    <coordinates>-111.71380814975495,40.585646631818406,0.0 -111.71385059623366,40.58963861027896,0.0 -111.71210510366403,40.58964938439319,0.0 -111.71209098848496,40.58831872471484,0.0 -111.70860006970477,40.588340192821114,0.0 -111.70858602464662,40.5870095318287,0.0 -111.7103314499172,40.586998811462195,0.0 -111.71031737120938,40.585668150658854,0.0 -111.71380814975495,40.585646631818406,0.0</coordinates>
                                </LinearRing>
                            </outerBoundaryIs>
                        </Polygon>
                        <Polygon>
                            <outerBoundaryIs>
                                <LinearRing>
                                    <coordinates>-111.67719505747853,40.589859328249126,0.0 -111.67720848170715,40.59118999741977,0.0 -111.67546293524065,40.59120021816529,0.0 -111.67544954560738,40.589869548517385,0.0 -111.67719505747853,40.589859328249126,0.0</coordinates>
                                </LinearRing>
                            </outerBoundaryIs>
                        </Polygon>
                        <Polygon>
                            <outerBoundaryIs>
                                <LinearRing>
                                    <coordinates>-111.76162808429652,40.64655518535675,0.0 -111.76164321238569,40.64788581674539,0.0 -111.7598962218979,40.647897326540544,0.0 -111.75988112850007,40.646566694614634,0.0 -111.76162808429652,40.64655518535675,0.0</coordinates>
                                </LinearRing>
                            </outerBoundaryIs>
                        </Polygon>
                        <Polygon>
                            <outerBoundaryIs>
                                <LinearRing>
                                    <coordinates>-111.76750957309343,40.70240668040104,0.0 -111.76576116131157,40.70241829167306,0.0 -111.7657459221691,40.70108767416951,0.0 -111.76749429916475,40.70107606343935,0.0 -111.76750957309343,40.70240668040104,0.0</coordinates>
                                </LinearRing>
                            </outerBoundaryIs>
                        </Polygon>
                        <Polygon>
                            <outerBoundaryIs>
                                <LinearRing>
                                    <coordinates>-111.64880909742327,40.723095658251346,0.0 -111.64706009956707,40.723105475876935,0.0 -111.64704721315184,40.721774829092524,0.0 -111.64879617618212,40.721765011925044,0.0 -111.64880909742327,40.723095658251346,0.0</coordinates>
                                </LinearRing>
                            </outerBoundaryIs>
                        </Polygon>
                        <Polygon>
                            <outerBoundaryIs>
                                <LinearRing>
                                    <coordinates>-111.68236615252312,40.754839292624595,0.0 -111.68237975815184,40.75616992222421,0.0 -111.68062990572307,40.756180255352426,0.0 -111.6806163349772,40.754849625270744,0.0 -111.68236615252312,40.754839292624595,0.0</coordinates>
                                </LinearRing>
                            </outerBoundaryIs>
                        </Polygon>
                        <Polygon>
                            <outerBoundaryIs>
                                <LinearRing>
                                    <coordinates>-111.71413331000322,40.77993050908329,0.0 -111.71417606763826,40.78392235250066,0.0 -111.70892435851373,40.783954736518695,0.0 -111.70891020980807,40.7826241208476,0.0 -111.71066074553431,40.78261335323079,0.0 -111.71064656284587,40.78128273775009,0.0 -111.71239706269587,40.78127194408444,0.0 -111.7123828460293,40.77994132879532,0.0 -111.71413331000322,40.77993050908329,0.0</coordinates>
                                </LinearRing>
                            </outerBoundaryIs>
                        </Polygon>
                        <Polygon>
                            <outerBoundaryIs>
                                <LinearRing>
                                    <coordinates>-111.66518634430976,40.78687656417614,0.0 -111.66519962238684,40.788207191067585,0.0 -111.66169822290735,40.78822732275277,0.0 -111.66168501470938,40.78689669492229,0.0 -111.66518634430976,40.78687656417614,0.0</coordinates>
                                </LinearRing>
                            </outerBoundaryIs>
                        </Polygon>
                        <Polygon>
                            <outerBoundaryIs>
                                <LinearRing>
                                    <coordinates>-111.67241721804663,40.80945656660973,0.0 -111.67066596296776,40.80946675956876,0.0 -111.67065256575216,40.8081361390789,0.0 -111.6724037858544,40.808125946595275,0.0 -111.67241721804663,40.80945656660973,0.0</coordinates>
                                </LinearRing>
                            </outerBoundaryIs>
                        </Polygon>
                        <Polygon>
                            <outerBoundaryIs>
                                <LinearRing>
                                    <coordinates>-111.6655185626439,40.82014214303363,0.0 -111.66376702409723,40.820152233444304,0.0 -111.66368745099521,40.812168509447524,0.0 -111.66543877960328,40.812158421860076,0.0 -111.6655185626439,40.82014214303363,0.0</coordinates>
                                </LinearRing>
                            </outerBoundaryIs>
                        </Polygon>
                        <Polygon>
                            <outerBoundaryIs>
                                <LinearRing>
                                    <coordinates>-111.66025074993706,40.81884171367624,0.0 -111.66026394434589,40.82017233450121,0.0 -111.65325777427658,40.820212217556154,0.0 -111.65321861361912,40.81622034856718,0.0 -111.65672149044676,40.81620046299878,0.0 -111.65670836866153,40.81486984030721,0.0 -111.65845977077181,40.81485985811169,0.0 -111.65849924373288,40.81885172385553,0.0 -111.66025074993706,40.81884171367624,0.0</coordinates>
                                </LinearRing>
                            </outerBoundaryIs>
                        </Polygon>
                        <Polygon>
                            <outerBoundaryIs>
                                <LinearRing>
                                    <coordinates>-111.43920622571723,39.96285848972345,0.0 -111.4392147415963,39.96418935752008,0.0 -111.43748517474769,39.964195897638575,0.0 -111.43747669240035,39.96286502953539,0.0 -111.43920622571723,39.96285848972345,0.0</coordinates>
                                </LinearRing>
                            </outerBoundaryIs>
                        </Polygon>
                        <Polygon>
                            <outerBoundaryIs>
                                <LinearRing>
                                    <coordinates>-111.49150196210879,40.01987691452598,0.0 -111.49151151118876,40.021207759300914,0.0 -111.48978051837976,40.02121508826811,0.0 -111.4897710029262,40.01988424314976,0.0 -111.49150196210879,40.01987691452598,0.0</coordinates>
                                </LinearRing>
                            </outerBoundaryIs>
                        </Polygon>
                        <Polygon>
                            <outerBoundaryIs>
                                <LinearRing>
                                    <coordinates>-111.49849359109038,40.029163238740516,0.0 -111.4985032791856,40.03049407996988,0.0 -111.49677205348452,40.03050151479414,0.0 -111.49676239903118,40.02917067321641,0.0 -111.49849359109038,40.029163238740516,0.0</coordinates>
                                </LinearRing>
                            </outerBoundaryIs>
                        </Polygon>
                        <Polygon>
                            <outerBoundaryIs>
                                <LinearRing>
                                    <coordinates>-111.4985129679253,40.03182492089069,0.0 -111.49852265730954,40.03315576150295,0.0 -111.49679136431796,40.03316319702397,0.0 -111.4967817085801,40.03183235606332,0.0 -111.4985129679253,40.03182492089069,0.0</coordinates>
                                </LinearRing>
                            </outerBoundaryIs>
                        </Polygon>
                        <Polygon>
                            <outerBoundaryIs>
                                <LinearRing>
                                    <coordinates>-111.5176171446771,40.039726442521676,0.0 -111.51762720818412,40.04105727736946,0.0 -111.51589572048395,40.04106499958048,0.0 -111.51588569063618,40.039734164370884,0.0 -111.5176171446771,40.039726442521676,0.0</coordinates>
                                </LinearRing>
                            </outerBoundaryIs>
                        </Polygon>
                        <Polygon>
                            <outerBoundaryIs>
                                <LinearRing>
                                    <coordinates>-111.5176674689077,40.046380613673314,0.0 -111.51767753576269,40.047711446977445,0.0 -111.51594587973258,40.04771917099767,0.0 -111.51593584654806,40.04638833733166,0.0 -111.5176674689077,40.046380613673314,0.0</coordinates>
                                </LinearRing>
                            </outerBoundaryIs>
                        </Polygon>
                        <Polygon>
                            <outerBoundaryIs>
                                <LinearRing>
                                    <coordinates>-111.52131323033637,40.0703200278637,0.0 -111.519581002909,40.07032780983611,0.0 -111.5195506690596,40.06633532583379,0.0 -111.52128279536832,40.06632754495492,0.0 -111.52127265172888,40.06499671670106,0.0 -111.52820101538562,40.06496533570117,0.0 -111.52818046054534,40.06230368120706,0.0 -111.52991248235928,40.0622957719627,0.0 -111.52990217227001,40.06096494462289,0.0 -111.53336614644836,40.0609490492038,0.0 -111.53338690209608,40.063610702085235,0.0 -111.53165484795943,40.06361866348589,0.0 -111.5316651931199,40.06494948983622,0.0 -111.5333972809557,40.06494152806262,0.0 -111.53340766050587,40.066272353731094,0.0 -111.53167553896871,40.0662803158777,0.0 -111.53168588550588,40.067611141610264,0.0 -111.53341804074667,40.06760317909068,0.0 -111.53344918561329,40.07159565331603,0.0 -111.53691369626878,40.07157964833838,0.0 -111.53692414669761,40.07291047171261,0.0 -111.5351918580039,40.072918487526955,0.0 -111.53520227541335,40.07424931096774,0.0 -111.53346995231175,40.07425730125505,0.0 -111.53348033669734,40.07558812476119,0.0 -111.53174797918773,40.07559608951905,0.0 -111.53175833054497,40.07692691308938,0.0 -111.52829354602298,40.07694276563621,0.0 -111.52830383062573,40.078273589640204,0.0 -111.52657140361543,40.07828147742551,0.0 -111.5265611527344,40.076950653052045,0.0 -111.52482875876377,40.07695851456278,0.0 -111.52481854228434,40.07562768951221,0.0 -111.52308618135348,40.0756355247508,0.0 -111.52305563713878,40.071643046645065,0.0 -111.52132337667582,40.07165085488236,0.0 -111.52131323033637,40.0703200278637,0.0</coordinates>
                                </LinearRing>
                            </outerBoundaryIs>
                        </Polygon>
                        <Polygon>
                            <outerBoundaryIs>
                                <LinearRing>
                                    <coordinates>-111.54392741116853,40.08219389381205,0.0 -111.54565993241141,40.08218574582044,0.0 -111.54564930847377,40.08085492650492,0.0 -111.55604421864021,40.08080549676976,0.0 -111.55610918727223,40.08879039413385,0.0 -111.55264381527519,40.08880697900571,0.0 -111.55262229113335,40.086145346233955,0.0 -111.55088967153507,40.08615359902343,0.0 -111.55090039951124,40.087484415950414,0.0 -111.54916774546237,40.08749264321207,0.0 -111.54917844041341,40.08882346021534,0.0 -111.54398037278861,40.08884798766254,0.0 -111.54392741116853,40.08219389381205,0.0</coordinates>
                                </LinearRing>
                            </outerBoundaryIs>
                        </Polygon>
                        <Polygon>
                            <outerBoundaryIs>
                                <LinearRing>
                                    <coordinates>-111.56129630873417,40.0874345081797,0.0 -111.56130723985709,40.08876532245995,0.0 -111.55957455638655,40.08877370560001,0.0 -111.55956365900232,40.087442890927136,0.0 -111.56129630873417,40.0874345081797,0.0</coordinates>
                                </LinearRing>
                            </outerBoundaryIs>
                        </Polygon>
                        <Polygon>
                            <outerBoundaryIs>
                                <LinearRing>
                                    <coordinates>-111.5613291042852,40.0914269500929,0.0 -111.56134003759051,40.092757763445604,0.0 -111.55960725289049,40.0927661477637,0.0 -111.55959635333058,40.09143533401831,0.0 -111.5613291042852,40.0914269500929,0.0</coordinates>
                                </LinearRing>
                            </outerBoundaryIs>
                        </Polygon>
                        <Polygon>
                            <outerBoundaryIs>
                                <LinearRing>
                                    <coordinates>-111.5700150529025,40.09404626413196,0.0 -111.57000395013215,40.09271545307016,0.0 -111.57346950999289,40.09269834748761,0.0 -111.57345834047122,40.091367536917716,0.0 -111.57519108554281,40.09135894565059,0.0 -111.5752246975794,40.095351375225185,0.0 -111.576957543147,40.09534275682962,0.0 -111.57696878240209,40.09667356566555,0.0 -111.57870166097338,40.09666492094393,0.0 -111.57873548449481,40.10065734438098,0.0 -111.57526952406755,40.1006746103276,0.0 -111.57525831632684,40.09934380201597,0.0 -111.57005947137304,40.099369505286504,0.0 -111.57003726065984,40.09670788532778,0.0 -111.57177014220946,40.096699344295914,0.0 -111.57174786695073,40.09403772390012,0.0 -111.5700150529025,40.09404626413196,0.0</coordinates>
                                </LinearRing>
                            </outerBoundaryIs>
                        </Polygon>
                        <Polygon>
                            <outerBoundaryIs>
                                <LinearRing>
                                    <coordinates>-111.5995195030458,40.09922076837729,0.0 -111.59778656611651,40.09922972500392,0.0 -111.59776327525066,40.09656811813785,0.0 -111.59949614467138,40.09655916235014,0.0 -111.5995195030458,40.09922076837729,0.0</coordinates>
                                </LinearRing>
                            </outerBoundaryIs>
                        </Polygon>
                        <Polygon>
                            <outerBoundaryIs>
                                <LinearRing>
                                    <coordinates>-111.6238169987102,40.10308504227731,0.0 -111.6220839715897,40.103094363151676,0.0 -111.62207185077935,40.10176356678577,0.0 -111.62380484413849,40.101754246347916,0.0 -111.6238169987102,40.10308504227731,0.0</coordinates>
                                </LinearRing>
                            </outerBoundaryIs>
                        </Polygon>
                        <Polygon>
                            <outerBoundaryIs>
                                <LinearRing>
                                    <coordinates>-111.599683098746,40.117851975897565,0.0 -111.59967140828326,40.116521177372576,0.0 -111.59100452077769,40.11656572837642,0.0 -111.59099300001665,40.11523492745559,0.0 -111.58925965399114,40.11524375942186,0.0 -111.58924816777947,40.113912957777956,0.0 -111.59098148002232,40.11390412622528,0.0 -111.59096996079465,40.11257332468548,0.0 -111.59270323849049,40.11256446760967,0.0 -111.59269168625133,40.11123366617515,0.0 -111.59442492940026,40.11122478357868,0.0 -111.59441334415406,40.10989398225062,0.0 -111.59614655275622,40.109885074135924,0.0 -111.59613493450752,40.10855427291553,0.0 -111.59960128184306,40.10853637972166,0.0 -111.5995895968252,40.10720557902971,0.0 -111.60478901067735,40.107178546008406,0.0 -111.60475365639046,40.103186145872996,0.0 -111.6030206205205,40.10319518154213,0.0 -111.6030088710886,40.101864380454636,0.0 -111.60474187319657,40.101855345208676,0.0 -111.60473009078683,40.10052454423474,0.0 -111.60646305835103,40.100515483486426,0.0 -111.60652214706235,40.10716948313813,0.0 -111.61172155148881,40.107142138938244,0.0 -111.61173347290298,40.10847293665908,0.0 -111.61346663989879,40.1084637696336,0.0 -111.61347859587929,40.10979456661547,0.0 -111.61521179585229,40.10978537322685,0.0 -111.61523577775291,40.1124469654004,0.0 -111.62043557553191,40.11241922703402,0.0 -111.62044766901772,40.11375002135719,0.0 -111.62218096711678,40.11374072292736,0.0 -111.62219309518909,40.115071516505296,0.0 -111.62045976330842,40.11508081537059,0.0 -111.62048395430465,40.11774240246809,0.0 -111.61875055404897,40.11775167626337,0.0 -111.61876261696624,40.119082469781745,0.0 -111.61702918211927,40.11909171806911,0.0 -111.61704121204868,40.12042251171081,0.0 -111.61530774261031,40.12043173448779,0.0 -111.61531973954737,40.12176252825165,0.0 -111.6118527306914,40.121780896835205,0.0 -111.61186466083619,40.1231116911495,0.0 -111.60666404021639,40.12313905072,0.0 -111.60664038348712,40.12047745921944,0.0 -111.60490690929194,40.12048652633488,0.0 -111.60489511589923,40.11915572969553,0.0 -111.6031616747103,40.11916477044388,0.0 -111.60314991589142,40.11783397307155,0.0 -111.599683098746,40.117851975897565,0.0</coordinates>
                                </LinearRing>
                            </outerBoundaryIs>
                        </Polygon>
                        <Polygon>
                            <outerBoundaryIs>
                                <LinearRing>
                                    <coordinates>-111.60840944455667,40.12446075166917,0.0 -111.60842130868967,40.125791546219446,0.0 -111.60668770009488,40.12580064098194,0.0 -111.60667586976194,40.124469846005795,0.0 -111.60840944455667,40.12446075166917,0.0</coordinates>
                                </LinearRing>
                            </outerBoundaryIs>
                        </Polygon>
                        <Polygon>
                            <outerBoundaryIs>
                                <LinearRing>
                                    <coordinates>-111.54803321259793,40.16202614223325,0.0 -111.54801181268921,40.15936454115325,0.0 -111.54454285078283,40.15938090743769,0.0 -111.54452158915203,40.15671930358852,0.0 -111.55492806002067,40.156669897601255,0.0 -111.55493889361813,40.15800069736728,0.0 -111.55667333677441,40.1579923717249,0.0 -111.55672768489386,40.164646363967094,0.0 -111.55325845923421,40.16466299316532,0.0 -111.55323685327943,40.162001395639294,0.0 -111.55150230710171,40.16200967048638,0.0 -111.55148077174654,40.15934807094862,0.0 -111.54974629257514,40.15935631904094,0.0 -111.54976776020713,40.162017919351044,0.0 -111.54803321259793,40.16202614223325,0.0</coordinates>
                                </LinearRing>
                            </outerBoundaryIs>
                        </Polygon>
                        <Polygon>
                            <outerBoundaryIs>
                                <LinearRing>
                                    <coordinates>-111.54109501505995,40.16205877393702,0.0 -111.53936046391145,40.16206686690653,0.0 -111.53934993291558,40.16073606461456,0.0 -111.54108445020105,40.16072797202392,0.0 -111.54109501505995,40.16205877393702,0.0</coordinates>
                                </LinearRing>
                            </outerBoundaryIs>
                        </Polygon>
                        <Polygon>
                            <outerBoundaryIs>
                                <LinearRing>
                                    <coordinates>-111.54629866427635,40.16203433913299,0.0 -111.54456411524465,40.16204251005021,0.0 -111.54455348265984,40.160711708898525,0.0 -111.54628799782866,40.160703538363826,0.0 -111.54629866427635,40.16203433913299,0.0</coordinates>
                                </LinearRing>
                            </outerBoundaryIs>
                        </Polygon>
                        <Polygon>
                            <outerBoundaryIs>
                                <LinearRing>
                                    <coordinates>-111.53591228814251,40.16474458006248,0.0 -111.53592275350206,40.16607538218124,0.0 -111.53418809865393,40.166083398328546,0.0 -111.53417766716433,40.164752595834514,0.0 -111.53591228814251,40.16474458006248,0.0</coordinates>
                                </LinearRing>
                            </outerBoundaryIs>
                        </Polygon>
                        <Polygon>
                            <outerBoundaryIs>
                                <LinearRing>
                                    <coordinates>-111.54631999930213,40.16469593974374,0.0 -111.5463306678803,40.16602673958531,0.0 -111.54459601724646,40.166034911650215,0.0 -111.54458538253792,40.16470411142606,0.0 -111.54631999930213,40.16469593974374,0.0</coordinates>
                                </LinearRing>
                            </outerBoundaryIs>
                        </Polygon>
                        <Polygon>
                            <outerBoundaryIs>
                                <LinearRing>
                                    <coordinates>-111.5376679075819,40.167398141480774,0.0 -111.53764690842398,40.164736538305334,0.0 -111.54111614688786,40.16472037683577,0.0 -111.54112671385697,40.166051177821416,0.0 -111.53939206110583,40.16605927192766,0.0 -111.53940259490639,40.167390072983096,0.0 -111.5376679075819,40.167398141480774,0.0</coordinates>
                                </LinearRing>
                            </outerBoundaryIs>
                        </Polygon>
                        <Polygon>
                            <outerBoundaryIs>
                                <LinearRing>
                                    <coordinates>-111.54634133716877,40.16735753911771,0.0 -111.54635200716754,40.16868833834093,0.0 -111.54288256969964,40.16870465801248,0.0 -111.54287196744922,40.167373858025286,0.0 -111.54634133716877,40.16735753911771,0.0</coordinates>
                                </LinearRing>
                            </outerBoundaryIs>
                        </Polygon>
                        <Polygon>
                            <outerBoundaryIs>
                                <LinearRing>
                                    <coordinates>-111.62636849412456,40.19223828756669,0.0 -111.62638073775254,40.19356906198617,0.0 -111.62291008222654,40.19358778919059,0.0 -111.62289790642744,40.19225701389458,0.0 -111.62636849412456,40.19223828756669,0.0</coordinates>
                                </LinearRing>
                            </outerBoundaryIs>
                        </Polygon>
                        <Polygon>
                            <outerBoundaryIs>
                                <LinearRing>
                                    <coordinates>-111.55032692321632,40.231219093218726,0.0 -111.5503376953381,40.23254987682738,0.0 -111.54860134977216,40.23255812013377,0.0 -111.54859061163283,40.23122733613937,0.0 -111.55032692321632,40.231219093218726,0.0</coordinates>
                                </LinearRing>
                            </outerBoundaryIs>
                        </Polygon>
                        <Polygon>
                            <outerBoundaryIs>
                                <LinearRing>
                                    <coordinates>-111.43592524303952,40.26231572678748,0.0 -111.43593378528776,40.26364652614587,0.0 -111.43419661507905,40.263653057312254,0.0 -111.43418810686856,40.26232225764828,0.0 -111.43592524303952,40.26231572678748,0.0</coordinates>
                                </LinearRing>
                            </outerBoundaryIs>
                        </Polygon>
                        <Polygon>
                            <outerBoundaryIs>
                                <LinearRing>
                                    <coordinates>-111.58215052659308,40.29760471035285,0.0 -111.57867452548716,40.29762214853277,0.0 -111.57866317265736,40.296291386434845,0.0 -111.5821391055781,40.296273949070624,0.0 -111.58215052659308,40.29760471035285,0.0</coordinates>
                                </LinearRing>
                            </outerBoundaryIs>
                        </Polygon>
                        <Polygon>
                            <outerBoundaryIs>
                                <LinearRing>
                                    <coordinates>-111.59452651317982,40.32149645239102,0.0 -111.5910492947109,40.32151427105199,0.0 -111.59103768932316,40.320183517407635,0.0 -111.59451483952586,40.32016569958005,0.0 -111.59452651317982,40.32149645239102,0.0</coordinates>
                                </LinearRing>
                            </outerBoundaryIs>
                        </Polygon>
                        <Polygon>
                            <outerBoundaryIs>
                                <LinearRing>
                                    <coordinates>-111.59453818761168,40.32282720489209,0.0 -111.5945615388094,40.32548870896452,0.0 -111.59282282754991,40.32549763261098,0.0 -111.5927995446297,40.322836127703866,0.0 -111.59453818761168,40.32282720489209,0.0</coordinates>
                                </LinearRing>
                            </outerBoundaryIs>
                        </Polygon>
                        <Polygon>
                            <outerBoundaryIs>
                                <LinearRing>
                                    <coordinates>-111.46099569539066,40.37267648714285,0.0 -111.46100476418238,40.374007256465575,0.0 -111.45926476914528,40.37401417953014,0.0 -111.45925573457946,40.37268340988372,0.0 -111.46099569539066,40.37267648714285,0.0</coordinates>
                                </LinearRing>
                            </outerBoundaryIs>
                        </Polygon>
                        <Polygon>
                            <outerBoundaryIs>
                                <LinearRing>
                                    <coordinates>-111.65120700278328,40.78961771071131,0.0 -111.65295774316995,40.7896078170376,0.0 -111.65299685150806,40.79359970470526,0.0 -111.65474769586429,40.7935897830834,0.0 -111.65476076867137,40.79492041122057,0.0 -111.65651164710536,40.79491046257114,0.0 -111.65649853934676,40.793579834898004,0.0 -111.65824938195313,40.79356986014911,0.0 -111.6582625246632,40.79490048735696,0.0 -111.66351515205636,40.794870402326374,0.0 -111.66352840050595,40.79620102781956,0.0 -111.66703021758475,40.796180837367764,0.0 -111.6670435368316,40.79751146160778,0.0 -111.66879447899252,40.7975013260605,0.0 -111.66880783408777,40.7988319495163,0.0 -111.67055881031406,40.79882178692806,0.0 -111.67058559310578,40.8014830319572,0.0 -111.66883454695648,40.8014931954935,0.0 -111.66884790473009,40.80282381801488,0.0 -111.67235006606349,40.802803463422286,0.0 -111.67237692416347,40.80546470563182,0.0 -111.66887462295612,40.80548506212326,0.0 -111.66890134475439,40.8081463049857,0.0 -111.66715012286343,40.80815644431563,0.0 -111.66716345012554,40.80948706575255,0.0 -111.6654121923669,40.80949717897725,0.0 -111.6653989000816,40.80816655706865,0.0 -111.66364767641127,40.80817664324475,0.0 -111.66363441998907,40.8068460205543,0.0 -111.6618832304072,40.80685607968424,0.0 -111.66189645185476,40.808186702843855,0.0 -111.6566427728915,40.808216722178926,0.0 -111.65662965636825,40.80688609761921,0.0 -111.64787368213256,40.80693559599243,0.0 -111.64786074134956,40.80560496881274,0.0 -111.64610957887074,40.80561478830127,0.0 -111.64612248468084,40.80694541593897,0.0 -111.6443712863664,40.806955209309386,0.0 -111.64439703062195,40.80961646456463,0.0 -111.64264576149402,40.809626232269984,0.0 -111.64265859993253,40.81095685988635,0.0 -111.64440990404049,40.81094709172541,0.0 -111.64443565345942,40.81360834511327,0.0 -111.64618702667374,40.81359854945875,0.0 -111.64619993766125,40.81492917522897,0.0 -111.64795134499944,40.81491935253402,0.0 -111.64796429183934,40.81624997753484,0.0 -111.65146717389528,40.81623025147443,0.0 -111.65151924987101,40.82155274468464,0.0 -111.64100975345208,40.82161161482974,0.0 -111.6409841336933,40.818950363356386,0.0 -111.63572958387694,40.81897943675419,0.0 -111.63575499364907,40.821640690939525,0.0 -111.6217422636381,40.82171705727017,0.0 -111.62175468978516,40.82304768745771,0.0 -111.5919768684374,40.82320432275776,0.0 -111.59198870033437,40.824534959939484,0.0 -111.56221005529197,40.82468391706275,0.0 -111.56222129284198,40.82601456088084,0.0 -111.5324418355284,40.82615583894449,0.0 -111.53245247863543,40.827486489041064,0.0 -111.50267222047718,40.82762008717078,0.0 -111.50268226904613,40.8289507431879,0.0 -111.49742680384378,40.828973522470456,0.0 -111.49741686032044,40.827642865391006,0.0 -111.46062917523824,40.82779561030127,0.0 -111.46061996766231,40.82646494578844,0.0 -111.45361289816327,40.82649270886196,0.0 -111.45357663414606,40.82117004253546,0.0 -111.4518250052832,40.82117691552904,0.0 -111.45181597579655,40.81984624785293,0.0 -111.4500643813325,40.8198530939351,0.0 -111.45005538744968,40.818522425630135,0.0 -111.4465522667205,40.81853603738697,0.0 -111.44654334343474,40.81720536813763,0.0 -111.44304029031525,40.817218872905805,0.0 -111.44301373399685,40.8132268614112,0.0 -111.4412623115283,40.813233572973395,0.0 -111.44123586549448,40.80924155775437,0.0 -111.44298718300392,40.80923484713124,0.0 -111.44296948529995,40.80657350273053,0.0 -111.4447207322569,40.80656676615478,0.0 -111.44470296696731,40.80390542114456,0.0 -111.4464541433789,40.80389865862113,0.0 -111.4464452266525,40.80256798596723,0.0 -111.4481963674958,40.80256119718441,0.0 -111.44817846589368,40.79989985158137,0.0 -111.45343167501235,40.79987932769902,0.0 -111.45342262021344,40.79854865539056,0.0 -111.4551736537472,40.79854176127352,0.0 -111.45516456459087,40.79721108897709,0.0 -111.45341356601979,40.797217982772565,0.0 -111.45340451243133,40.79588730984504,0.0 -111.45515547604208,40.79588041637112,0.0 -111.45514638810077,40.79454974345561,0.0 -111.45689731614608,40.79454282373599,0.0 -111.45684259155439,40.78655878167898,0.0 -111.45859330929154,40.786551837335985,0.0 -111.45857500275676,40.78389048815513,0.0 -111.4603256500014,40.783883517902716,0.0 -111.46028890453906,40.7785608171269,0.0 -111.45678788890487,40.778574728478404,0.0 -111.45681523748748,40.7825667564716,0.0 -111.44806216379614,40.78260107498615,0.0 -111.4480889937727,40.78659310499655,0.0 -111.44633827241354,40.78659988998042,0.0 -111.446356092163,40.789261242406326,0.0 -111.44460530031759,40.7892680014608,0.0 -111.4446141761368,40.790598677524855,0.0 -111.44286334874921,40.79060541033094,0.0 -111.44288103226269,40.793266762158794,0.0 -111.44113013437921,40.793273469026836,0.0 -111.44115655920741,40.79726549538633,0.0 -111.43940555586016,40.797272176623046,0.0 -111.43941433035083,40.79860285176896,0.0 -111.43591225197291,40.79861613515208,0.0 -111.43593836915778,40.80260816059213,0.0 -111.43418722419132,40.802614763350704,0.0 -111.43419589611105,40.803945438186524,0.0 -111.42719117058138,40.803971584690146,0.0 -111.42719970318099,40.80530226043615,0.0 -111.42544848539174,40.80530873092308,0.0 -111.42545698358434,40.80663940666154,0.0 -111.4237057302496,40.80664585087143,0.0 -111.42371419403052,40.807976526601124,0.0 -111.4202116157063,40.807989335881736,0.0 -111.42022001008866,40.80932001189954,0.0 -111.407960723524,40.809364009157626,0.0 -111.4079525740183,40.80803333108772,0.0 -111.40620128015078,40.80803950979604,0.0 -111.40613638348985,40.797394071799175,0.0 -111.40788739758115,40.79738789539602,0.0 -111.40784668000366,40.79073448803891,0.0 -111.40959751876653,40.79072828651191,0.0 -111.40958116564823,40.78806692198311,0.0 -111.40783039678261,40.78807312293157,0.0 -111.40782225598834,40.786742439914086,0.0 -111.40607152152371,40.786748614012794,0.0 -111.40606341621637,40.78541793039812,0.0 -111.40431271615282,40.78542407764954,0.0 -111.40430464632774,40.784093393438894,0.0 -111.40080331446597,40.78410560769403,0.0 -111.40079531505675,40.78277492260445,0.0 -111.39904468326097,40.78278098961183,0.0 -111.39903671932238,40.78145030393007,0.0 -111.39728612193032,40.78145634409878,0.0 -111.39727026551496,40.77879497124434,0.0 -111.39551973745806,40.77880098429633,0.0 -111.39548028031342,40.77214754534816,0.0 -111.39372992635114,40.77215353045071,0.0 -111.39369850978319,40.76683077261152,0.0 -111.39194829495177,40.766836730055175,0.0 -111.3919404770301,40.76550603954475,0.0 -111.39019029658436,40.765511970169605,0.0 -111.390182514091,40.76418127907341,0.0 -111.38843236803099,40.76418718288191,0.0 -111.38842462096125,40.762856491201234,0.0 -111.38667450928709,40.76286236819583,0.0 -111.38666679763631,40.761531675931934,0.0 -111.38316664254681,40.76154334976103,0.0 -111.38315900120932,40.76021265664348,0.0 -111.38140895779644,40.760218453481656,0.0 -111.3814013518663,40.758887759784635,0.0 -111.37965134284184,40.758893529817534,0.0 -111.37963620229283,40.75623214095813,0.0 -111.37788626254901,40.75623788392026,0.0 -111.3778787279231,40.754907188759155,0.0 -111.37612882256558,40.75491290492218,0.0 -111.37612132333066,40.75358220918541,0.0 -111.3743714523595,40.7535878985518,0.0 -111.3743639885109,40.75225720224065,0.0 -111.37261415192617,40.752262864812856,0.0 -111.37260672345926,40.75093216792856,0.0 -111.37085692126105,40.75093780370906,0.0 -111.3708421355752,40.7482764084878,0.0 -111.36909240264193,40.74828201721735,0.0 -111.36908504541599,40.746951318881656,0.0 -111.36733534686708,40.74695690082568,0.0 -111.36732070363506,40.74429550270673,0.0 -111.36557107434201,40.74430105760848,0.0 -111.3655637883289,40.742970357826486,0.0 -111.36381419341811,40.74297588594888,0.0 -111.3637996925836,40.740314484942424,0.0 -111.36205016691959,40.74031998603124,0.0 -111.36204295209117,40.73898928480803,0.0 -111.36029346080726,40.73899475912365,0.0 -111.36028628132077,40.73766405733617,0.0 -111.35853682441702,40.73766950488107,0.0 -111.35852253659596,40.73500809987125,0.0 -111.3567731489277,40.73501352039497,0.0 -111.35675893271943,40.73235211364401,0.0 -111.35500961427985,40.7323575071515,0.0 -111.35500254173643,40.73102680306113,0.0 -111.35325325767265,40.73103216980779,0.0 -111.35324622044779,40.72970146515819,0.0 -111.35149697075987,40.72970680514646,0.0 -111.35148296740581,40.72704539442263,0.0 -111.3497337869353,40.72705070740706,0.0 -111.34962238458563,40.70575937318928,0.0 -111.35137100790934,40.705754064170364,0.0 -111.35128711678618,40.689785514613035,0.0 -111.35303532217361,40.689780182095724,0.0 -111.35295809864117,40.6751423086867,0.0 -111.35470592117373,40.67513695244926,0.0 -111.3546213251739,40.659168323675246,0.0 -111.35636873040802,40.659162943994794,0.0 -111.35629086181035,40.64452499799898,0.0 -111.3580378847735,40.6445195946515,0.0 -111.35795258623376,40.62855088672299,0.0 -111.35969919253522,40.62854545998783,0.0 -111.35961354645914,40.61257671065349,0.0 -111.36135973643077,40.61257126055882,0.0 -111.36128090687603,40.59793320409219,0.0 -111.36302671546332,40.597927730410596,0.0 -111.36294756314747,40.58328963941212,0.0 -111.3646929906285,40.583284142169504,0.0 -111.3646062939951,40.567315276118386,0.0 -111.36635130608465,40.56730975559849,0.0 -111.36627151510471,40.552671592184105,0.0 -111.36801614666888,40.55266604815609,0.0 -111.36793603448021,40.53802785025219,0.0 -111.36968028579635,40.53802228274193,0.0 -111.3696364059932,40.53003779698155,0.0 -111.37312449310883,40.53002658611332,0.0 -111.37313187418623,40.53135733398772,0.0 -111.37487595150479,40.531351688805806,0.0 -111.37488336757539,40.53268243610793,0.0 -111.37139514344435,40.532693700674,0.0 -111.37140249100386,40.53402444819375,0.0 -111.37314663781866,40.53401882881081,0.0 -111.37315402037378,40.535349575759454,0.0 -111.37489820120123,40.535343929786364,0.0 -111.37492045535224,40.53933616798955,0.0 -111.37666473921423,40.53933049489388,0.0 -111.37667219276908,40.54066124007941,0.0 -111.37492787439264,40.540666913440084,0.0 -111.37493529392815,40.54199765858201,0.0 -111.37667964682133,40.54199198495631,0.0 -111.37668710137102,40.5433227295246,0.0 -111.37843148828576,40.5433170292989,0.0 -111.37843897785423,40.54464777329229,0.0 -111.38018339879046,40.54464204646414,0.0 -111.3802285538749,40.552626502337944,0.0 -111.38371780859003,40.55261496644061,0.0 -111.38372540527014,40.55394570746711,0.0 -111.38721472703196,40.55393406565204,0.0 -111.3872223932982,40.555264805826084,0.0 -111.39071178209258,40.5552530580836,0.0 -111.39070404674736,40.553922318458255,0.0 -111.39244870583188,40.5539164053444,0.0 -111.39244093646573,40.55258566568653,0.0 -111.39418556049463,40.552579726505485,0.0 -111.39420116882197,40.55524120495766,0.0 -111.39594586140649,40.55523523887595,0.0 -111.39595370089309,40.55656597736025,0.0 -111.39769842749608,40.55655998465285,0.0 -111.39771417712912,40.559221460135326,0.0 -111.39945897229667,40.55921544051863,0.0 -111.39948270434073,40.563207650583,0.0 -111.39773780552073,40.56321367104323,0.0 -111.39774568270266,40.564544407394976,0.0 -111.40298048124237,40.564526266107634,0.0 -111.40298846262309,40.565857001303286,0.0 -111.40473342896499,40.56585090121394,0.0 -111.40474946244676,40.56851237010891,0.0 -111.40300442698272,40.5685184707681,0.0 -111.4030124099617,40.56984920503729,0.0 -111.40475747999027,40.56984310409317,0.0 -111.40476549806893,40.571173837768576,0.0 -111.40651060212913,40.571167710179076,0.0 -111.40653476329054,40.575159908493646,0.0 -111.40827997052736,40.57515375368143,0.0 -111.40828805989898,40.576484485547795,0.0 -111.41003330117182,40.57647830408279,0.0 -111.41004955069377,40.5791397663115,0.0 -111.41179486058306,40.57913355790132,0.0 -111.41181934268909,40.58312574805786,0.0 -111.413564755789,40.58311951240636,0.0 -111.4135975445968,40.58844242712549,0.0 -111.41534309552215,40.588436163932734,0.0 -111.415384266863,40.59508979891823,0.0 -111.41712999025617,40.59508350788043,0.0 -111.41713826078389,40.596414233656915,0.0 -111.41888401823535,40.596407915941654,0.0 -111.41889232392786,40.59773864111415,0.0 -111.42063811543753,40.59773229671897,0.0 -111.42065479771823,40.6003937455445,0.0 -111.43112995039435,40.60035512148511,0.0 -111.4311385000865,40.601685843630754,0.0 -111.4416138399312,40.60164626778493,0.0 -111.44160508252406,40.60031554748726,0.0 -111.4433509358464,40.60030885946621,0.0 -111.44334214440718,40.598978139171706,0.0 -111.44683378005556,40.59896468459691,0.0 -111.44682491997455,40.59763396462154,0.0 -111.4433333535548,40.59764741856805,0.0 -111.44332456328928,40.596316697655276,0.0 -111.43983306374645,40.596330045440325,0.0 -111.43981562341017,40.593668601440775,0.0 -111.44330698451847,40.593655254902274,0.0 -111.44329819601312,40.592324533062076,0.0 -111.43980690411517,40.592337878977325,0.0 -111.43979818540218,40.59100715620479,0.0 -111.43805257318193,40.59101378928318,0.0 -111.43802652432959,40.587021618181694,0.0 -111.43628101532472,40.58702822395611,0.0 -111.43626372150608,40.58436677439274,0.0 -111.43451828110922,40.584373353177895,0.0 -111.43449244847027,40.58038117559317,0.0 -111.43623778510657,40.580374597729644,0.0 -111.4362204970587,40.57771314507559,0.0 -111.43447522958455,40.577719722324744,0.0 -111.43446662100364,40.57638899522697,0.0 -111.43621185390018,40.576382418284986,0.0 -111.43620321131853,40.575051691185315,0.0 -111.4344580129973,40.57505826782015,0.0 -111.43442358671682,40.56973535510246,0.0 -111.4361686467599,40.56972877969611,0.0 -111.43615136794074,40.56706732209721,0.0 -111.43789635828199,40.56706072094872,0.0 -111.4378269896566,40.55641488065776,0.0 -111.43957170301097,40.556408255628895,0.0 -111.43956299999604,40.55507752451127,0.0 -111.441307678229,40.555070873446645,0.0 -111.44129894125658,40.55374014233063,0.0 -111.44478822689443,40.5537267617909,0.0 -111.44477942143327,40.5523960309908,0.0 -111.4430348134429,40.55240273411953,0.0 -111.44302604310292,40.55107200269726,0.0 -111.44477061655972,40.55106529988163,0.0 -111.4447530085753,40.548403836736064,0.0 -111.44649751238435,40.5483971082076,0.0 -111.44648867474679,40.5470663764855,0.0 -111.45346654595596,40.54703920025203,0.0 -111.45345757081132,40.54570846949022,0.0 -111.45520200259786,40.54570160990821,0.0 -111.45519299353033,40.544370879157675,0.0 -111.45693739019393,40.54436399356096,0.0 -111.4569102630468,40.54037180041939,0.0 -111.4586545555556,40.54036488945611,0.0 -111.45864547986749,40.53903415811343,0.0 -111.46562250577377,40.53900625225045,0.0 -111.46565936441355,40.544329170551585,0.0 -111.46740375742169,40.54432212694475,0.0 -111.46741300814048,40.545652855417984,0.0 -111.46915743505276,40.54564578514597,0.0 -111.46919458221063,40.550968694625475,0.0 -111.46745001718962,40.55097576621861,0.0 -111.46745927099563,40.552306493145686,0.0 -111.47269306779552,40.552285198348514,0.0 -111.4727024258247,40.55361592397168,0.0 -111.47095779297767,40.55362304891245,0.0 -111.47096711709393,40.554953774559124,0.0 -111.47271178447842,40.55494664928556,0.0 -111.47272114375674,40.556277374290154,0.0 -111.47446584505637,40.55627022233786,0.0 -111.47448463457332,40.55893167075105,0.0 -111.47622940433223,40.55892449178228,0.0 -111.47623883457783,40.56025521518961,0.0 -111.47798363825396,40.56024800953597,0.0 -111.47799310367776,40.561578732297434,0.0 -111.47973794127101,40.561571499956486,0.0 -111.47974744187766,40.5629022220708,0.0 -111.48149231338792,40.56289496304007,0.0 -111.48156861756402,40.57354072610513,0.0 -111.48331376492894,40.57353343799992,0.0 -111.48335207059918,40.57885631074575,0.0 -111.48684264001066,40.57884165271211,0.0 -111.48685228718816,40.58017236944049,0.0 -111.48859760551005,40.580165000529604,0.0 -111.48860728791466,40.5814957166044,0.0 -111.49209799178354,40.5814808989872,0.0 -111.49210774400524,40.58281161406057,0.0 -111.49559851444103,40.582796690270456,0.0 -111.49560833648889,40.584127404337366,0.0 -111.49735375531209,40.58411990253671,0.0 -111.49738332916617,40.588112041829355,0.0 -111.50087437238885,40.58809695700075,0.0 -111.50085451745522,40.58543553252401,0.0 -111.49910906536049,40.58544308742019,0.0 -111.49905961254684,40.57878951904735,0.0 -111.49731433271768,40.578797045813225,0.0 -111.49730447871356,40.577466330858556,0.0 -111.49555923280492,40.57747383090772,0.0 -111.4955494140345,40.57614311529331,0.0 -111.50078504605717,40.576120537104664,0.0 -111.50076520304742,40.573459107056124,0.0 -111.49902006217724,40.57346665877758,0.0 -111.49900029095176,40.570805226785595,0.0 -111.49725521855744,40.570812751442666,0.0 -111.4972749206472,40.57347418413753,0.0 -111.49552977845961,40.57348168313596,0.0 -111.49550033001147,40.5694895325788,0.0 -111.49375529086907,40.56949700416877,0.0 -111.49374551059213,40.56816628634843,0.0 -111.48851049294433,40.56818854193145,0.0 -111.48842343268986,40.55621205826977,0.0 -111.48667873647031,40.55621942098841,0.0 -111.48666910087557,40.554888698690604,0.0 -111.48841376255581,40.554881336315866,0.0 -111.48840409306707,40.55355061405255,0.0 -111.49014871956498,40.55354322567846,0.0 -111.49013901618686,40.55221250345083,0.0 -111.50060655428732,40.552167622096995,0.0 -111.50061646487246,40.553498342228245,0.0 -111.50410570804155,40.55348317033385,0.0 -111.50411568836134,40.554813889446926,0.0 -111.50760499793937,40.55479861146715,0.0 -111.50761504800286,40.556129329557095,0.0 -111.51459379724692,40.55609845602636,0.0 -111.51465494083659,40.564082749412194,0.0 -111.5163998337331,40.564074962984634,0.0 -111.51642028948287,40.56673639090888,0.0 -111.52165517140212,40.56671287131394,0.0 -111.52166550397853,40.56804358371312,0.0 -111.52341049780124,40.568035690769555,0.0 -111.52332758008752,40.55738998585362,0.0 -111.52158286267286,40.55739787584858,0.0 -111.52157253561171,40.55606716097196,0.0 -111.51808316779844,40.556082861189495,0.0 -111.51809342577816,40.557413576799455,0.0 -111.51634870630274,40.5574213877553,0.0 -111.51631803803265,40.553429238902126,0.0 -111.51457342149051,40.55343702242082,0.0 -111.51456323463212,40.55210630515364,0.0 -111.51281865194413,40.55211406196726,0.0 -111.51280850029721,40.55078334402817,0.0 -111.51106395146344,40.55079107413914,0.0 -111.51105383502339,40.54946035552941,0.0 -111.50930932004394,40.54946805894019,0.0 -111.50929923880615,40.54813733966107,0.0 -111.50755475768115,40.5481450163741,0.0 -111.50753466627123,40.54548357617007,0.0 -111.5057902535234,40.54549122583049,0.0 -111.50578024334433,40.544160504906856,0.0 -111.50229148488779,40.544175724510104,0.0 -111.50227160460142,40.541514280312505,0.0 -111.50052729341105,40.54152184990541,0.0 -111.50051738877639,40.54019112698879,0.0 -111.49877311143871,40.5401986698974,0.0 -111.4987632419763,40.53886794631897,0.0 -111.4970189984914,40.538875462545754,0.0 -111.49700916419665,40.53754473830679,0.0 -111.49526495456463,40.53755222785417,0.0 -111.49525515543294,40.53622150295592,0.0 -111.49874350502714,40.53620649823377,0.0 -111.4987336375403,40.53487577372698,0.0 -111.50571019079123,40.53484544977493,0.0 -111.50570018595455,40.5335147263752,0.0 -111.50918838957969,40.533499407160505,0.0 -111.50917831641135,40.532168684166855,0.0 -111.51266644834875,40.53215326037505,0.0 -111.51265630685813,40.530822537792346,0.0 -111.51440033731576,40.53081478677383,0.0 -111.51439016200702,40.52948406424367,0.0 -111.51090216940477,40.52949953923588,0.0 -111.5108819587896,40.52683809180108,0.0 -111.51262588644617,40.52683036818695,0.0 -111.51261574766197,40.52549964436606,0.0 -111.50912796065059,40.52551506455572,0.0 -111.50909775525702,40.52152288907481,0.0 -111.5073539641928,40.52153055861916,0.0 -111.50734393155066,40.520199832481545,0.0 -111.509087688136,40.52019216329548,0.0 -111.50907762168667,40.51886143720666,0.0 -111.5055901767998,40.51887674855133,0.0 -111.50558017997066,40.51754602143769,0.0 -111.50209280136451,40.5175612268282,0.0 -111.50208287414657,40.51623049869475,0.0 -111.50033921832095,40.51623806157204,0.0 -111.50032932623519,40.51490733277583,0.0 -111.49858570421948,40.51491486899245,0.0 -111.49854628033236,40.50959194930514,0.0 -111.49680279551589,40.5095994578111,0.0 -111.49679297564639,40.50826872676496,0.0 -111.49504952463326,40.50827620861887,0.0 -111.49503973987512,40.50694547691379,0.0 -111.49329632266544,40.5069529321181,0.0 -111.49327682401311,40.50429146708324,0.0 -111.49502017231713,40.504284012575525,0.0 -111.49499082587512,40.50029181374786,0.0 -111.49673407018534,40.50028433399102,0.0 -111.49671444027082,40.49762286725801,0.0 -111.49845761504373,40.49761536190866,0.0 -111.4984477666308,40.496284628428754,0.0 -111.50019090630894,40.49627709713989,0.0 -111.50016126171236,40.492284895899516,0.0 -111.50190429743192,40.49227733937979,0.0 -111.50189438278953,40.49094660536729,0.0 -111.5036373834192,40.490939022915434,0.0 -111.50362743501204,40.489608288947814,0.0 -111.50537040055193,40.48960068056629,0.0 -111.50536041838456,40.488269946644735,0.0 -111.50710334883476,40.488262312336026,0.0 -111.5070933329118,40.486931578461764,0.0 -111.51232201698012,40.4869085189173,0.0 -111.51231189846804,40.485577785811074,0.0 -111.50882617859843,40.485593184402575,0.0 -111.50881612959479,40.484262450267344,0.0 -111.50533047587744,40.48427774302356,0.0 -111.50531051753472,40.4816162723957,0.0 -111.50182499880856,40.48163145861663,0.0 -111.50179527273308,40.477639248225536,0.0 -111.48436867205,40.4777135923066,0.0 -111.48433042253626,40.47239062689235,0.0 -111.48258789652269,40.4723979154358,0.0 -111.48256884437929,40.4697364301921,0.0 -111.48431130160601,40.46972914232982,0.0 -111.48430174209739,40.468398399584714,0.0 -111.48604416429653,40.46839108579837,0.0 -111.48603457103785,40.46706034308581,0.0 -111.48429218322633,40.46706765653038,0.0 -111.48426351043828,40.46307542551206,0.0 -111.48252122513854,40.46308271167167,0.0 -111.48249266121579,40.459090476848964,0.0 -111.48075047840973,40.459097735731085,0.0 -111.48071253954168,40.45377475028191,0.0 -111.48245458487476,40.453767492756626,0.0 -111.48240700373054,40.447113755684526,0.0 -111.48414887663938,40.44710647360994,0.0 -111.48412977992406,40.444444977297515,0.0 -111.48064617087141,40.44445951384278,0.0 -111.48063669216178,40.44312876454342,0.0 -111.47715314927363,40.44314319544385,0.0 -111.47716255929016,40.44447394541771,0.0 -111.47542075255703,40.444481121841214,0.0 -111.47540200184245,40.44181962091358,0.0 -111.4736602631751,40.44182677042607,0.0 -111.47365092309771,40.44049601916443,0.0 -111.47190921814959,40.440503142103765,0.0 -111.4718999130349,40.43917239020012,0.0 -111.46841656995912,40.439186556699475,0.0 -111.46844428111169,40.443178813469665,0.0 -111.46670250562192,40.44318585835027,0.0 -111.46666569601494,40.437862847388274,0.0 -111.4684073341402,40.43785580382461,0.0 -111.46839809893714,40.43652505064072,0.0 -111.47013970211114,40.43651798117084,0.0 -111.47013043319086,40.43518722800831,0.0 -111.4718720014137,40.435180132634684,0.0 -111.47182549445186,40.42852636384417,0.0 -111.48053246806424,40.4284905018466,0.0 -111.48054193982335,40.42982125454653,0.0 -111.48228336698153,40.42981400312434,0.0 -111.48229287369585,40.43114475517622,0.0 -111.48403433454367,40.43113747718479,0.0 -111.48405341852818,40.43379897968068,0.0 -111.48579494739359,40.43379167477614,0.0 -111.48583326033436,40.43911467469211,0.0 -111.48757492589611,40.43910734218412,0.0 -111.48760377033452,40.44309958784643,0.0 -111.49282907223879,40.44307742979046,0.0 -111.49281935375295,40.441746682581154,0.0 -111.4945610854173,40.44173924442777,0.0 -111.49455133323796,40.44040849725687,0.0 -111.49629302991043,40.44040103321246,0.0 -111.49619520058783,40.427093547982565,0.0 -111.4944538472046,40.42710100853908,0.0 -111.49444410217617,40.425770257966484,0.0 -111.4909614620953,40.425785099706445,0.0 -111.49095178634491,40.42445434813089,0.0 -111.48921049964972,40.424461729317976,0.0 -111.48920085885639,40.423130977088206,0.0 -111.48745960583027,40.423138331707456,0.0 -111.48744039478913,40.42047682563281,0.0 -111.4856992097396,40.42048415334413,0.0 -111.48567050088967,40.4164918908859,0.0 -111.48741158303065,40.41648456420212,0.0 -111.48740198039182,40.41515380977357,0.0 -111.48914302759427,40.41514645721677,0.0 -111.48912375564773,40.412484948119555,0.0 -111.49434668762244,40.412462735233184,0.0 -111.49435642615515,40.413793488897994,0.0 -111.49609743647797,40.41378603182803,0.0 -111.49605834908263,40.40846301670784,0.0 -111.49431747591996,40.408470472383556,0.0 -111.49430773998415,40.40713971748195,0.0 -111.4890852194636,40.40716192621516,0.0 -111.48907558702331,40.40583116996617,0.0 -111.48211235447756,40.40586041332944,0.0 -111.48212184978865,40.40719117094553,0.0 -111.47864016114339,40.4072056360614,0.0 -111.47864958851814,40.408536394044596,0.0 -111.47516782878908,40.40855075499862,0.0 -111.47515846998398,40.40721999634408,0.0 -111.4716767763287,40.407234251793376,0.0 -111.47166748671285,40.40590349216338,0.0 -111.46992667323767,40.40591058024406,0.0 -111.46991741852158,40.40457981997371,0.0 -111.46817663870979,40.40458688151706,0.0 -111.4681674188889,40.40325612060757,0.0 -111.46468592597992,40.4032701644197,0.0 -111.46467677532561,40.401939402544706,0.0 -111.4611953485283,40.40195334088586,0.0 -111.4611862670316,40.40062257805031,0.0 -111.45944558699739,40.40062950759145,0.0 -111.45943654037768,40.399298744122994,0.0 -111.45769589401189,40.399305647138945,0.0 -111.45768688226464,40.39797488303887,0.0 -111.45420565627158,40.39798860982518,0.0 -111.4541967136593,40.39665784477449,0.0 -111.45071555381573,40.39667146612358,0.0 -111.45070668032942,40.3953407001272,0.0 -111.44896613378404,40.39534747118681,0.0 -111.44895729515197,40.39401670456503,0.0 -111.44547626882114,40.39403016746164,0.0 -111.44545873036199,40.391368632032794,0.0 -111.4437182848372,40.39137532356056,0.0 -111.44370955074048,40.39004455507009,0.0 -111.44022872645834,40.39005785892123,0.0 -111.44022006145137,40.38872708949997,0.0 -111.43847968269644,40.38873370182697,0.0 -111.43846242291616,40.3860721614399,0.0 -111.43672211208671,40.38607874695932,0.0 -111.43670492309926,40.38341720472147,0.0 -111.43496468018863,40.38342376343823,0.0 -111.43495612079676,40.38209299154956,0.0 -111.43321591155804,40.382099523773995,0.0 -111.4331903395196,40.37810720533947,0.0 -111.43145023242658,40.37811371046568,0.0 -111.43144174378362,40.37678293673263,0.0 -111.42970167035818,40.37678941537385,0.0 -111.42968476322984,40.374127866375844,0.0 -111.42620475161107,40.37414074391141,0.0 -111.42619636734553,40.37280996834732,0.0 -111.42445639492338,40.3728163675482,0.0 -111.42444804544121,40.37148559137624,0.0 -111.42270810668698,40.37149196410187,0.0 -111.4226997919836,40.3701611873233,0.0 -111.42095988689739,40.37016753357612,0.0 -111.42095160696823,40.368836756192216,0.0 -111.41921173555012,40.36884307597466,0.0 -111.41920349039064,40.36751229798666,0.0 -111.41572381434345,40.36752485844322,0.0 -111.41570746253079,40.364863300366814,0.0 -111.41396769211745,40.36486954075276,0.0 -111.4139595512396,40.36353876095993,0.0 -111.41221981449469,40.36354497488523,0.0 -111.41220360278211,40.36088341379281,0.0 -111.40872426450446,40.36089576198192,0.0 -111.40871622786717,40.35956498039551,0.0 -111.40697659212803,40.35957111495351,0.0 -111.4069685902285,40.35824033277175,0.0 -111.40348938555661,40.358252522821886,0.0 -111.40348145259016,40.3569217397616,0.0 -111.40174188365984,40.35692779525738,0.0 -111.40172608770612,40.35426622764511,0.0 -111.39998658664243,40.35427225641412,0.0 -111.39997086117822,40.3516106870042,0.0 -111.40344972601137,40.351598604435814,0.0 -111.4034100796807,40.34494467833826,0.0 -111.40167081844714,40.34495073128596,0.0 -111.40166292494345,40.343619944858034,0.0 -111.39992369736098,40.343625971372006,0.0 -111.39991583855826,40.34229518435382,0.0 -111.3964374501741,40.34230715836973,0.0 -111.3964452406269,40.34363794594792,0.0 -111.39296678181591,40.34364981592091,0.0 -111.39297450443331,40.34498060374583,0.0 -111.39123524007728,40.3449864997819,0.0 -111.39124292902974,40.34631728757417,0.0 -111.38950362998159,40.34632315773275,0.0 -111.3894959752088,40.344992369665974,0.0 -111.38601744394366,40.34500403097797,0.0 -111.38600227263387,40.34234245282869,0.0 -111.38426307459453,40.342348243714916,0.0 -111.38423287471923,40.33702508263314,0.0 -111.38249381285502,40.337030846291405,0.0 -111.38248629830794,40.33570005498062,0.0 -111.38074727010682,40.33570579222577,0.0 -111.3807397902222,40.33437500033837,0.0 -111.37900079568426,40.334380711172834,0.0 -111.37899335045753,40.33304991871006,0.0 -111.37725438958286,40.33305560313627,0.0 -111.37724697900948,40.33172481009937,0.0 -111.37376912409525,40.33173610000017,0.0 -111.37376178232563,40.330405306127005,0.0 -111.37028399376429,40.33041649094465,0.0 -111.37029126722383,40.33174728534095,0.0 -111.36333554768231,40.331769342341715,0.0 -111.36334268499692,40.33310013746141,0.0 -111.36160371975924,40.33310558661616,0.0 -111.36161082338973,40.33443638168252,0.0 -111.35987182351884,40.33444180494953,0.0 -111.35986475404817,40.333111009629526,0.0 -111.35812578786597,40.333116406501496,0.0 -111.35810468474645,40.32912401793534,0.0 -111.361582411708,40.32911319956802,0.0 -111.36155400759891,40.32379001252281,0.0 -111.35981528094285,40.32379543376102,0.0 -111.35980821524016,40.32246463597576,0.0 -111.35633082880105,40.32247539955018,0.0 -111.35632383184797,40.32114460095336,0.0 -111.34589186624973,40.32117626303511,0.0 -111.34591224395533,40.325168662344225,0.0 -111.34765100845883,40.325163449925554,0.0 -111.34765783607915,40.3264942488353,0.0 -111.34939663427409,40.326489010037406,0.0 -111.34942408591434,40.33181220161538,0.0 -111.35116302026022,40.33180693569701,0.0 -111.35117681714256,40.334468529144786,0.0 -111.35291581934648,40.3344632365911,0.0 -111.35297823562217,40.346440389625734,0.0 -111.35123892587583,40.34644568440754,0.0 -111.35123202306559,40.34511489061088,0.0 -111.3494927470397,40.34512015899258,0.0 -111.34948587886775,40.343789364641395,0.0 -111.34078966280903,40.34381531304802,0.0 -111.34076957364641,40.33982292450544,0.0 -111.33381300283885,40.33984320965937,0.0 -111.33381956209342,40.34117400709701,0.0 -111.33208038412124,40.34117901325013,0.0 -111.33207385903842,40.33984821557838,0.0 -111.32859557013525,40.339858148972866,0.0 -111.32857620249929,40.33586575271583,0.0 -111.326837159903,40.33587067949999,0.0 -111.32683073904755,40.33453987990123,0.0 -111.32509173018609,40.33454478031197,0.0 -111.32508534391903,40.33321398017605,0.0 -111.32334636879246,40.3332188542158,0.0 -111.32333366584932,40.33055725256412,0.0 -111.32159475861374,40.33056210000862,0.0 -111.3215758098277,40.32656969454122,0.0 -111.33200863212218,40.32654022191968,0.0 -111.33200211182104,40.325209420859764,0.0 -111.3302633433251,40.32521439806968,0.0 -111.33024388745514,40.32122199234356,0.0 -111.32850522095364,40.321226942724415,0.0 -111.32849877066563,40.31989613996819,0.0 -111.32676013787199,40.31990106398797,0.0 -111.32676655402229,40.32123186697452,0.0 -111.31459587365799,40.32126560506248,0.0 -111.31457734333641,40.31727319044519,0.0 -111.31110020716464,40.31728259340154,0.0 -111.31108799219484,40.3146209812376,0.0 -111.30934949175742,40.31462564308875,0.0 -111.30933734666647,40.31196402925721,0.0 -111.30759891407543,40.31196866454986,0.0 -111.30759287625901,40.31063785695547,0.0 -111.3058544773878,40.31064246591011,0.0 -111.30584247119941,40.30798084936663,0.0 -111.30758080183313,40.30797624084315,0.0 -111.30756269321112,40.30398381436581,0.0 -111.30234800713016,40.30399755965088,0.0 -111.30235394060281,40.3053283694275,0.0 -111.30061567700456,40.305332899170814,0.0 -111.30062747690745,40.30799451822436,0.0 -111.29888914468744,40.307999022272654,0.0 -111.2988832786549,40.30666821268911,0.0 -111.29714498015947,40.306672690409094,0.0 -111.29713331749109,40.30401106989968,0.0 -111.29365685578526,40.30401994615628,0.0 -111.29366261870321,40.3053507569801,0.0 -111.29540088386024,40.30534633170241,0.0 -111.29541247907703,40.30800795201268,0.0 -111.29367414569118,40.30801237770439,0.0 -111.29367990976125,40.30934318760486,0.0 -111.30063337744862,40.30932532728942,0.0 -111.30063927838299,40.31065613604665,0.0 -111.30237767844751,40.310651605455725,0.0 -111.30239548598362,40.31464402924469,0.0 -111.30413398802612,40.31463947189304,0.0 -111.30416981858826,40.32262430988019,0.0 -111.30243111173738,40.322628868511,0.0 -111.30244299015442,40.32529047913701,0.0 -111.30418176529295,40.325285920079736,0.0 -111.30419371359001,40.32794752904784,0.0 -111.30593255662714,40.32794294342696,0.0 -111.3059505845211,40.33193535392664,0.0 -111.30768952961982,40.331930741521546,0.0 -111.30770766360098,40.335923148603065,0.0 -111.30944671077933,40.335918509406355,0.0 -111.30945887044749,40.33858011215394,0.0 -111.31989355492608,40.33855172528672,0.0 -111.31989984038682,40.33988252487103,0.0 -111.32163898718346,40.339877701987255,0.0 -111.3216453072351,40.34120850103803,0.0 -111.32338448778248,40.34120365177953,0.0 -111.32339084242957,40.342534450295545,0.0 -111.32513005672763,40.34252957465988,0.0 -111.32514283564768,40.345191170311914,0.0 -111.32688211787507,40.345186268067394,0.0 -111.32688854215489,40.346517065202136,0.0 -111.32862785813508,40.34651213657435,0.0 -111.32864077634807,40.34917372945882,0.0 -111.33038016026649,40.34916877421361,0.0 -111.33039964338514,40.35316116053488,0.0 -111.33213912944078,40.35315617843435,0.0 -111.33215218874244,40.35581776730901,0.0 -111.33389174275423,40.355812758579994,0.0 -111.33390487219738,40.35847434575398,0.0 -111.3373841157068,40.35846424886423,0.0 -111.33737748236379,40.35713345590342,0.0 -111.34259624170234,40.35711811504949,0.0 -111.34258950620459,40.35578732249795,0.0 -111.344329057557,40.355782156794284,0.0 -111.34433582725363,40.357112949104256,0.0 -111.3460754123537,40.35710775699542,0.0 -111.34608221670271,40.358438548754464,0.0 -111.34956145394214,40.358428085556824,0.0 -111.34957520081892,40.361089667171925,0.0 -111.34783551401814,40.36109491234365,0.0 -111.34784235393586,40.36242570293424,0.0 -111.34958207494455,40.36242045751723,0.0 -111.34963708444836,40.37306676918578,0.0 -111.34789708969431,40.37307201656535,0.0 -111.34791077819534,40.375733591891475,0.0 -111.34965084140856,40.375728344021184,0.0 -111.34966460020298,40.37838991762385,0.0 -111.3531448621878,40.37837934235238,0.0 -111.35315875977136,40.38104091373335,0.0 -111.35141856053214,40.381046214956335,0.0 -111.35143239148236,40.38370778560018,0.0 -111.35317265920798,40.38370248388146,0.0 -111.35318656049795,40.38636405279671,0.0 -111.35492689625569,40.38635872439177,0.0 -111.35494086790385,40.389020291575875,0.0 -111.35668127170045,40.38901493647981,0.0 -111.35668829247882,40.39034571935913,0.0 -111.35842873006304,40.39034033781864,0.0 -111.35843578556742,40.391671120138106,0.0 -111.36017625693918,40.39166571215075,0.0 -111.36018334717416,40.39299649390911,0.0 -111.36366435701761,40.39298559883934,0.0 -111.36367151625014,40.39431637978005,0.0 -111.36541205471944,40.39431089269398,0.0 -111.36541924869393,40.39564167306987,0.0 -111.36715982094825,40.39563615952842,0.0 -111.36716704966928,40.396966939338235,0.0 -111.36890765570853,40.396961399338956,0.0 -111.36892218313704,40.39962295751558,0.0 -111.37066285723256,40.39961739079579,0.0 -111.37068475483568,40.403609724967446,0.0 -111.37242553127236,40.40360413126075,0.0 -111.37243286572726,40.40493490843976,0.0 -111.37417367595543,40.404929288264206,0.0 -111.37418841490015,40.40759084117166,0.0 -111.37767017101555,40.40757952114027,0.0 -111.37767760979949,40.40891029660223,0.0 -111.3794185214016,40.408904597005495,0.0 -111.37944841866947,40.41422769470345,0.0 -111.38467156199107,40.41421043542076,0.0 -111.38467914044973,40.415541208267385,0.0 -111.38816130207174,40.41552957045606,0.0 -111.38817659771267,40.41819111413585,0.0 -111.38991774636364,40.41818525535704,0.0 -111.38992542925433,40.41951602646033,0.0 -111.39340779362759,40.41950422969319,0.0 -111.39342329818052,40.42216576987139,0.0 -111.39690579772052,40.4221538671093,0.0 -111.39691361939641,40.42348463617922,0.0 -111.4003961854741,40.42347262796399,0.0 -111.40042775193493,40.42879569891285,0.0 -111.4039105904485,40.42878358353603,0.0 -111.40392651413434,40.43144511602638,0.0 -111.40740948782175,40.43143289459112,0.0 -111.40741751911665,40.43276365980214,0.0 -111.41612511556126,40.43273264571523,0.0 -111.4160923071106,40.427409588817525,0.0 -111.41435092620308,40.42741584293059,0.0 -111.41433459389364,40.42475431204506,0.0 -111.41607590616664,40.424748058516634,0.0 -111.41606770651485,40.42341729290319,0.0 -111.41780898392729,40.42341101344314,0.0 -111.41780075051075,40.42208024781455,0.0 -111.42302447651043,40.422061252979,0.0 -111.4230411497679,40.42472278215165,0.0 -111.4247824592841,40.42471639749769,0.0 -111.4247992033994,40.42737792483858,0.0 -111.4265405809914,40.427371513360235,0.0 -111.42654898820695,40.4287022762679,0.0 -111.4248075762945,40.42870868804594,0.0 -111.42483269833008,40.43270097581559,0.0 -111.4283157275443,40.43268812422885,0.0 -111.42832417133219,40.43401888560056,0.0 -111.43006571942539,40.43401242015647,0.0 -111.43007419810819,40.435343180917194,0.0 -111.43355736125959,40.43533017072033,0.0 -111.43356590917587,40.43666093056419,0.0 -111.43530752423167,40.43665438580777,0.0 -111.43532469044925,40.439315903957215,0.0 -111.43706637360741,40.43930933235061,0.0 -111.43710085028891,40.444632363714916,0.0 -111.44058448963209,40.44461913931457,0.0 -111.44059317893935,40.44594989576545,0.0 -111.44407688466426,40.4459365657693,0.0 -111.44408564325519,40.447267321288294,0.0 -111.44756941534773,40.44725388568672,0.0 -111.44757824323139,40.44858464026886,0.0 -111.44932016274996,40.44857788278392,0.0 -111.44932902557892,40.44990863674132,0.0 -111.45107097886289,40.44990185269256,0.0 -111.45106208167745,40.44857109905222,0.0 -111.45628783489069,40.44855059037688,0.0 -111.4562968351453,40.4498813430587,0.0 -111.46326463510741,40.4498536294101,0.0 -111.46331033264723,40.456507381707596,0.0 -111.46156821174995,40.45651435111986,0.0 -111.46157731871679,40.457845100977934,0.0 -111.45635084927994,40.457865852660845,0.0 -111.45635985373733,40.45919660317971,0.0 -111.45113327577837,40.45921711952429,0.0 -111.45112437443828,40.457886368046644,0.0 -111.44938221496734,40.457893153997986,0.0 -111.44939994949395,40.460554657278635,0.0 -111.43894656784408,40.46059482537791,0.0 -111.43895522973102,40.46192557843203,0.0 -111.43721296304332,40.46193218152115,0.0 -111.43720433553379,40.460601428158455,0.0 -111.43371986918926,40.46061455494561,0.0 -111.43372842794383,40.46194530892178,0.0 -111.4302438905609,40.46195833128541,0.0 -111.43023540056146,40.460627576700674,0.0 -111.42326645652932,40.46065330511373,0.0 -111.42327480901804,40.46198406090087,0.0 -111.4215325372338,40.4619904276563,0.0 -111.42154085589955,40.46332118343219,0.0 -111.41631393408666,40.463340127027124,0.0 -111.41632215015989,40.464670883379576,0.0 -111.41283746410912,40.464683381723354,0.0 -111.41282931680102,40.46335262478686,0.0 -111.40934469734182,40.463365017503484,0.0 -111.40933661933784,40.46203425967914,0.0 -111.39888295438536,40.46207080586073,0.0 -111.39887508318944,40.46074004601981,0.0 -111.39364834672983,40.46075796376717,0.0 -111.39364057918722,40.459427202780276,0.0 -111.39189836703763,40.45943312256897,0.0 -111.39189063438695,40.458102360996854,0.0 -111.38666409797472,40.45811996199601,0.0 -111.38665646895478,40.456789199292764,0.0 -111.38491432350172,40.45679501350836,0.0 -111.38490672936005,40.455464250224864,0.0 -111.37968039307957,40.45548153453376,0.0 -111.3796729025461,40.45415077013397,0.0 -111.37793082381768,40.45415647879582,0.0 -111.37792336814881,40.45282571382074,0.0 -111.3761813232882,40.45283139596438,0.0 -111.37617390247932,40.451500630415275,0.0 -111.37443189148657,40.45150628604314,0.0 -111.37442450553313,40.45017551992125,0.0 -111.3726825284083,40.45018114903582,0.0 -111.37267517730571,40.4488503823424,0.0 -111.36744934607374,40.44886711140998,0.0 -111.36744209852955,40.447536343626275,0.0 -111.3622163660157,40.4475528356923,0.0 -111.36223065544368,40.45021437249295,0.0 -111.36397263547582,40.45020890087285,0.0 -111.36398699553378,40.45287043592852,0.0 -111.36572904381086,40.45286493754536,0.0 -111.36573625892349,40.454195704353616,0.0 -111.36747834108466,40.454190179460696,0.0 -111.36749284149109,40.45685171163558,0.0 -111.36923499190613,40.45684615997099,0.0 -111.36925684926601,40.460838455141726,0.0 -111.37099910231832,40.46083287643985,0.0 -111.37103571288955,40.4674866942519,0.0 -111.37277813737116,40.46748108798134,0.0 -111.37278549534106,40.46881185035639,0.0 -111.37104303646906,40.46881745688896,0.0 -111.37105036053707,40.47014821921753,0.0 -111.36930786678383,40.47015379974466,0.0 -111.36930057710856,40.46882303715529,0.0 -111.36058827305872,40.468850544492916,0.0 -111.36058115582237,40.46751978030967,0.0 -111.35883872796965,40.46752520272482,0.0 -111.35884581081537,40.46885596716148,0.0 -111.35536088491358,40.468866733699464,0.0 -111.35536789944574,40.470197498330876,0.0 -111.3501404039106,40.470213451885236,0.0 -111.35014731572451,40.471544216953816,0.0 -111.34666224760126,40.47155472180915,0.0 -111.3466690910807,40.47288548706029,0.0 -111.34492652193542,40.47289070032813,0.0 -111.3449197128538,40.471559934833365,0.0 -111.34317717765217,40.471565121588604,0.0 -111.34318395233595,40.47289588732575,0.0 -111.34144138228456,40.47290104805314,0.0 -111.34143464199867,40.47157028207483,0.0 -111.3396921058956,40.471575416292026,0.0 -111.33967869546146,40.46891388293068,0.0 -111.33793622770011,40.46891899040144,0.0 -111.33792288783467,40.46625745532961,0.0 -111.3361804884083,40.46626253605889,0.0 -111.336167219093,40.463600999279116,0.0 -111.33442488799487,40.4636060532718,0.0 -111.33439189433655,40.45695220474706,0.0 -111.33613405354781,40.45694715193518,0.0 -111.33610089906081,40.45029329688508,0.0 -111.3343589116791,40.45029834851635,0.0 -111.33433912736335,40.44630603107918,0.0 -111.33259724261211,40.4463110557564,0.0 -111.33257100707611,40.44098796058582,0.0 -111.33605450134887,40.440977886869085,0.0 -111.33606775562785,40.44363943412908,0.0 -111.33955138551843,40.44362925449737,0.0 -111.33956477896926,40.44629079957284,0.0 -111.34130666194767,40.44628566991258,0.0 -111.34128646939199,40.44229335255617,0.0 -111.33780290908726,40.44230358419626,0.0 -111.33778958700394,40.43964203679435,0.0 -111.33256444928556,40.439657186022686,0.0 -111.33255789193232,40.43832641115132,0.0 -111.33081621282263,40.4383314081812,0.0 -111.33082273583508,40.439662183286124,0.0 -111.32908102194958,40.43966715430987,0.0 -111.32907453327793,40.43833637897261,0.0 -111.32733285330053,40.43834132352553,0.0 -111.32731994593013,40.43567977146426,0.0 -111.3290615572327,40.435674827373546,0.0 -111.32905506985908,40.43434405111176,0.0 -111.32383033766457,40.43435880398615,0.0 -111.32382395371869,40.43302802672663,0.0 -111.32730704028111,40.43301821817035,0.0 -111.32728123414624,40.4276951078846,0.0 -111.32379842219187,40.427704914607155,0.0 -111.32379204037419,40.42637413580695,0.0 -111.32205066807784,40.42637899959777,0.0 -111.32204432100374,40.425048220262084,0.0 -111.32378565898205,40.42504335669861,0.0 -111.32377927801544,40.42371257728214,0.0 -111.32203797435287,40.42371744061828,0.0 -111.32203162812522,40.42238666066635,0.0 -111.32029035835296,40.42239149755131,0.0 -111.32029667026714,40.42372227772935,0.0 -111.31855536576049,40.423727088615315,0.0 -111.31856164377974,40.42505786871012,0.0 -111.32030298260221,40.425053057599264,0.0 -111.32030929535823,40.42638383716107,0.0 -111.31856792221765,40.42638864849682,0.0 -111.31857420107423,40.42771942797542,0.0 -111.32031560853521,40.42771461641477,0.0 -111.32032192213319,40.42904539536035,0.0 -111.31858048034952,40.4290502071459,0.0 -111.31858676004356,40.430380986008274,0.0 -111.32032823615219,40.430376173997786,0.0 -111.32033455059228,40.43170695232713,0.0 -111.31336850634499,40.431726043873894,0.0 -111.31336232921416,40.43039526465218,0.0 -111.31162085144416,40.43039997173758,0.0 -111.3116085670661,40.427738411929916,0.0 -111.30986715753444,40.427743092346425,0.0 -111.30985494343344,40.42508153086893,0.0 -111.30811360213339,40.425086184621456,0.0 -111.30809538697702,40.42109383944219,0.0 -111.30635414821332,40.42109846631939,0.0 -111.30634811161339,40.419767683760604,0.0 -111.30460690675633,40.41977228419997,0.0 -111.30459490337553,40.41711071772819,0.0 -111.30285376672987,40.41711529151835,0.0 -111.30284183355216,40.41445372338692,0.0 -111.30110076511116,40.41445827053277,0.0 -111.30108890211807,40.411796700744176,0.0 -111.29934790187495,40.411801221250656,0.0 -111.29933610904801,40.40913964980745,0.0 -111.29759517699607,40.409144143679484,0.0 -111.29758931546104,40.407813357285825,0.0 -111.29584841730703,40.40781782473715,0.0 -111.29583676398006,40.40515625060827,0.0 -111.29409593400824,40.40516069143373,0.0 -111.29408435079674,40.4024991156578,0.0 -111.29234358900041,40.4025035298623,0.0 -111.29233207588588,40.39984195244187,0.0 -111.2905913822583,40.39984634003036,0.0 -111.2905799392223,40.39718476096795,0.0 -111.28883931375671,40.39718912194532,0.0 -111.2888279407808,40.39452754124348,0.0 -111.28708738347046,40.39453187561462,0.0 -111.2870760805362,40.391870293275886,0.0 -111.28533559137439,40.39187460104575,0.0 -111.28532435846331,40.389213017072635,0.0 -111.28358393744328,40.38921729824612,0.0 -111.28357277453696,40.38655571264117,0.0 -111.28183242165197,40.38655996722318,0.0 -111.28182132873197,40.3838983799889,0.0 -111.28878246403858,40.383881206119945,0.0 -111.28878814730504,40.385211999088035,0.0 -111.290528464438,40.38520763994531,0.0 -111.29052274692378,40.38387684718102,0.0 -111.29226302942783,40.38387246205345,0.0 -111.2922515270542,40.38121087601125,0.0 -111.29051131303876,40.38121526072879,0.0 -111.29050559666791,40.37988446704081,0.0 -111.29224577644244,40.379880082528295,0.0 -111.29224002621406,40.37854928873743,0.0 -111.28353929474682,40.378570948437435,0.0 -111.28354487378192,40.37990174324105,0.0 -111.28006451009821,40.379910224231025,0.0 -111.28007002102316,40.38124101912332,0.0 -111.27832980438804,40.38124522053715,0.0 -111.27831885138538,40.37858363005183,0.0 -111.27657870286507,40.37858780488894,0.0 -111.27656781979347,40.3759262127819,0.0 -111.27482773938125,40.375930361047196,0.0 -111.27481692622224,40.373268767320944,0.0 -111.27307691391137,40.37327288901934,0.0 -111.27307154209993,40.37194209150177,0.0 -111.27133156365845,40.37194618682964,0.0 -111.27132088955793,40.36928459048814,0.0 -111.26958097920888,40.3692886592577,0.0 -111.26957037497039,40.36662706130456,0.0 -111.267830532707,40.36663110352071,0.0 -111.26781999831216,40.363969503958444,0.0 -111.2660802241277,40.36397351962609,0.0 -111.2660697595581,40.36131191845722,0.0 -111.26433005344585,40.361315907581265,0.0 -111.26431965868306,40.35865430480831,0.0 -111.26258002063629,40.35865826739368,0.0 -111.26256453369092,40.35466586037033,0.0 -111.26082499790087,40.35466979623786,0.0 -111.2608147433801,40.352008189648885,0.0 -111.25907527563751,40.35201209898878,0.0 -111.25906509086374,40.34935049080333,0.0 -111.25732569116188,40.34935437362049,0.0 -111.25731557611672,40.34669276384107,0.0 -111.25557624444886,40.34669662014041,0.0 -111.25556619911394,40.34403500876956,0.0 -111.25382693547333,40.34403883855599,0.0 -111.25381197250738,40.34004641865481,0.0 -111.25207281106036,40.340050221755355,0.0 -111.25206290575099,40.337388606593855,0.0 -111.25032381231323,40.33739238319254,0.0 -111.25031397665431,40.33473076644719,0.0 -111.24857495121908,40.3347345165489,0.0 -111.24856518519229,40.332072898222194,0.0 -111.24682622775285,40.332076621831845,0.0 -111.24681653133979,40.32941500192632,0.0 -111.24507764188944,40.32941869904883,0.0 -111.24506320214408,40.325426266364666,0.0 -111.2433244148242,40.32542993683323,0.0 -111.24331485822046,40.322768313162406,0.0 -111.24157613887165,40.322771957154856,0.0 -111.24156665182197,40.32011033191278,0.0 -111.2398280004375,40.32011394943402,0.0 -111.23981858292352,40.317452322623204,0.0 -111.23807999949666,40.317455913678124,0.0 -111.23807065150005,40.314794285301105,0.0 -111.23633213602407,40.31479784989461,0.0 -111.2363182187414,40.31080540452218,0.0 -111.23457980533284,40.31080894249367,0.0 -111.23457059692957,40.308147310376654,0.0 -111.23283225145391,40.30815082189778,0.0 -111.23282311250838,40.305489188222104,0.0 -111.23108483495888,40.30549267329775,0.0 -111.23107576545277,40.30283103806594,0.0 -111.22933755582274,40.302834496701,0.0 -111.22932855573771,40.30017285991555,0.0 -111.22759041402037,40.30017629211493,0.0 -111.22757701844328,40.296183834148835,0.0 -111.2258389787303,40.29618723975811,0.0 -111.22583011802293,40.29352559925794,0.0 -111.22409214620468,40.29352897844255,0.0 -111.22408335485885,40.29086733639634,0.0 -111.22234545092861,40.2908706891612,0.0 -111.22233236836053,40.286878223315306,0.0 -111.22754577250763,40.28686808813244,0.0 -111.22752792422894,40.28154479792997,0.0 -111.22926558871262,40.28154136797774,0.0 -111.22926109331503,40.28021054481891,0.0 -111.22752346290241,40.28021397461066,0.0 -111.22751454114099,40.27755232704968,0.0 -111.22925210341823,40.277548897578846,0.0 -111.2292386208188,40.27355642441274,0.0 -111.23097608061065,40.2735529693355,0.0 -111.23096249854002,40.26956049388718,0.0 -111.22922514091373,40.26956394847949,0.0 -111.22922064821068,40.26823312255349,0.0 -111.22748332433575,40.268236550901364,0.0 -111.22747886598037,40.2669057245075,0.0 -111.22574157585684,40.26690912661336,0.0 -111.22573715184463,40.2655782997529,0.0 -111.22399989547255,40.265581675619174,0.0 -111.22399550579891,40.26425084829332,0.0 -111.22052106026759,40.264257521472366,0.0 -111.22051241795972,40.261595865273975,0.0 -111.21877526284224,40.26159916243612,0.0 -111.21877097615724,40.26026833372153,0.0 -111.21703385479137,40.26027160465382,0.0 -111.21702535034558,40.25760994599637,0.0 -111.21528829676404,40.25761319054945,0.0 -111.21528407899642,40.25628236060781,0.0 -111.21354705916436,40.256285578937124,0.0 -111.21354287570584,40.25495474853754,0.0 -111.21006890326433,40.254961106682806,0.0 -111.21006067328243,40.25229944436651,0.0 -111.20832375469901,40.25230258403917,0.0 -111.20832783552922,40.25363341549792,0.0 -111.20138002240496,40.2536457140807,0.0 -111.20137607766975,40.25231488204647,0.0 -111.19963915774987,40.252317891377395,0.0 -111.19963133710844,40.24965622610537,0.0 -111.1978944849689,40.24965920908874,0.0 -111.19788673340105,40.246997542308264,0.0 -111.19614994903512,40.24700049894896,0.0 -111.19614610765092,40.24566966495941,0.0 -111.19788285800433,40.24566670845708,0.0 -111.1978712333629,40.24167420505966,0.0 -111.1961345850334,40.24167716114697,0.0 -111.19613074467253,40.240346325928236,0.0 -111.19265751525529,40.2403521596539,0.0 -111.19265374315262,40.23902132385488,0.0 -111.19091716206722,40.239024201496875,0.0 -111.19090594925665,40.235031691852186,0.0 -111.18916946991244,40.23503454303763,0.0 -111.18916576679896,40.233703705741426,0.0 -111.19090221215097,40.23370085468942,0.0 -111.19089847529419,40.23237001721938,0.0 -111.18916206393212,40.23237286813798,0.0 -111.18915465893825,40.229711192009304,0.0 -111.19089100232726,40.22970834135754,0.0 -111.19087605937935,40.224384985946756,0.0 -111.1926122666006,40.22438210978574,0.0 -111.19259719175027,40.219058749997366,0.0 -111.19433326283787,40.21905584833678,0.0 -111.194321857447,40.215063325676816,0.0 -111.1925858882476,40.215066226930006,0.0 -111.19256328801605,40.20708117249995,0.0 -111.19082752228124,40.20708404691153,0.0 -111.19082379039851,40.20575320329668,0.0 -111.19255952218865,40.205750329019644,0.0 -111.19254822621096,40.201757796735414,0.0 -111.19081259624129,40.20176067060887,0.0 -111.19080140432013,40.197768135156196,0.0 -111.1925369324897,40.19776526168626,0.0 -111.19253316841727,40.19643441605545,0.0 -111.19079767417655,40.196437289390886,0.0 -111.19077902718399,40.189783055956426,0.0 -111.18904370230534,40.18978590260828,0.0 -111.18903631307482,40.18712420681767,0.0 -111.1907715701251,40.18712136043231,0.0 -111.19076411405916,40.18445966367947,0.0 -111.19423449177414,40.184453893422834,0.0 -111.1942231061128,40.18046134680004,0.0 -111.19075293182182,40.18046711624636,0.0 -111.19074920490571,40.179136266487646,0.0 -111.18901415128637,40.17913911207365,0.0 -111.1890067659908,40.1764774113683,0.0 -111.18553679360137,40.176483024010444,0.0 -111.1855331691079,40.175152172934304,0.0 -111.18379821644285,40.1751549401273,0.0 -111.18380180704352,40.17648579133301,0.0 -111.18206682024662,40.17648853265652,0.0 -111.18206326353875,40.17515768132249,0.0 -111.17859335702241,40.17516308571938,0.0 -111.17858637987487,40.1725013816239,0.0 -111.18032126547139,40.17249869267615,0.0 -111.18030717843241,40.16717528130325,0.0 -111.1820419282637,40.167172566868466,0.0 -111.18202415537701,40.16051829637758,0.0 -111.18375873560905,40.1605155565937,0.0 -111.18374438610923,40.15519213518603,0.0 -111.18547883065301,40.15518936993564,0.0 -111.18546072988978,40.148535086913455,0.0 -111.18719500493158,40.148532296336896,0.0 -111.18718769862448,40.14587058123964,0.0 -111.1889219057345,40.14586776495335,0.0 -111.18892559260962,40.14719862252366,0.0 -111.19065983331738,40.14719578013327,0.0 -111.19065239212854,40.14453406495171,0.0 -111.18718404583569,40.14453972323035,0.0 -111.18718039329005,40.14320886491396,0.0 -111.18891453272053,40.143206048891415,0.0 -111.18889610447948,40.13655175336234,0.0 -111.1906300745052,40.1365489120365,0.0 -111.19061520104077,40.1312254706178,0.0 -111.19234903553203,40.13122260386648,0.0 -111.19233028021148,40.124568295854885,0.0 -111.19406394539513,40.12456540382316,0.0 -111.19405259379076,40.120572815737525,0.0 -111.19578615731486,40.1205698981642,0.0 -111.19577470658948,40.11657730772476,0.0 -111.19750816847214,40.11657436461707,0.0 -111.19750431828042,40.11524350066094,0.0 -111.19923774611554,40.115240531748064,0.0 -111.19922997892508,40.11257880319265,0.0 -111.20096333892594,40.11257580861728,0.0 -111.20095942193389,40.11124494401919,0.0 -111.20269274788956,40.11124192364473,0.0 -111.20268484712525,40.108580193810226,0.0 -111.20441810525581,40.10857714778176,0.0 -111.20441412149029,40.107246282546534,0.0 -111.20614734557797,40.10724321072505,0.0 -111.20613931129361,40.10458147962107,0.0 -111.20787246756532,40.104578382154095,0.0 -111.2078684170532,40.10324751628656,0.0 -111.2096015392844,40.103244393032625,0.0 -111.20959337153373,40.10058266066882,0.0 -111.21132642595806,40.10057951177789,0.0 -111.21132230872622,40.09924864528284,0.0 -111.21305532911242,40.099245470611045,0.0 -111.21304702794916,40.09658373699703,0.0 -111.21477998053763,40.0965805366967,0.0 -111.21477579661291,40.09524966957895,0.0 -111.21650871516557,40.095246443503854,0.0 -111.21650028064343,40.09258470864927,0.0 -111.21823313140749,40.09258145695413,0.0 -111.21822888081678,40.09125058921848,0.0 -111.21996169754739,40.09124731175464,0.0 -111.21995312972008,40.088585575669086,0.0 -111.22168587867122,40.0885822725937,0.0 -111.22168156144134,40.087251404244974,0.0 -111.22341427636138,40.08724807540697,0.0 -111.2234055752826,40.084586338100046,0.0 -111.22513822243228,40.08458298365898,0.0 -111.2251338385901,40.08325211470198,0.0 -111.22686645171103,40.08324873450436,0.0 -111.22685761743443,40.0805869959857,0.0 -111.22859016279418,40.080583590193505,0.0 -111.22858571236648,40.07925272063303,0.0 -111.23031822369984,40.07924928909038,0.0 -111.23030925627907,40.07658754936956,0.0 -111.23204169986035,40.07658409224082,0.0 -111.23203718287398,40.07525322208167,0.0 -111.23376959243122,40.075249739208544,0.0 -111.23376049191994,40.07258799829519,0.0 -111.23549283373423,40.07258448984445,0.0 -111.23548825021602,40.071253619091436,0.0 -111.23722055800863,40.07125008490239,0.0 -111.23721132446045,40.068588342806095,0.0 -111.23894356451925,40.0685847830479,0.0 -111.23893891449599,40.06725391170584,0.0 -111.24067112053547,40.0672503262154,0.0 -111.24066175400398,40.064588582945774,0.0 -111.24239389231879,40.0645849718947,0.0 -111.24238917581728,40.063254099968354,0.0 -111.24412128011511,40.063250463191125,0.0 -111.2441165302265,40.06191959112801,0.0 -111.24584860050741,40.06191592862703,0.0 -111.24583903428326,40.05925418392253,0.0 -111.24757103685094,40.05925049587304,0.0 -111.24756622052207,40.057919623232834,0.0 -111.2492981890752,40.05791590946567,0.0 -111.2492884899973,40.05525416361182,0.0 -111.25102039084632,40.055250424304624,0.0 -111.25101550810396,40.05391955109214,0.0 -111.2579429734798,40.05390433569649,0.0 -111.25794799097132,40.0552352081961,0.0 -111.25448419156753,40.055242868026276,0.0 -111.25452875744413,40.0672207099296,0.0 -111.2562609605982,40.06721689134879,0.0 -111.25626594771951,40.06854776095659,0.0 -111.26492712701577,40.068528278657276,0.0 -111.26493228302824,40.06985914704518,0.0 -111.2666645515791,40.06985517269908,0.0 -111.26666974164868,40.07118604059356,0.0 -111.26840204356822,40.07118204015888,0.0 -111.2684124921782,40.07384377465128,0.0 -111.27014486118482,40.07383974793695,0.0 -111.270150119732,40.07517061453363,0.0 -111.27188252210941,40.075166561724664,0.0 -111.27187722984155,40.07383569531782,0.0 -111.27360959814617,40.0738316167939,0.0 -111.27358829773564,40.068508148857994,0.0 -111.27532053082578,40.0685040451983,0.0 -111.27531517289948,40.067173177638374,0.0 -111.28051176889373,40.067160711843925,0.0 -111.28050631020255,40.06582984456069,0.0 -111.28397063830562,40.06582140493316,0.0 -111.28395958719805,40.0631596702355,0.0 -111.2822274907366,40.06316390260141,0.0 -111.28222199943457,40.06183303459334,0.0 -111.27875787281846,40.06184142124726,0.0 -111.27875244927799,40.06051055253902,0.0 -111.27702041912566,40.06051470683065,0.0 -111.27699886334214,40.05519122814648,0.0 -111.27873075872428,40.05518707463327,0.0 -111.27872533698775,40.053856204388644,0.0 -111.27699347529256,40.053860357707265,0.0 -111.27698808760142,40.0525294869608,0.0 -111.27179260142827,40.05254179102084,0.0 -111.27178731514313,40.051210919390684,0.0 -111.2752509055823,40.051202742952434,0.0 -111.27524555228825,40.049871871398096,0.0 -111.2735137909259,40.04987597236717,0.0 -111.27350315276007,40.04721422795254,0.0 -111.2717714583977,40.04721830265682,0.0 -111.27175560481675,40.04322568315794,0.0 -111.27002401111686,40.043229731412644,0.0 -111.27001876095986,40.041898857442256,0.0 -111.2648240787742,40.04191084638313,0.0 -111.26481892996055,40.040579971543785,0.0 -111.26308740220867,40.04058391592114,0.0 -111.26308228740005,40.03925304058983,0.0 -111.26481378148942,40.039249096397285,0.0 -111.26480863336079,40.03791822094361,0.0 -111.26654009344743,40.03791425106376,0.0 -111.26652973090378,40.03525249960683,0.0 -111.268261123332,40.03524850422933,0.0 -111.2682506948622,40.032586751918096,0.0 -111.26998201963882,40.03258273104775,0.0 -111.26997152526066,40.02992097788457,0.0 -111.27170278239247,40.02991693152623,0.0 -111.27169222212369,40.027255177513496,0.0 -111.27342341161754,40.02725110567199,0.0 -111.27341278547587,40.024589350812086,0.0 -111.27514390733857,40.02458525349226,0.0 -111.27513321534177,40.02192349778757,0.0 -111.27686426958014,40.021919374994255,0.0 -111.27685351174594,40.01925761844715,0.0 -111.27858449836678,40.01925347018517,0.0 -111.27857367471293,40.01659171279806,0.0 -111.28030459372307,40.01658753907225,0.0 -111.2802937042673,40.0139257808475,0.0 -111.28894795763253,40.01390452642221,0.0 -111.28895918329624,40.016566282654836,0.0 -111.2906901000997,40.0165619538138,0.0 -111.29065622589076,40.00857668264605,0.0 -111.29238694062136,40.00857232917678,0.0 -111.29237558500769,40.00591057007097,0.0 -111.29410623214613,40.00590619116695,0.0 -111.29411194337025,40.00723707066827,0.0 -111.29584262373493,40.00723266571506,0.0 -111.29583687890472,40.00590178642017,0.0 -111.30275946209578,40.00588390900585,0.0 -111.3027653413501,40.0072147874629,0.0 -111.3010346625273,40.0072192957918,0.0 -111.30104635499048,40.009881052206616,0.0 -111.30277710103192,40.00987654345513,0.0 -111.30279474348814,40.01386917513877,0.0 -111.30452558998313,40.01386463990344,0.0 -111.3045315052036,40.015195516304175,0.0 -111.30280062508923,40.01520005175204,0.0 -111.30281238946519,40.01786180405668,0.0 -111.30800523036176,40.01784811887714,0.0 -111.30801719806584,40.0205098686699,0.0 -111.31321023714281,40.020495949504216,0.0 -111.31321632248323,40.02182682328731,0.0 -111.31494736833268,40.02182213163376,0.0 -111.3149534877105,40.02315300488966,0.0 -111.3166845667855,40.02314828715795,0.0 -111.3166907202052,40.02447915988539,0.0 -111.32015294439455,40.024469646401386,0.0 -111.32017160894524,40.02846226140192,0.0 -111.3219028213379,40.02845746519655,0.0 -111.32194036351113,40.036442685548806,0.0 -111.32540319083644,40.036433012829896,0.0 -111.32540951663638,40.03776388135937,0.0 -111.32714096332596,40.03775900596601,0.0 -111.32715368350912,40.04042074164569,0.0 -111.3288851970963,40.040415839921515,0.0 -111.32885962378985,40.03509236825088,0.0 -111.32712824483508,40.03509726905646,0.0 -111.32710917027129,40.0311046613862,0.0 -111.32537789184437,40.0311095356375,0.0 -111.32534627756941,40.024455182229524,0.0 -111.32707738778961,40.02445030912008,0.0 -111.32707103256169,40.023119437744526,0.0 -111.33053318446245,40.02310961440782,0.0 -111.33052676239257,40.02177874318513,0.0 -111.33571988613728,40.02176381494366,0.0 -111.33572640910396,40.023094685466816,0.0 -111.33745748311959,40.02308965743697,0.0 -111.33747059762582,40.025751397089586,0.0 -111.33920173847635,40.025746342728034,0.0 -111.33921492200744,40.02840808067697,0.0 -111.34094612969945,40.02840299997882,0.0 -111.34095275576608,40.02973386825395,0.0 -111.34441523711213,40.02972362878931,0.0 -111.34437508367095,40.02173841740419,0.0 -111.34610612185143,40.02173326032591,0.0 -111.34609267367459,40.0190715212206,0.0 -111.34436170275147,40.019076677815576,0.0 -111.34435501295926,40.017745807560004,0.0 -111.34608595025705,40.01774065120665,0.0 -111.34607250476353,40.01507891025615,0.0 -111.34434163470968,40.01508406612627,0.0 -111.34432825823974,40.012422323462495,0.0 -111.34259745497604,40.012427453001116,0.0 -111.34255088659417,40.00311134230906,0.0 -111.34428145460558,40.003106214452885,0.0 -111.34426808614063,40.00044446625411,0.0 -111.34599858651266,40.00043931304117,0.0 -111.34597843637384,39.99644668916136,0.0 -111.34770883552382,39.996441510839155,0.0 -111.34770208611697,39.99511063584027,0.0 -111.34943245123078,39.99510543192825,0.0 -111.34938498290127,39.9857893000333,0.0 -111.34765485283575,39.98579450223829,0.0 -111.34764810701897,39.984463624779515,0.0 -111.34591801007424,39.98446880091786,0.0 -111.34591129827328,39.98313792290901,0.0 -111.34764136165082,39.983132747013265,0.0 -111.34762787226019,39.98047099055833,0.0 -111.34243788217407,39.980486439332395,0.0 -111.34243123883313,39.97915555991963,0.0 -111.33551138011924,39.979175795866915,0.0 -111.33550487145375,39.977844915198226,0.0 -111.33377493924606,39.977849909405705,0.0 -111.33376846456966,39.97651902819556,0.0 -111.3320385654877,39.976523996353244,0.0 -111.33204500660779,39.977854877796275,0.0 -111.33031507354113,39.977859820369886,0.0 -111.33032148153103,39.97919070173722,0.0 -111.33205144815624,39.97918575893194,0.0 -111.33205789013309,39.98051663976022,0.0 -111.33032788994709,39.98052158279718,0.0 -111.33033429878934,39.98185246354976,0.0 -111.3286042646141,39.98185738099783,0.0 -111.3285978893349,39.98052650001477,0.0 -111.32513788684088,39.98053625699171,0.0 -111.32515681255846,39.98452890039088,0.0 -111.32342670998493,39.98453374083078,0.0 -111.32343926208594,39.98719550201387,0.0 -111.31997892140505,39.987205106324666,0.0 -111.31997271229011,39.985874225436646,0.0 -111.31824257490128,39.98587898863049,0.0 -111.31823639976919,39.98454810721189,0.0 -111.31650629553964,39.984552844359335,0.0 -111.3165370074351,39.99120724948929,0.0 -111.3148067349248,39.9912119619178,0.0 -111.31481284494834,39.992542842242685,0.0 -111.30443099994386,39.992570575699006,0.0 -111.30442509140792,39.99123969407432,0.0 -111.30096454040158,39.991248731492,0.0 -111.3009820656866,39.99524137671503,0.0 -111.29233017765561,39.99526352135832,0.0 -111.29232450343518,39.993932638886726,0.0 -111.2940548482191,39.99392826182932,0.0 -111.294043433745,39.991266496374756,0.0 -111.29577371098405,39.99126209389818,0.0 -111.29576797073705,39.98993121091639,0.0 -111.29749821401506,39.989926782817946,0.0 -111.29748089484009,39.98593413265184,0.0 -111.29921103700985,39.985929679351415,0.0 -111.29919942567439,39.98326791145531,0.0 -111.30092950031973,39.9832634327502,0.0 -111.30091782339917,39.98060166404501,0.0 -111.3026478305269,39.98059715994005,0.0 -111.30264195908771,39.979266275337714,0.0 -111.30610190504692,39.97925719009462,0.0 -111.30610784360863,39.9805880742711,0.0 -111.30956785511057,39.98057888532362,0.0 -111.30957386119411,39.981909768762115,0.0 -111.31649401364066,39.981891080156124,0.0 -111.31650015438595,39.9832219624114,0.0 -111.31823022504776,39.98321722548597,0.0 -111.31820553026805,39.977893695509124,0.0 -111.3199354662707,39.97788893365465,0.0 -111.31992926004558,39.97655805061537,0.0 -111.31819935759945,39.97656281224665,0.0 -111.31819318534134,39.97523192867685,0.0 -111.31646331603909,39.97523666427026,0.0 -111.31645717774354,39.97390578017119,0.0 -111.31126766805293,39.97391983140459,0.0 -111.31127370569196,39.975250716162314,0.0 -111.30954383477024,39.97525534849686,0.0 -111.30953783068344,39.973924463522,0.0 -111.3078079929147,39.97392906982587,0.0 -111.30779008369318,39.96993641241008,0.0 -111.30951982081852,39.96993180675391,0.0 -111.3095078162378,39.96727003403889,0.0 -111.31123748587959,39.96726540300699,0.0 -111.31122541581985,39.964603629497134,0.0 -111.31295501798486,39.964598973094326,0.0 -111.31294288246377,39.961937198792015,0.0 -111.31467241715885,39.961932517023094,0.0 -111.31466021619404,39.95927074193068,0.0 -111.31638968342598,39.9592660348005,0.0 -111.31637741703513,39.95660425892035,0.0 -111.31810681681074,39.95659952643373,0.0 -111.31809448501149,39.95393774976823,0.0 -111.31982381733759,39.95393299192998,0.0 -111.3198176185365,39.952602103359375,0.0 -111.32154691693404,39.952597319950065,0.0 -111.32153445354224,39.949935542335524,0.0 -111.32326368449937,39.949930733583045,0.0 -111.32325741991532,39.9485998445403,0.0 -111.32671581355848,39.948590150114946,0.0 -111.32670948237617,39.9472592612194,0.0 -111.32843864506005,39.94725437555019,0.0 -111.32843228079358,39.94592348657637,0.0 -111.33016140954922,39.94591857534825,0.0 -111.33015501220304,39.944587686297396,0.0 -111.33188410703046,39.94458274951278,0.0 -111.33189696915608,39.94724452684428,0.0 -111.33362613056376,39.947239563807635,0.0 -111.33361966578215,39.945908675528216,0.0 -111.335348793255,39.94590368693635,0.0 -111.33536179026028,39.948565462720076,0.0 -111.3388201779318,39.94855540722992,0.0 -111.33882674410138,39.949886294189355,0.0 -111.34055597079275,39.94988122752135,0.0 -111.3405625709105,39.951212113935874,0.0 -111.34229183067457,39.95120702123768,0.0 -111.34229846474499,39.95253790710608,0.0 -111.34921563342276,39.95251727742001,0.0 -111.34922240199795,39.95384816201389,0.0 -111.35268105067715,39.95383769191733,0.0 -111.35268788673851,39.95516857571294,0.0 -111.3544172439154,39.955163301725,0.0 -111.35442411395155,39.95649418496592,0.0 -111.3578828939731,39.95648355910356,0.0 -111.35788983151086,39.957814441538886,0.0 -111.35961925435318,39.95780908966087,0.0 -111.35962622587684,39.95913997153781,0.0 -111.36135568178015,39.959134593609214,0.0 -111.36136268729416,39.96046547492654,0.0 -111.3630921762584,39.96046007094495,0.0 -111.36308513721765,39.95912918988093,0.0 -111.36654404668631,39.95911830502545,0.0 -111.36653694106468,39.957787424164174,0.0 -111.36999578159457,39.95777643662531,0.0 -111.36998860940109,39.95644555597157,0.0 -111.36825922289565,39.95645106238205,0.0 -111.36825208469897,39.95512018116264,0.0 -111.36652273123879,39.95512566151903,0.0 -111.36650142004282,39.951133015244906,0.0 -111.36477216665682,39.95113846903823,0.0 -111.36475802857424,39.94847670280656,0.0 -111.36302884173817,39.94848213029859,0.0 -111.36302180690852,39.94715124646706,0.0 -111.36475096023796,39.94714581922946,0.0 -111.36472975804868,39.943153166653204,0.0 -111.37337501507065,39.94312564750515,0.0 -111.37338224949647,39.94445653071453,0.0 -111.38375674302377,39.944422655243294,0.0 -111.38376417894195,39.945753536556936,0.0 -111.39413885568136,39.94571873115437,0.0 -111.3941694084724,39.95104224680537,0.0 -111.39244016291039,39.95104811327386,0.0 -111.39246298229205,39.955040747606596,0.0 -111.39592167399768,39.95502898722372,0.0 -111.39592934850859,39.95635986416795,0.0 -111.40111748279223,39.9563420292905,0.0 -111.401125258378,39.957672905090945,0.0 -111.40285466896296,39.957666908257124,0.0 -111.40286247858944,39.95899778346869,0.0 -111.40459192217874,39.9589917605546,0.0 -111.4045997658504,39.960322635176084,0.0 -111.40805871851377,39.96031051138218,0.0 -111.40807454153843,39.96297225856515,0.0 -111.40980408414035,39.962966157395755,0.0 -111.40981997633654,39.96562790277556,0.0 -111.41154958547713,39.96562177522904,0.0 -111.41155756590469,39.96695264716997,0.0 -111.41328720805144,39.9669464935299,0.0 -111.41327919408707,39.96561562187741,0.0 -111.41500880216412,39.96560944272073,0.0 -111.4150007551981,39.964278571050045,0.0 -111.41327118065558,39.96428474991708,0.0 -111.413247143558,39.96029213218917,0.0 -111.41497661751026,39.960285954191015,0.0 -111.41496857268429,39.958955081289005,0.0 -111.42361576674922,39.95892380576179,0.0 -111.4236075548418,39.957592934018066,0.0 -111.42533695850236,39.95758660181274,0.0 -111.42536994351465,39.9629100857529,0.0 -111.42364040574807,39.96291641914568,0.0 -111.42364861984,39.964247289657884,0.0 -111.42537819113865,39.96424095596821,0.0 -111.42538643931108,39.96557182587561,0.0 -111.42365683447814,39.96557815986218,0.0 -111.42366504966255,39.966909029758575,0.0 -111.42193541074677,39.966915338235935,0.0 -111.42191904799513,39.96425359754384,0.0 -111.42018947560629,39.96425987962605,0.0 -111.42022206913492,39.96958336095675,0.0 -111.42195177567467,39.96957707769653,0.0 -111.42195995895484,39.970907946964964,0.0 -111.4236896984937,39.97090163760043,0.0 -111.42369791586356,39.97223250626521,0.0 -111.42542768840146,39.97222617079395,0.0 -111.42541943748616,39.970895302426115,0.0 -111.42887891382286,39.97088255464832,0.0 -111.42886227947,39.96822081818391,0.0 -111.43232161942639,39.96820796837207,0.0 -111.4323132360023,39.966877100280286,0.0 -111.43404287160682,39.9668706369665,0.0 -111.43405970609184,39.969532372236145,0.0 -111.43924881077592,39.96951282562654,0.0 -111.43923177505337,39.9668510921893,0.0 -111.44096140840578,39.966844525651716,0.0 -111.44086738364314,39.95220497311067,0.0 -111.44259664765228,39.952198384165676,0.0 -111.44265670827828,39.96151446520493,0.0 -111.44784520080357,39.961494537076376,0.0 -111.44783651842117,39.96016367021465,0.0 -111.451295443501,39.960150256419645,0.0 -111.45128669464633,39.958819389878656,0.0 -111.44955726592094,39.95882610936101,0.0 -111.44954855117052,39.95749524219699,0.0 -111.44781915538822,39.957501935567066,0.0 -111.4478104747376,39.956171067781206,0.0 -111.44953983699956,39.95616437472489,0.0 -111.44952241039582,39.95350263885658,0.0 -111.45643958549223,39.953475611204894,0.0 -111.45644843256753,39.95480647802602,0.0 -111.46682437861392,39.95476516080517,0.0 -111.46683342738422,39.95609602538127,0.0 -111.47720955287643,39.95605377757372,0.0 -111.47721880336688,39.9573846398611,0.0 -111.48759510783363,39.95734146138546,0.0 -111.48760456006941,39.95867232134042,0.0 -111.49798104303937,39.95862821211547,0.0 -111.49799069704557,39.95995906969434,0.0 -111.5083673580473,39.959914029638924,0.0 -111.50837721384902,39.96124488479802,0.0 -111.51529510887485,39.96121434068639,0.0 -111.51530509944224,39.96254519410513,0.0 -111.51357559314914,39.96255286919271,0.0 -111.51358555085115,39.96388372266269,0.0 -111.51185601036615,39.96389137230772,0.0 -111.51184608619393,39.96256051847916,0.0 -111.51011657857883,39.96256814196446,0.0 -111.51012646922122,39.96389899615039,0.0 -111.5083969274186,39.963906594190675,0.0 -111.50841664361006,39.9665683023493,0.0 -111.50322781307835,39.96659094377802,0.0 -111.5032375715474,39.967921798455926,0.0 -111.5015079265327,39.96792929434038,0.0 -111.50152737833739,39.97059100347354,0.0 -111.49287880820542,39.97062809928029,0.0 -111.49285969180326,39.96796638666963,0.0 -111.48940039344706,39.9679810429574,0.0 -111.48939090327347,39.966650185502495,0.0 -111.48766128668478,39.966657474595166,0.0 -111.48767074332123,39.967988332391755,0.0 -111.48594109256653,39.96799559601972,0.0 -111.48595051629242,39.96932645384845,0.0 -111.48768020058654,39.96931918987999,0.0 -111.48770857615604,39.973311760494575,0.0 -111.48943836045277,39.97330446969336,0.0 -111.48944785378224,39.97463532560643,0.0 -111.49117767099592,39.97462800865105,0.0 -111.49118719850722,39.975958863912766,0.0 -111.49291704863779,39.975951520800834,0.0 -111.49294573563809,39.97994408370299,0.0 -111.49640563531848,39.979929317962316,0.0 -111.49644416205707,39.98525272807886,0.0 -111.49817424518798,39.98524530509126,0.0 -111.49815491340804,39.98258360134568,0.0 -111.50161494348018,39.98256867930353,0.0 -111.50162467617596,39.98389953063115,0.0 -111.50508477078623,39.98388450460686,0.0 -111.50506517179232,39.98122280305162,0.0 -111.50679515099633,39.98121525201639,0.0 -111.50678531891786,39.97988440112994,0.0 -111.50851526390908,39.97987682463165,0.0 -111.50850539892774,39.97854597379178,0.0 -111.51196521982652,39.97853074405829,0.0 -111.51194535761873,39.975869042880575,0.0 -111.51367519997213,39.97586139000775,0.0 -111.51366523630895,39.97453053931475,0.0 -111.51885465873538,39.97450742690042,0.0 -111.51882446981327,39.97051487621989,0.0 -111.52055417531766,39.97050712154842,0.0 -111.52054408014114,39.96917627106786,0.0 -111.5222737514335,39.96916849095283,0.0 -111.5222636233898,39.967837640528316,0.0 -111.52399326047026,39.967829834972136,0.0 -111.52398309956384,39.966498984604904,0.0 -111.52744230462326,39.966483296810594,0.0 -111.52743207732473,39.965152446870086,0.0 -111.53089121259626,39.9651366565979,0.0 -111.53090150696234,39.96646750579823,0.0 -111.53263110710617,39.96645957158534,0.0 -111.53264143569271,39.96779042010506,0.0 -111.53437106868563,39.96778245971461,0.0 -111.53438143149712,39.96911330755251,0.0 -111.53611109733902,39.9691053209821,0.0 -111.53613189211218,39.97176701498293,0.0 -111.53786162434542,39.97175900185455,0.0 -111.53787205631384,39.97308984801626,0.0 -111.54133158578632,39.97307374357719,0.0 -111.54134208554214,39.97440458867525,0.0 -111.54307188277899,39.974396497360964,0.0 -111.54308241678204,39.975727341770984,0.0 -111.54481224686735,39.97571922426472,0.0 -111.54482281512213,39.977050067985424,0.0 -111.5465526780558,39.97704192428478,0.0 -111.54657388378274,39.97970361003628,0.0 -111.54830381312021,39.979695439755915,0.0 -111.54831445059914,39.98102628178545,0.0 -111.55004441278696,39.98101808530465,0.0 -111.55005508453326,39.98234892664116,0.0 -111.5517850795713,39.982340703957554,0.0 -111.55179578558943,39.983671544599765,0.0 -111.55352581347759,39.98366329571095,0.0 -111.55353655377202,39.98499413565762,0.0 -111.55526661451023,39.98498586056118,0.0 -111.5552773890854,39.986316699811105,0.0 -111.55700748267351,39.98630839850463,0.0 -111.55701829153392,39.98763923705655,0.0 -111.55874841797184,39.987630909537636,0.0 -111.55877010499317,39.99029258493398,0.0 -111.56050029785382,39.99028423080872,0.0 -111.56051117602148,39.99161506765189,0.0 -111.5622414017339,39.99160668730817,0.0 -111.56225231420247,39.99293752344959,0.0 -111.56398257276656,39.992929116884994,0.0 -111.5639935195405,39.99425995232342,0.0 -111.56572381095614,39.99425151953556,0.0 -111.56573479203992,39.99558235426973,0.0 -111.56746511630702,39.995573895256186,0.0 -111.56747613170509,39.99690472928487,0.0 -111.56920648882353,39.996896244043256,0.0 -111.56921753854037,39.998227077365215,0.0 -111.57094792851005,39.998218565893104,0.0 -111.57097009732742,40.00088023081201,0.0 -111.57270055373871,40.00087169270689,0.0 -111.57271167284598,40.002202524302554,0.0 -111.57444216211047,40.00219395996091,0.0 -111.5744533155522,40.0035247908461,0.0 -111.57618383766977,40.003516200265544,0.0 -111.57619502545045,40.004847030439,0.0 -111.57792558042098,40.004838413617115,0.0 -111.5779704733959,40.01016172960408,0.0 -111.58143184991602,40.01014441519898,0.0 -111.58144314224232,40.0114752426114,0.0 -111.57798169850592,40.011492557827886,0.0 -111.57799292436259,40.012823385742514,0.0 -111.58145443531971,40.01280606971461,0.0 -111.58147702372804,40.01546772299338,0.0 -111.58493866613495,40.01545030194923,0.0 -111.58495002869991,40.01678112730843,0.0 -111.59187343889407,40.01674597339404,0.0 -111.59188493669095,40.01807679679666,0.0 -111.5936158209521,40.01806794327979,0.0 -111.59362735313489,40.019398765958236,0.0 -111.59535827025009,40.01938988617475,0.0 -111.59538140416583,40.02205152977141,0.0 -111.59711238776042,40.0220426233016,0.0 -111.59712398950013,40.02337344421854,0.0 -111.5988550059507,40.0233645114761,0.0 -111.59886664209205,40.02469533166511,0.0 -111.60059769139848,40.024686372647615,0.0 -111.60060936194594,40.02601719210743,0.0 -111.60234044410811,40.02600820681249,0.0 -111.60235214906614,40.02733902554187,0.0 -111.60408326408395,40.02733001396708,0.0 -111.60409500345703,40.028660831964764,0.0 -111.60582615133038,40.028651794107724,0.0 -111.60583792512298,40.029982611372475,0.0 -111.60756910585171,40.02997354723078,0.0 -111.60759272307044,40.03263517998243,0.0 -111.60932397029742,40.032626089127724,0.0 -111.60933581373031,40.03395690461337,0.0 -111.61106709381464,40.03394778746796,0.0 -111.61107897168279,40.03527860221691,0.0 -111.61281028462435,40.03526945877841,0.0 -111.6128221969322,40.036600272789414,0.0 -111.61455354273089,40.03659110305541,0.0 -111.61456548948294,40.03792191632721,0.0 -111.6162968681386,40.037912720295274,0.0 -111.61630884933935,40.03924353282667,0.0 -111.6180402608519,40.03923431049441,0.0 -111.61805227650578,40.04056512228413,0.0 -111.61978372087508,40.040555873649154,0.0 -111.61980782189976,40.04321749543305,0.0 -111.62153933278617,40.043208220058396,0.0 -111.62155141816373,40.04453903005134,0.0 -111.62328296190883,40.04452972836792,0.0 -111.62331932386716,40.048522155181395,0.0 -111.62158767912071,40.04853145817227,0.0 -111.62162394731533,40.052523883506296,0.0 -111.619892200743,40.05253316192328,0.0 -111.61996455674775,40.06051800683871,0.0 -111.61823260726904,40.06052726197528,0.0 -111.61824463571962,40.061858068810956,0.0 -111.61651265174874,40.06186729849107,0.0 -111.61652464730543,40.063198105449466,0.0 -111.61479262884224,40.063207309670695,0.0 -111.61482851920506,40.06719972998166,0.0 -111.61309639884965,40.06720890960152,0.0 -111.61310833019267,40.06853971618261,0.0 -111.61137617534011,40.06854887033631,0.0 -111.61138807377145,40.0698796770366,0.0 -111.60965588442163,40.06988880572166,0.0 -111.60966774993676,40.071219612539984,0.0 -111.60793552608958,40.07122871575397,0.0 -111.60794735868406,40.07255952268914,0.0 -111.5992860591323,40.072604652391455,0.0 -111.59929772395112,40.073935461131065,0.0 -111.5941008337504,40.07396222940524,0.0 -111.59411239820018,40.07529303908928,0.0 -111.59238006620957,40.07530191046008,0.0 -111.59236853547496,40.07397110036049,0.0 -111.58717163605448,40.07399755781734,0.0 -111.5871602072262,40.07266674616904,0.0 -111.58369567123289,40.07268425414572,0.0 -111.58368431058692,40.07135344136794,0.0 -111.5819520751663,40.07136215609744,0.0 -111.58194074898499,40.07003134260209,0.0 -111.58020854651959,40.070040031025364,0.0 -111.58019725479845,40.0687092168137,0.0 -111.57500074402344,40.06873512548137,0.0 -111.57498955416699,40.06740430974676,0.0 -111.57152527733311,40.067421451904195,0.0 -111.57151415562589,40.066090635057336,0.0 -111.56978204980028,40.066099166892705,0.0 -111.56977096253323,40.06476834933696,0.0 -111.56803888967019,40.06477685487927,0.0 -111.56801678474275,40.0621152180433,0.0 -111.56455277160063,40.062132149861164,0.0 -111.56453080438442,40.05947051020214,0.0 -111.5610669230895,40.059487336879116,0.0 -111.56105600795598,40.05815651579761,0.0 -111.55932409990739,40.05816488991074,0.0 -111.55931321918713,40.05683406812783,0.0 -111.55411759176836,40.05685903397231,0.0 -111.55408525709504,40.052866563260444,0.0 -111.55235348089995,40.05287483227358,0.0 -111.55234273778792,40.05154400769748,0.0 -111.5488792506126,40.051560467304185,0.0 -111.54886857556761,40.05022964164795,0.0 -111.54713686458976,40.0502378322451,0.0 -111.54711558397604,40.047576179238206,0.0 -111.54884722760808,40.04756798940846,0.0 -111.54883655469342,40.04623716282525,0.0 -111.54710494473093,40.04624535227129,0.0 -111.54709430619359,40.0449145249954,0.0 -111.54363115148227,40.044930825493246,0.0 -111.54361001118677,40.042269168487216,0.0 -111.54014698831902,40.04228536396469,0.0 -111.54013648654752,40.040954534239496,0.0 -111.5349420479943,40.04097863227664,0.0 -111.5349316478974,40.039647801113496,0.0 -111.53320020065166,40.03965578167426,0.0 -111.53318983490308,40.038324949828365,0.0 -111.52972700565829,40.03834083259263,0.0 -111.52971670790797,40.037009999693765,0.0 -111.52798532591129,40.03701790190085,0.0 -111.52796479976782,40.034356234436174,0.0 -111.51930821609989,40.03439535377479,0.0 -111.51927793668912,40.03040284476342,0.0 -111.5175467188695,40.03041058994325,0.0 -111.51753666071662,40.02907975262579,0.0 -111.51580547586924,40.02908747158114,0.0 -111.51581550038077,40.03041830926028,0.0 -111.51408428122518,40.03042600271447,0.0 -111.51407429035507,40.029095164674864,0.0 -111.51234310417634,40.029102831906926,0.0 -111.51233314761001,40.02777199319939,0.0 -111.50887084054635,40.02778724936358,0.0 -111.50886095191643,40.02645640963255,0.0 -111.50712983103391,40.02646399856827,0.0 -111.50711997669663,40.025133158173034,0.0 -111.50365780023718,40.02514825775887,0.0 -111.50363822805546,40.02248657462757,0.0 -111.50017618351885,40.02250156937535,0.0 -111.50016646566107,40.021170726644215,0.0 -111.49843547605043,40.021178184884896,0.0 -111.49842579246523,40.01984734149575,0.0 -111.49669483583668,40.019854773533524,0.0 -111.49670448579563,40.02118561727094,0.0 -111.49497349489893,40.021193023802304,0.0 -111.49492541963127,40.01453880029496,0.0 -111.49665624241892,40.01453139549872,0.0 -111.49660801508394,40.00787716601384,0.0 -111.49487736034946,40.007884569075294,0.0 -111.49485814111145,40.00522287442803,0.0 -111.4896663746992,40.00524492648978,0.0 -111.48968539231979,40.00790662320398,0.0 -111.48795473504194,40.007913922894915,0.0 -111.48797368797756,40.01057561905952,0.0 -111.48278151072601,40.01059736511407,0.0 -111.48271589212149,40.001281416007984,0.0 -111.4861768738219,40.001266949229944,0.0 -111.48616743504309,39.99993609880208,0.0 -111.48270652052878,39.999950564902164,0.0 -111.48269714955934,39.99861971348797,0.0 -111.48096672495706,39.9986269074476,0.0 -111.4809760623356,39.99995775919894,0.0 -111.47405422337484,39.99998627803039,0.0 -111.47404502036034,39.99865542494253,0.0 -111.4705841643807,39.99866952868347,0.0 -111.4705933002129,40.000000382432326,0.0 -111.46540191091829,40.000021345267385,0.0 -111.46538384140233,39.99735963549662,0.0 -111.46711423792408,39.99735267437319,0.0 -111.46710517048055,39.996021819351675,0.0 -111.46191407987568,39.996042624246805,0.0 -111.46192304655855,39.99737348024338,0.0 -111.46365344427976,39.997366570786696,0.0 -111.46367144661524,40.00002828120754,0.0 -111.45674958343841,40.00005576660982,0.0 -111.45674071633717,39.99872491026543,0.0 -111.4584711494301,39.998718077988876,0.0 -111.45846224932929,39.99738722165649,0.0 -111.45673184982566,39.99739405361286,0.0 -111.45672298390383,39.99606319665211,0.0 -111.45499261739762,39.996070002456015,0.0 -111.45500144973236,39.997400859735734,0.0 -111.45327104905162,39.997407640025095,0.0 -111.45328864830246,40.00006935429558,0.0 -111.4550191161642,40.00006257337068,0.0 -111.45503678494616,40.00272428577293,0.0 -111.45330624989448,40.00273106733344,0.0 -111.45331505156855,40.00406192339012,0.0 -111.45504562021853,40.004055141511785,0.0 -111.4550632925263,40.00671685206495,0.0 -111.45679392779188,40.00671004370896,0.0 -111.45681166966286,40.009371752391246,0.0 -111.46373447365083,40.00934425797101,0.0 -111.46374347990874,40.010675110561365,0.0 -111.46893567744549,40.010654217402035,0.0 -111.46895389343373,40.013315919699735,0.0 -111.47414628719301,40.01329479195159,0.0 -111.47415549694317,40.01462564164789,0.0 -111.47588632725645,40.014618547037166,0.0 -111.47589557123709,40.015949396092694,0.0 -111.47762643455339,40.01594227529935,0.0 -111.47763571276901,40.01727312371283,0.0 -111.47936660908823,40.017265976734464,0.0 -111.47938523461781,40.01992767196647,0.0 -111.48111619756432,40.01992049846452,0.0 -111.48110685086534,40.01858965133884,0.0 -111.4828377795657,40.018582452320544,0.0 -111.48284715988912,40.01991329910888,0.0 -111.48804004311071,40.01989154591996,0.0 -111.4880590073956,40.02255323653263,0.0 -111.49498311187129,40.02252386757826,0.0 -111.49500234773521,40.025185554204654,0.0 -111.49327125530642,40.02519293591892,0.0 -111.49326167068763,40.0238620924141,0.0 -111.49153061125436,40.02386944792534,0.0 -111.49155926611755,40.02786197854836,0.0 -111.49502158615839,40.02784723959699,0.0 -111.49506969341557,40.0345014476787,0.0 -111.49333836549285,40.034508831814506,0.0 -111.49337672820374,40.039832194110346,0.0 -111.4985711139003,40.03980995993586,0.0 -111.4985808071527,40.041140798696766,0.0 -111.50031230142466,40.041133335212336,0.0 -111.50032202898392,40.042464173314954,0.0 -111.50897965890161,40.04242646603495,0.0 -111.50899945261372,40.045088137780965,0.0 -111.5107310439613,40.045080517989305,0.0 -111.51074097547342,40.04641135304232,0.0 -111.51247259982868,40.04640370701619,0.0 -111.51248256567214,40.04773454140229,0.0 -111.514214223035,40.04772686913929,0.0 -111.5142542277442,40.05305020215885,0.0 -111.51252243567669,40.05305787585977,0.0 -111.51253240483575,40.05438870870239,0.0 -111.50906875134966,40.054403979169074,0.0 -111.50907865380383,40.05573481241841,0.0 -111.5108105145615,40.05572718977032,0.0 -111.51083038882135,40.058388854628696,0.0 -111.50909846068875,40.058396477991,0.0 -111.50913808236618,40.06371980543195,0.0 -111.50394188969231,40.063742524445175,0.0 -111.50395169565972,40.06507335659799,0.0 -111.50048749654471,40.065088373843615,0.0 -111.50049723576004,40.066419206391274,0.0 -111.50396150227957,40.06640418844215,0.0 -111.50397130955191,40.067735019977654,0.0 -111.50743564087023,40.067719897737064,0.0 -111.50745539220367,40.070381558465215,0.0 -111.50918762429377,40.07037395778746,0.0 -111.50919753465722,40.07170478733244,0.0 -111.51092979979896,40.071697160398095,0.0 -111.51096958271395,40.07702047406168,0.0 -111.51443438074247,40.07700513961854,0.0 -111.51444439557005,40.078335966544294,0.0 -111.51617682730797,40.07832826010378,0.0 -111.51618687652628,40.0796590863598,0.0 -111.51791934131981,40.079651353650604,0.0 -111.51794959417333,40.083643829479215,0.0 -111.51968215948204,40.08363606977202,0.0 -111.51971251958166,40.087628541730965,0.0 -111.51797985306665,40.08763630252862,0.0 -111.51800002901828,40.09029794968416,0.0 -111.51453455901228,40.090313394981365,0.0 -111.51455460266682,40.092975042348556,0.0 -111.51975300914351,40.09295183335265,0.0 -111.51974288574264,40.09162101091048,0.0 -111.52840671430093,40.09158181269143,0.0 -111.52841700643435,40.09291263329762,0.0 -111.53014980384677,40.09290471552762,0.0 -111.53013947796698,40.091573895292264,0.0 -111.53880328594578,40.09153391952121,0.0 -111.53879279203332,40.09020310084926,0.0 -111.54399096722732,40.09017880550555,0.0 -111.54400156237102,40.09150962303955,0.0 -111.54573431977231,40.09150147237601,0.0 -111.54574494936698,40.092832289219196,0.0 -111.54921052953695,40.092815909370636,0.0 -111.54922122733511,40.09414672513756,0.0 -111.55268687215357,40.09413024083992,0.0 -111.55269763816403,40.0954610555257,0.0 -111.55616334761707,40.095444466769464,0.0 -111.55621752598556,40.10209853167646,0.0 -111.55795054841553,40.10209019646431,0.0 -111.55796142001616,40.103421008127846,0.0 -111.5562283638227,40.103429343730376,0.0 -111.5562392023811,40.10476015547516,0.0 -111.55797229234028,40.10475181948224,0.0 -111.55798316538798,40.10608263052743,0.0 -111.55971628839151,40.10607426821285,0.0 -111.55973810420045,40.108735888592406,0.0 -111.5580049136543,40.10874425169028,0.0 -111.55801578887304,40.11007506180794,0.0 -111.5545493380623,40.11009171098234,0.0 -111.55458176538595,40.11408414181942,0.0 -111.55284843756255,40.114092428668364,0.0 -111.55280533768249,40.10876918538175,0.0 -111.5510721442549,40.10877744474475,0.0 -111.55106140485013,40.10744663276345,0.0 -111.54759508339842,40.107463072918044,0.0 -111.54760575525776,40.10879388566929,0.0 -111.5458725596927,40.1088020672308,0.0 -111.54586192160615,40.107471254096396,0.0 -111.54412875910594,40.10747940934206,0.0 -111.54411815549796,40.106148595516636,0.0 -111.54238502606269,40.10615672444889,0.0 -111.54236388849814,40.10349509510949,0.0 -111.53889776258913,40.103511273663905,0.0 -111.53887676288923,40.100849641573,0.0 -111.53714376641128,40.10085769120246,0.0 -111.53713330136898,40.09952687431648,0.0 -111.53193440904448,40.09955086652044,0.0 -111.53200696987304,40.10886658610002,0.0 -111.53720657129237,40.10884258602927,0.0 -111.53721704121091,40.11017340075222,0.0 -111.5389502740688,40.110165348483406,0.0 -111.53893977037495,40.10883453413754,0.0 -111.54067296875851,40.10882645631182,0.0 -111.54068350622762,40.11015727027935,0.0 -111.54241673768514,40.1101491661401,0.0 -111.54240616644084,40.10881835255209,0.0 -111.54413936341965,40.108810222858395,0.0 -111.5441499684391,40.1101410360657,0.0 -111.54761642782736,40.11012469811146,0.0 -111.54762710110724,40.111455510244525,0.0 -111.54936036351428,40.11144730198038,0.0 -111.54937107128401,40.11277811341994,0.0 -111.55110436675788,40.11276987883391,0.0 -111.55112585200096,40.11543150001435,0.0 -111.55285921432544,40.11542323871715,0.0 -111.55288077000303,40.11808485788725,0.0 -111.55114734010407,40.11809311995823,0.0 -111.55115808522827,40.119423929466464,0.0 -111.55289154891786,40.11941566700855,0.0 -111.55291310889979,40.1220772843237,0.0 -111.55117957762221,40.12208554755548,0.0 -111.5512225709938,40.12740878002365,0.0 -111.54948890379777,40.12741701885256,0.0 -111.5495103371612,40.13007863400333,0.0 -111.54604286540118,40.13009503534454,0.0 -111.54608547017357,40.135418265008475,0.0 -111.54435159797136,40.135426428277945,0.0 -111.54436221711688,40.136757235303335,0.0 -111.54609612313918,40.136749071651614,0.0 -111.54612808629085,40.140741489726274,0.0 -111.5443940787948,40.140749654524825,0.0 -111.54440470076807,40.14208046031373,0.0 -111.54787278270899,40.14206410398775,0.0 -111.54791554835076,40.147387320988436,0.0 -111.5461813723963,40.1473955136678,0.0 -111.54620269180484,40.15005712108034,0.0 -111.54793693544212,40.15004892763377,0.0 -111.54794763005563,40.151379730492664,0.0 -111.54101051587816,40.151412349976646,0.0 -111.54102107581507,40.152743154053645,0.0 -111.53755244680517,40.15275930871486,0.0 -111.53754195456283,40.151428503881526,0.0 -111.5358076728564,40.151436541874574,0.0 -111.53584951061386,40.15675976085878,0.0 -111.53411509280807,40.15676777437948,0.0 -111.53412552013182,40.158098578728,0.0 -111.53065661472712,40.158114528582495,0.0 -111.53066697502753,40.159445333368716,0.0 -111.5271979991464,40.159461180048545,0.0 -111.5272082924143,40.160791985267615,0.0 -111.51680114522999,40.160838903972795,0.0 -111.5168112360017,40.1621697110795,0.0 -111.51160755171918,40.162192820759984,0.0 -111.51162753207494,40.164854436210504,0.0 -111.51683141956055,40.16483132436609,0.0 -111.51684151234778,40.166162130545956,0.0 -111.5220454953976,40.166138783739456,0.0 -111.52205569047479,40.16746958851738,0.0 -111.52552507686332,40.167453893311965,0.0 -111.52555586942992,40.171446303587295,0.0 -111.5290254563471,40.17143050221186,0.0 -111.52903578966567,40.1727613042792,0.0 -111.53424026652031,40.17273740616241,0.0 -111.53422983155775,40.171406605213825,0.0 -111.53769941156179,40.17139054392554,0.0 -111.53770991428676,40.17272134412222,0.0 -111.54117955925618,40.17270517811244,0.0 -111.5411901304471,40.174035977243186,0.0 -111.54292498576056,40.17402785486956,0.0 -111.54293559154087,40.17535865331087,0.0 -111.5464053678182,40.17534232981894,0.0 -111.5464587462349,40.18199631356675,0.0 -111.54298863103537,40.18201264087978,0.0 -111.54300985177757,40.184674233743024,0.0 -111.54648010257758,40.18465790490133,0.0 -111.5464907818154,40.18598870010479,0.0 -111.54822594005344,40.18598049629512,0.0 -111.54823665390802,40.18731129080532,0.0 -111.55170703605306,40.18729480440119,0.0 -111.55164235682487,40.17931003733114,0.0 -111.55337734342241,40.1793017574466,0.0 -111.55336653217088,40.177970962240096,0.0 -111.55510148415667,40.177962656746146,0.0 -111.55506895305824,40.17397027043731,0.0 -111.55853865153746,40.17395358380221,0.0 -111.55852774151614,40.172622788528486,0.0 -111.56026255578456,40.172614406613455,0.0 -111.5602516126091,40.17128361142281,0.0 -111.57066027955872,40.17123277648181,0.0 -111.57071601926664,40.17788673744171,0.0 -111.5724509639306,40.1778781719797,0.0 -111.57250689167635,40.18453212319892,0.0 -111.57077177753293,40.18454069066596,0.0 -111.57078293141379,40.185871480382495,0.0 -111.56731263309587,40.185888538106745,0.0 -111.56732371990938,40.187219328312324,0.0 -111.56558853573698,40.187227818565844,0.0 -111.56562169887822,40.191220188518436,0.0 -111.56735698477944,40.191211697072596,0.0 -111.56737916505126,40.193873274699,0.0 -111.56911451804449,40.19386475644686,0.0 -111.56912564320668,40.19519554439721,0.0 -111.56739025629486,40.195204063048074,0.0 -111.56743462865522,40.20052721335004,0.0 -111.56396358122379,40.20054417578958,0.0 -111.56402975470098,40.20852889672348,0.0 -111.56055829710405,40.20854575982801,0.0 -111.56056926070035,40.20987654635664,0.0 -111.55883349686198,40.209884939264434,0.0 -111.55882256720938,40.20855415234301,0.0 -111.55361537316766,40.20857917373855,0.0 -111.55362620098883,40.20990996183107,0.0 -111.55189043425261,40.20991825063425,0.0 -111.55190122884868,40.21124903880538,0.0 -111.55016542744744,40.21125730196906,0.0 -111.55017618881385,40.212588090217615,0.0 -111.54844035274748,40.21259632773934,0.0 -111.54847253928762,40.2165886917858,0.0 -111.54673660064749,40.216596904431796,0.0 -111.54674729696559,40.217927692213046,0.0 -111.54501132365547,40.21793587920978,0.0 -111.54500066129508,40.21660509104539,0.0 -111.54326472123262,40.21661325162651,0.0 -111.54327534963528,40.21794404017284,0.0 -111.54153937490726,40.217952175102205,0.0 -111.54157116247538,40.221944540027856,0.0 -111.54330723909037,40.221936403956256,0.0 -111.54331787032463,40.22326719126555,0.0 -111.54679008936196,40.223250840245136,0.0 -111.54682219114088,40.22724319802157,0.0 -111.55029461115511,40.227226740536736,0.0 -111.55030538112486,40.228557525073406,0.0 -111.55204162403288,40.2285492568809,0.0 -111.55205242869782,40.2298800407213,0.0 -111.54857987420864,40.22989655183565,0.0 -111.54859061163283,40.23122733613937,0.0 -111.54685429933423,40.23123555301422,0.0 -111.54687570836076,40.23389712146277,0.0 -111.54340294569222,40.23391347860581,0.0 -111.54342422161761,40.236575047348026,0.0 -111.53821486837667,40.236599389978245,0.0 -111.5382254054268,40.23793017502455,0.0 -111.53996189120376,40.23792208648679,0.0 -111.54002533224327,40.245906787998926,0.0 -111.54176202131444,40.24589867113055,0.0 -111.54181507827882,40.25255257865284,0.0 -111.54007821914679,40.252560697420456,0.0 -111.54010995974447,40.25655303936185,0.0 -111.54184692094019,40.256544919454505,0.0 -111.54185753657475,40.2578756991031,0.0 -111.54880551036663,40.25784295725134,0.0 -111.54879475862951,40.25651217913469,0.0 -111.55053171626713,40.25650392888226,0.0 -111.55052093122295,40.25517315084223,0.0 -111.54878400760857,40.25518140070864,0.0 -111.54877325730372,40.25385062197324,0.0 -111.55051014689712,40.25384237249284,0.0 -111.55049936328962,40.252511593834036,0.0 -111.54876250771491,40.25251984292846,0.0 -111.54875175884212,40.251189063574294,0.0 -111.55048858040038,40.25118081486585,0.0 -111.55047779822934,40.2498500355883,0.0 -111.55221458505528,40.249841761202994,0.0 -111.55222540124043,40.25117254009337,0.0 -111.55396222136002,40.251164239256866,0.0 -111.55395137116082,40.249833460754886,0.0 -111.55568815654365,40.24982513424402,0.0 -111.55567727305537,40.24849435582223,0.0 -111.56088752281026,40.24846922108948,0.0 -111.56089850833345,40.249799998335156,0.0 -111.5626352908029,40.24979156757356,0.0 -111.56264631107165,40.25112234411527,0.0 -111.56438312682083,40.251113886895354,0.0 -111.56437207253836,40.249783110749355,0.0 -111.56784563379819,40.249766118913264,0.0 -111.56785675610796,40.25109689426418,0.0 -111.56959356964137,40.251088358852975,0.0 -111.56960472670785,40.25241913349499,0.0 -111.57307841957453,40.25240198367913,0.0 -111.5729774206036,40.2404250079784,0.0 -111.57471395985704,40.240416397600036,0.0 -111.57469145587369,40.23775484484488,0.0 -111.57816439615355,40.237737547545564,0.0 -111.5781530773046,40.23640677151304,0.0 -111.58509881283753,40.236371865932064,0.0 -111.58507590550417,40.233710316204906,0.0 -111.58160317520264,40.23372781945728,0.0 -111.58159179064747,40.23239704331014,0.0 -111.57811912528052,40.232414441557864,0.0 -111.57810780944655,40.231083664286956,0.0 -111.57637150961304,40.23109232393589,0.0 -111.57636022851202,40.22976154595017,0.0 -111.57462396190655,40.22977017914982,0.0 -111.5746014699103,40.22710862144165,0.0 -111.57112907035888,40.2271258081,0.0 -111.57111789342952,40.22579502797731,0.0 -111.56938172650885,40.225803581843614,0.0 -111.56937058429433,40.22447280101111,0.0 -111.56763445060216,40.2244813284378,0.0 -111.56762334309796,40.22315054689674,0.0 -111.56588724263439,40.22315904788623,0.0 -111.56585402645123,40.21916670021272,0.0 -111.5675900250233,40.21915820041666,0.0 -111.56753450968881,40.21250428342709,0.0 -111.5692703377477,40.212495759591405,0.0 -111.56924806889545,40.20983419142717,0.0 -111.57271958699947,40.20981706727378,0.0 -111.57270838579878,40.208486283528885,0.0 -111.57444410978977,40.20847768281594,0.0 -111.57439917669473,40.203154546351456,0.0 -111.57613476418737,40.203145921228824,0.0 -111.5761234988516,40.20181513674263,0.0 -111.57959460372047,40.20179780924935,0.0 -111.57957193958548,40.19913624097035,0.0 -111.57610097043036,40.199153566841666,0.0 -111.5760784450091,40.19649199570265,0.0 -111.57781386211491,40.19648334658469,0.0 -111.57779127185432,40.19382177501729,0.0 -111.5760559225874,40.193830423325615,0.0 -111.57603340316477,40.19116884971055,0.0 -111.57776868460189,40.19116020221181,0.0 -111.57770094088886,40.18317547636713,0.0 -111.58117109463548,40.18315810822219,0.0 -111.58115973885171,40.181827320311136,0.0 -111.57768965290089,40.181844687643085,0.0 -111.57767836566445,40.180513898609554,0.0 -111.58461839895959,40.18047906157598,0.0 -111.5846069769013,40.17914827386365,0.0 -111.58981189221593,40.17912187433646,0.0 -111.58989257449431,40.188437373170046,0.0 -111.58815736618806,40.18844620190245,0.0 -111.58816886138892,40.18977698662492,0.0 -111.58990410360406,40.18976815747925,0.0 -111.59001943693266,40.20307598354164,0.0 -111.58828385550461,40.203084816820876,0.0 -111.58829535912814,40.20441559813754,0.0 -111.58655974300035,40.20442440580955,0.0 -111.58657121345387,40.20575518722883,0.0 -111.5883068635177,40.20574637914457,0.0 -111.58831836867336,40.207077159841965,0.0 -111.59005405190932,40.207068325322346,0.0 -111.59007713240239,40.20972988496121,0.0 -111.59181288275308,40.209721023589076,0.0 -111.5918360342124,40.2123825811598,0.0 -111.59357185168437,40.21237369293025,0.0 -111.59359507412843,40.215035248430254,0.0 -111.6022744893493,40.214990412668335,0.0 -111.60228627150005,40.2163211878554,0.0 -111.60402218615312,40.216312142189096,0.0 -111.60403400304435,40.217642916643,0.0 -111.60750589789903,40.21762474636609,0.0 -111.6075177834933,40.21895551965983,0.0 -111.60925376369248,40.218946395045606,0.0 -111.60924184414029,40.21761562217889,0.0 -111.6109777895878,40.21760647195925,0.0 -111.61096583687373,40.21627569921092,0.0 -111.61790947485925,40.21623883973366,0.0 -111.61793365273616,40.21890038147024,0.0 -111.61966962813861,40.21889110065457,0.0 -111.6197181294071,40.22421417867095,0.0 -111.616245906091,40.22423271773893,0.0 -111.61625796548917,40.22556348733572,0.0 -111.61278567102265,40.22558192311284,0.0 -111.61276168890102,40.222920381883874,0.0 -111.61102560840466,40.22292955985386,0.0 -111.61104952259032,40.225591101941895,0.0 -111.60931337336162,40.22560025473122,0.0 -111.60933722278757,40.2282617964364,0.0 -111.6110734399614,40.22825264279038,0.0 -111.61108539984164,40.22958341274978,0.0 -111.60587664401163,40.2296107968427,0.0 -111.60590036228524,40.232272338394885,0.0 -111.60416404080028,40.232281415188424,0.0 -111.60414039048577,40.22961987278675,0.0 -111.60240413617242,40.22962892268729,0.0 -111.60241592695743,40.23095969446655,0.0 -111.60067963788033,40.23096871874583,0.0 -111.60066788107385,40.22963794654427,0.0 -111.59893162519231,40.229646944357675,0.0 -111.59890818187856,40.22698539818306,0.0 -111.59022723055925,40.22702999242113,0.0 -111.59023878195462,40.22836076775027,0.0 -111.59197500774043,40.22835190057027,0.0 -111.59198659388176,40.229682675174736,0.0 -111.59025033411933,40.22969154276971,0.0 -111.59026188705343,40.23102231747944,0.0 -111.59199818079473,40.2310134494695,0.0 -111.59200976847941,40.23234422345454,0.0 -111.59548242160672,40.23232640846611,0.0 -111.5954940780298,40.23365718130775,0.0 -111.6024395108834,40.233621237095655,0.0 -111.60246309795096,40.23628277848546,0.0 -111.61635446959286,40.23620963295217,0.0 -111.61636653622153,40.237540399759446,0.0 -111.61810298807352,40.237531138911926,0.0 -111.61817560870838,40.24551573064595,0.0 -111.61296563879233,40.24554344281608,0.0 -111.61297764303757,40.24687420831687,0.0 -111.60603086927846,40.246910794777214,0.0 -111.60604273829249,40.24824156168005,0.0 -111.60951619477765,40.248223319714825,0.0 -111.6095281326023,40.249554085454186,0.0 -111.61126489366329,40.249544924952225,0.0 -111.61125292182871,40.2482141596415,0.0 -111.61298964808238,40.248204973507704,0.0 -111.61303767625861,40.253528031171584,0.0 -111.6182482583705,40.2535003112203,0.0 -111.61827248137729,40.25616183559838,0.0 -111.62174633483478,40.25614322356329,0.0 -111.6217585155947,40.25747398441647,0.0 -111.6234954751307,40.25746463886033,0.0 -111.62350769072738,40.25879539896618,0.0 -111.62524468347502,40.25878602690281,0.0 -111.62525693391298,40.260116786260085,0.0 -111.62699395987215,40.260107387687086,0.0 -111.62706768385164,40.268091934680086,0.0 -111.62359322269158,40.26811071102512,0.0 -111.6236054447997,40.26944146865037,0.0 -111.62013091229602,40.26946014155506,0.0 -111.62014306712675,40.27079089974385,0.0 -111.62188036783037,40.270781575895164,0.0 -111.62190474801949,40.27344309047011,0.0 -111.62537948318504,40.273424362777654,0.0 -111.62539174260283,40.27475511872383,0.0 -111.6271291430142,40.27474571531267,0.0 -111.62717832508555,40.28006873423637,0.0 -111.62891586091018,40.28005930297597,0.0 -111.6290021995714,40.289374571062986,0.0 -111.627264425253,40.28938400541231,0.0 -111.62727672855505,40.29071475719684,0.0 -111.62901453695306,40.29070532240616,0.0 -111.62903921418243,40.29336682416195,0.0 -111.62730133761838,40.29337625983536,0.0 -111.62731364337976,40.29470701068939,0.0 -111.62383781962136,40.29472580461048,0.0 -111.62386229724419,40.297387307146344,0.0 -111.62560027771212,40.297377922359274,0.0 -111.62561255184009,40.298708672723016,0.0 -111.630826590608,40.298680360405804,0.0 -111.63085134589734,40.30134185755396,0.0 -111.6325894253668,40.30133236701417,0.0 -111.63261425215727,40.30399386203354,0.0 -111.63435239900173,40.3039843444946,0.0 -111.63436484774206,40.30531509109375,0.0 -111.63957938560267,40.305286380466775,0.0 -111.63956683454946,40.30395563521055,0.0 -111.6413049780626,40.3039460132269,0.0 -111.64131756321999,40.30527675803307,0.0 -111.64305573999872,40.30526710948703,0.0 -111.64306836010104,40.306597853531535,0.0 -111.64480657014524,40.306588178420704,0.0 -111.64481922519704,40.307918921702296,0.0 -111.64655746850659,40.307909220024236,0.0 -111.64660823360363,40.313232188231616,0.0 -111.64486985383728,40.313241891724964,0.0 -111.6448825131059,40.31457263345471,0.0 -111.64314409837611,40.31458231128114,0.0 -111.64313147322743,40.31325156909877,0.0 -111.63965470948635,40.31327084548752,0.0 -111.6396798241403,40.31593233134519,0.0 -111.63620292056731,40.31595150504879,0.0 -111.63621541090004,40.317282248408944,0.0 -111.63447692373921,40.317291796524046,0.0 -111.63451429734342,40.321284026082495,0.0 -111.63277570696431,40.32129354941031,0.0 -111.6327881323588,40.32262429242132,0.0 -111.63452675687185,40.32261476864807,0.0 -111.63453921723057,40.323945510903364,0.0 -111.63280055858128,40.32395503512205,0.0 -111.63281298563184,40.32528577751248,0.0 -111.63107429201588,40.3252952760458,0.0 -111.63111147570729,40.32928750268824,0.0 -111.63285027175262,40.32927800282213,0.0 -111.6328627021161,40.33060874397143,0.0 -111.63807918771568,40.33058008622613,0.0 -111.63809172135704,40.331910825724876,0.0 -111.63635285950626,40.33192040489026,0.0 -111.63636535983085,40.333251144526656,0.0 -111.6450598314688,40.33320298507971,0.0 -111.64504716038465,40.33187224769556,0.0 -111.65026373079736,40.33184303973846,0.0 -111.6502126451522,40.32652009256119,0.0 -111.65195136367369,40.32651030613327,0.0 -111.65192575767901,40.32384883159725,0.0 -111.65540305560432,40.32382918218463,0.0 -111.65539018561563,40.322498445369895,0.0 -111.65886741183962,40.322478692364705,0.0 -111.65888035009907,40.32380942825558,0.0 -111.6606189960543,40.32379951209749,0.0 -111.6606319693135,40.32513024721403,0.0 -111.66237064854177,40.32512030446193,0.0 -111.66240967593299,40.32911250655309,0.0 -111.66414845672038,40.32910253627202,0.0 -111.66422673982697,40.337086929270335,0.0 -111.669443691702,40.33705685318626,0.0 -111.66945684441004,40.338387582858914,0.0 -111.66771782716518,40.33839763483144,0.0 -111.66773094658753,40.33972836466351,0.0 -111.66599189430603,40.3397383909626,0.0 -111.66597880904601,40.33840766066166,0.0 -111.66423979005485,40.33841766034956,0.0 -111.66425284115248,40.33974839111815,0.0 -111.66251378712911,40.33975836513012,0.0 -111.66253982360206,40.342419826668355,0.0 -111.66427894595718,40.342409851723495,0.0 -111.66429199966439,40.343740581560205,0.0 -111.66255284313998,40.34375055697155,0.0 -111.66257888481903,40.3464120166461,0.0 -111.66083965908136,40.34642196684072,0.0 -111.66085264704643,40.34775269667738,0.0 -111.66259190696029,40.34774274601744,0.0 -111.66260492996946,40.349073475078164,0.0 -111.66086563587714,40.34908342620343,0.0 -111.66089161613571,40.35174488432371,0.0 -111.65567352358161,40.351774583563504,0.0 -111.6556477484151,40.349113122665756,0.0 -111.65738704509769,40.34910324999726,0.0 -111.65737412462411,40.34777251954423,0.0 -111.65563486212018,40.34778239175105,0.0 -111.65562197668406,40.34645166052581,0.0 -111.65214351745504,40.34647132556648,0.0 -111.65213070122607,40.3451405931111,0.0 -111.65039150450345,40.34515038594856,0.0 -111.65035316345019,40.34115818534557,0.0 -111.64861406838514,40.34116795066416,0.0 -111.6486013239027,40.33983721605219,0.0 -111.64686226215359,40.33984695477018,0.0 -111.64687497247073,40.341177689837586,0.0 -111.6451358757092,40.34118740286584,0.0 -111.64514855270578,40.34251813807703,0.0 -111.64167028831505,40.34253748660262,0.0 -111.64168289781645,40.34386822240821,0.0 -111.6347262222884,40.343906607495896,0.0 -111.63471374946789,40.3425758698953,0.0 -111.6364528854322,40.34256631329203,0.0 -111.63644037927487,40.341235575827994,0.0 -111.6347012774786,40.341245131984365,0.0 -111.63468880632045,40.339914393763095,0.0 -111.63121066856837,40.339933426749354,0.0 -111.63119826656849,40.33860268732771,0.0 -111.62250307858258,40.33864981006382,0.0 -111.62247861866594,40.33598832588238,0.0 -111.62073964693548,40.335997671125874,0.0 -111.6207274523568,40.33466692813282,0.0 -111.62246638993012,40.334657583326354,0.0 -111.62245416200922,40.33332684046016,0.0 -111.62419306461281,40.33331746995235,0.0 -111.62415628328823,40.3293252408072,0.0 -111.6293726788359,40.32929697641983,0.0 -111.62933559757407,40.32530474844826,0.0 -111.62585820622195,40.32532361486051,0.0 -111.62584591572606,40.32399287070048,0.0 -111.61889125976718,40.32403028820316,0.0 -111.6188426521044,40.318707301461444,0.0 -111.61710412261783,40.31871658877487,0.0 -111.61706777774842,40.31472434415914,0.0 -111.61532934983092,40.31473360404813,0.0 -111.61530519219359,40.312072105220935,0.0 -111.61356683171088,40.3120813381248,0.0 -111.61354274552335,40.30941983719359,0.0 -111.61180445246886,40.30942904311723,0.0 -111.61174442157795,40.30277528321038,0.0 -111.61000629826074,40.30278446087076,0.0 -111.6099823597026,40.300122953879224,0.0 -111.60824430378702,40.300132104572995,0.0 -111.60819657261054,40.294809085157766,0.0 -111.60645865227112,40.294818208036304,0.0 -111.60643485962467,40.29215669561528,0.0 -111.60469700666475,40.29216579153953,0.0 -111.60467328535152,40.289504277027724,0.0 -111.60293549976453,40.28951334600261,0.0 -111.60292367437135,40.288182587857555,0.0 -111.60118592207473,40.28819163031098,0.0 -111.60115055284297,40.28419935274734,0.0 -111.5994129019821,40.28420836783824,0.0 -111.59940114787824,40.28287760760883,0.0 -111.59766353030356,40.28288659618559,0.0 -111.59765181104976,40.281555835225824,0.0 -111.5959142267614,40.281564797290876,0.0 -111.59589085872318,40.27890327360323,0.0 -111.59415334178384,40.278912208740984,0.0 -111.59414169299257,40.27758144601441,0.0 -111.59240420933754,40.27759035464654,0.0 -111.59238098219694,40.27492882743038,0.0 -111.59064356588227,40.27493770914378,0.0 -111.59060883312743,40.27094541474957,0.0 -111.58539688602778,40.27097189966061,0.0 -111.58538541212612,40.26964113300391,0.0 -111.58364812894152,40.26964990873366,0.0 -111.58363668984896,40.26831914135667,0.0 -111.58016218928569,40.26833661375715,0.0 -111.58015081904034,40.26700584525301,0.0 -111.57493916464846,40.2670318570415,0.0 -111.57495043276553,40.26836262676266,0.0 -111.56800141357347,40.26839694565753,0.0 -111.56801254626032,40.269727716674744,0.0 -111.56627525555734,40.269736231597946,0.0 -111.56626415691584,40.26840546018237,0.0 -111.5627896413849,40.268422410993196,0.0 -111.56277861156906,40.26709163847502,0.0 -111.55930416118558,40.267108484178955,0.0 -111.55934801248434,40.272431575547344,0.0 -111.55761065000912,40.27243996085065,0.0 -111.55759972013912,40.27110918808049,0.0 -111.5523877305045,40.27113418632007,0.0 -111.55242021582606,40.27512650721094,0.0 -111.55415764858637,40.27511819938072,0.0 -111.55416851252683,40.27644897200346,0.0 -111.55764344398814,40.27643227730422,0.0 -111.55765437677103,40.27776304883642,0.0 -111.5593918754696,40.27775466196378,0.0 -111.55940284304235,40.27908543279413,0.0 -111.56114037507176,40.27907701943961,0.0 -111.56117338437227,40.2830693288927,0.0 -111.56464865062546,40.28305242154254,0.0 -111.56465972333268,40.28438318995021,0.0 -111.5663973894243,40.28437469673818,0.0 -111.56640849694188,40.285705464438955,0.0 -111.56814619636609,40.28569694473413,0.0 -111.56815733869855,40.28702771172674,0.0 -111.56989507145526,40.28701916552668,0.0 -111.56990624860714,40.288349931809876,0.0 -111.57164401469626,40.28834135911215,0.0 -111.57163280346735,40.28701059322998,0.0 -111.57510826524857,40.28699337034679,0.0 -111.57511954463133,40.28832413542326,0.0 -111.58033283389207,40.28829810415682,0.0 -111.58038975333328,40.2949519188048,0.0 -111.57865182058394,40.29496062402719,0.0 -111.57864046926682,40.29362986130984,0.0 -111.57342676875457,40.293655819139815,0.0 -111.57343801780709,40.29498658307148,0.0 -111.5717000820461,40.29499518387849,0.0 -111.5717225142163,40.2976567116175,0.0 -111.5751985213555,40.297639482287735,0.0 -111.57522109289998,40.30030100717621,0.0 -111.57695916353518,40.30029235254221,0.0 -111.57697048453494,40.301623114117056,0.0 -111.58218479420412,40.301596992341075,0.0 -111.58220764308378,40.30425851211778,0.0 -111.58568398213878,40.30424096540979,0.0 -111.58569547593267,40.30557172401273,0.0 -111.58395727268086,40.305580510833856,0.0 -111.58396873313227,40.30691126953801,0.0 -111.58570697049244,40.30690248230587,0.0 -111.58574145876747,40.31089475532653,0.0 -111.58747979770025,40.31088594074294,0.0 -111.58750286195101,40.31354745371642,0.0 -111.58576445478117,40.31355626912462,0.0 -111.58577595393729,40.31488702555896,0.0 -111.58751439522906,40.314878209738424,0.0 -111.58752592927566,40.316208965450606,0.0 -111.58578745385967,40.316217781683484,0.0 -111.58579895454837,40.31754853749819,0.0 -111.58753746409084,40.31753972085295,0.0 -111.58756053602721,40.320201230728145,0.0 -111.5892991130607,40.32019238713129,0.0 -111.58931068431527,40.3215231411905,0.0 -111.58409484851086,40.32154959483776,0.0 -111.58406044423953,40.31755732801902,0.0 -111.58232193316657,40.317566092415376,0.0 -111.58231050073101,40.31623533577961,0.0 -111.5805720230229,40.316244073642785,0.0 -111.58065182713788,40.32555936644884,0.0 -111.58239054378035,40.32555062572445,0.0 -111.58237910677296,40.32421987094743,0.0 -111.58585646948866,40.324202311924466,0.0 -111.58590249524049,40.329525325888575,0.0 -111.58764131202364,40.32951650553134,0.0 -111.58769903223782,40.336170263952305,0.0 -111.58943801902042,40.33616141539079,0.0 -111.58944959953195,40.337492165731575,0.0 -111.58423253439622,40.3375186342294,0.0 -111.58424401319088,40.33884938549813,0.0 -111.58076589761242,40.33886690126859,0.0 -111.58077730884149,40.340197653046644,0.0 -111.57903821574503,40.340206372123504,0.0 -111.57904959356696,40.341537123999544,0.0 -111.57731046554453,40.341545817337604,0.0 -111.57738989229583,40.35086107464149,0.0 -111.57217178598563,40.35088700626327,0.0 -111.57218303313145,40.35221775728015,0.0 -111.57044362867302,40.3522263492454,0.0 -111.57045484238003,40.35355710035434,0.0 -111.56871540298572,40.35356566656363,0.0 -111.56872658324937,40.35489641776339,0.0 -111.56176868147979,40.35493042261273,0.0 -111.56181286284108,40.36025343067548,0.0 -111.55833363395638,40.360270279296714,0.0 -111.55835559224013,40.362931783045795,0.0 -111.55661590829163,40.36294016889454,0.0 -111.55662685432414,40.36427092069671,0.0 -111.54966797442808,40.36430420398206,0.0 -111.54967878435207,40.36563495703095,0.0 -111.54793902836138,40.36564321281863,0.0 -111.54802525993864,40.376289229153336,0.0 -111.54628522946976,40.3762974618508,0.0 -111.5462959774203,40.37762821288445,0.0 -111.54455591200467,40.37763641978664,0.0 -111.54456662643912,40.37896717089448,0.0 -111.54282652607664,40.37897535199894,0.0 -111.54283720699043,40.38030610317971,0.0 -111.54109707168097,40.38031425848397,0.0 -111.54110771906953,40.381645009736516,0.0 -111.53762737784898,40.381661242555715,0.0 -111.53764853779249,40.38432274565015,0.0 -111.53590829764153,40.38433082353904,0.0 -111.535918844427,40.385661574999666,0.0 -111.53417856932866,40.3856696270785,0.0 -111.53418908257065,40.387000378606096,0.0 -111.53244877252479,40.38700840487239,0.0 -111.53245925221873,40.38833915646578,0.0 -111.53071890722529,40.3883471569171,0.0 -111.53070846178035,40.38701640494968,0.0 -111.5289681503396,40.387024378837914,0.0 -111.52899938600959,40.391016634930274,0.0 -111.52725897112065,40.39102458374421,0.0 -111.5272278382048,40.387032326537046,0.0 -111.52548752537824,40.387040248047086,0.0 -111.52559098338945,40.40034776494492,0.0 -111.52385032727865,40.40035566395783,0.0 -111.52389159269805,40.40567866353007,0.0 -111.51866920894176,40.4057022077624,0.0 -111.5186794241724,40.40703295798255,0.0 -111.51693859394044,40.40704075401165,0.0 -111.51694877556851,40.40837150428687,0.0 -111.515207910374,40.40837927447154,0.0 -111.51521805839494,40.40971002480062,0.0 -111.51347715823779,40.40971776913838,0.0 -111.5134670445029,40.40838701844729,0.0 -111.5099853107401,40.40840242777192,0.0 -111.51004559176349,40.416386931600684,0.0 -111.51178666473214,40.41637923788525,0.0 -111.51179674821407,40.41770998708106,0.0 -111.51353785481022,40.417702266788424,0.0 -111.51355809239773,40.420363763530176,0.0 -111.51529926692565,40.42035601629576,0.0 -111.5152891134902,40.4190252684417,0.0 -111.51703025303678,40.419017495350715,0.0 -111.5170200659763,40.417686747550604,0.0 -111.51876117054164,40.41767894860548,0.0 -111.51875094986073,40.41634820086051,0.0 -111.52049201944493,40.41634037606374,0.0 -111.52047151153505,40.41367888037712,0.0 -111.53614048942293,40.41360728417551,0.0 -111.53612992786094,40.41227653921482,0.0 -111.53787088762115,40.41226845339161,0.0 -111.53784969803202,40.40960696329753,0.0 -111.53610880684944,40.409615048364806,0.0 -111.53608768865419,40.406953556276626,0.0 -111.5378285112683,40.40694547196522,0.0 -111.53779673641942,40.40295323264514,0.0 -111.53953745549187,40.402945123263805,0.0 -111.53951620724428,40.400283629594206,0.0 -111.54125685706292,40.4002754947699,0.0 -111.54124619973227,40.398944747851054,0.0 -111.54472742869723,40.398928400363395,0.0 -111.54471670354323,40.397597653899204,0.0 -111.54819786111432,40.397581202381375,0.0 -111.54814390346887,40.39092746926177,0.0 -111.54988430987677,40.3909192061368,0.0 -111.54987348625282,40.38958845897036,0.0 -111.55857533615854,40.3895467524103,0.0 -111.55853136393438,40.38422376844714,0.0 -111.56027159473783,40.38421535013647,0.0 -111.56026056927247,40.38288460376503,0.0 -111.56200076509968,40.3828761596631,0.0 -111.56198970613033,40.381545413376756,0.0 -111.5637298669814,40.38153694348601,0.0 -111.56371877451265,40.380206197285936,0.0 -111.56545890038768,40.380197701608864,0.0 -111.56543664920208,40.377536209073924,0.0 -111.56891676179258,40.37751914076905,0.0 -111.56881605219048,40.36554241621112,0.0 -111.57055579938388,40.365533846396026,0.0 -111.57054457894806,40.36420309807485,0.0 -111.57402400267092,40.36418588074358,0.0 -111.57401271456966,40.36285513291772,0.0 -111.57749206686975,40.362837811726585,0.0 -111.57748071111234,40.361507064400804,0.0 -111.5809599919764,40.361489639359846,0.0 -111.58094856857213,40.36015889253905,0.0 -111.58268817366137,40.36015014118045,0.0 -111.58267671681898,40.35881939445901,0.0 -111.5844162869451,40.35881061734724,0.0 -111.58440479666915,40.35747987072635,0.0 -111.58788386622734,40.35746223884026,0.0 -111.5878723083276,40.35613149273396,0.0 -111.58961180775755,40.35612263796337,0.0 -111.5896002164357,40.35479189196121,0.0 -111.59307914459085,40.35477410477241,0.0 -111.5930674856614,40.35344335929208,0.0 -111.59654634232822,40.35342546830583,0.0 -111.59653461580046,40.35209472335214,0.0 -111.60349218298673,40.352058629181094,0.0 -111.60350404626446,40.3533893724469,0.0 -111.60698289349745,40.35337116757477,0.0 -111.60697096184505,40.35204042516023,0.0 -111.60523157281236,40.352049540248565,0.0 -111.60518399088068,40.34672656578487,0.0 -111.60692324318698,40.346717452401336,0.0 -111.60691131551005,40.34538670843646,0.0 -111.61038974938386,40.345368404072744,0.0 -111.61037775415475,40.34403766065375,0.0 -111.61733447559716,40.3440007398579,0.0 -111.61734660751969,40.34533148155028,0.0 -111.62082503174526,40.345312863392074,0.0 -111.62084943472244,40.347974344104955,0.0 -111.62258871396968,40.34796499492738,0.0 -111.62260095085803,40.349295734381315,0.0 -111.62434026346958,40.3492863586135,0.0 -111.62435253535565,40.35061709731877,0.0 -111.62609188133142,40.35060769495829,0.0 -111.62610418821977,40.351938432913634,0.0 -111.6278435675596,40.35192900395806,0.0 -111.62788059571305,40.35592121463968,0.0 -111.62962007679668,40.355911758202254,0.0 -111.6296324553532,40.35724249403335,0.0 -111.62789294007624,40.35725195091299,0.0 -111.62790528526222,40.358582686876,0.0 -111.61572841604179,40.358648155605344,0.0 -111.61571631022683,40.35731741658106,0.0 -111.61397678843133,40.35732666417759,0.0 -111.61398886005017,40.358657403634304,0.0 -111.61224930325393,40.3586666255015,0.0 -111.61228542033628,40.36265884330442,0.0 -111.61054576013534,40.362668040299866,0.0 -111.61058178181753,40.366660256601676,0.0 -111.60536248855269,40.36668769444338,0.0 -111.60537439474395,40.36801843387333,0.0 -111.60885399280922,40.36800016729401,0.0 -111.60888992144645,40.37199238116092,0.0 -111.61062982193334,40.37198320732884,0.0 -111.61067787485979,40.37730615309365,0.0 -111.61241791144491,40.37729695136672,0.0 -111.61242996090907,40.3786276866023,0.0 -111.61417003092137,40.37861845826499,0.0 -111.61418211542143,40.37994919275892,0.0 -111.6159222188608,40.37993993780878,0.0 -111.6159343384013,40.38127067155979,0.0 -111.61419420072707,40.38127992694266,0.0 -111.61420628683835,40.38261066081619,0.0 -111.61594645874975,40.38260140500059,0.0 -111.61601919781037,40.39058579913078,0.0 -111.61775957438427,40.39057651452733,0.0 -111.617771734643,40.39190724536249,0.0 -111.61951214465925,40.39189793413266,0.0 -111.61952433998398,40.393228664222256,0.0 -111.6212647834425,40.39321932636362,0.0 -111.62128924504846,40.395880784738864,0.0 -111.62302975620884,40.39587141981121,0.0 -111.62304202249699,40.39720214809555,0.0 -111.62652311088611,40.39718333877339,0.0 -111.62653544652048,40.39851406586809,0.0 -111.62827602374678,40.39850462146996,0.0 -111.62826365384828,40.39717389481676,0.0 -111.63522581742762,40.39713585702084,0.0 -111.63523832438199,40.39846658189576,0.0 -111.63349775046824,40.3984761310865,0.0 -111.63351022399029,40.399806856097406,0.0 -111.6300290051379,40.39982587677372,0.0 -111.63004141095449,40.4011566023634,0.0 -111.62830076601794,40.40116607384527,0.0 -111.62832551158846,40.403827524979086,0.0 -111.6300662250691,40.40381805261165,0.0 -111.63007863336725,40.40514877727018,0.0 -111.6283378856111,40.40515825008043,0.0 -111.62835026045877,40.4064889748714,0.0 -111.62660947759979,40.40649842191894,0.0 -111.62662181899242,40.407829146841145,0.0 -111.62836263613153,40.40781969935198,0.0 -111.62837501262942,40.4091504235222,0.0 -111.63011586322573,40.40914094938337,0.0 -111.63012827483344,40.410471672800305,0.0 -111.6318691588868,40.41046217200941,0.0 -111.63189405316095,40.413123617023786,0.0 -111.63363500496033,40.41311408913301,0.0 -111.6336599711393,40.41577553201486,0.0 -111.63540099069131,40.41576597701929,0.0 -111.6354260287938,40.41842741776603,0.0 -111.63716711610503,40.4184178356607,0.0 -111.63715456233835,40.41708711589045,0.0 -111.64063666585133,40.4170678739301,0.0 -111.64062404433024,40.4157371547488,0.0 -111.64758810405688,40.415698358060794,0.0 -111.64760086276006,40.41702907542855,0.0 -111.64934190986614,40.41701931026571,0.0 -111.64935470371769,40.41835002686639,0.0 -111.65109578426834,40.418340235030946,0.0 -111.65110861327283,40.4196709508633,0.0 -111.65807306409775,40.4196315195178,0.0 -111.65802120447124,40.41430866169653,0.0 -111.65628023024088,40.41431855700842,0.0 -111.65626730178569,40.41298784131382,0.0 -111.65452636098382,40.41299770995207,0.0 -111.65450057523344,40.410336276708264,0.0 -111.6492779534023,40.41036572260312,0.0 -111.64929074298942,40.41169644075684,0.0 -111.64406801062522,40.41172565213812,0.0 -111.64402995297782,40.40773349264893,0.0 -111.64228914334726,40.40774317599775,0.0 -111.64226384436778,40.40508173388032,0.0 -111.64574532566968,40.40506234278922,0.0 -111.64573260889502,40.40373162217117,0.0 -111.64747331400045,40.40372188777473,0.0 -111.64746056380102,40.40239116730118,0.0 -111.6544232386094,40.40235196952128,0.0 -111.65443612589846,40.403682688162384,0.0 -111.6561768267306,40.40367282275283,0.0 -111.65618974915341,40.40500354062211,0.0 -111.65967121677976,40.40498373026948,0.0 -111.65969720132163,40.407645163223805,0.0 -111.66143800239226,40.4076352178122,0.0 -111.66146405896392,40.410296648593885,0.0 -111.6632049277305,40.4102866760439,0.0 -111.66321799160504,40.41161739050248,0.0 -111.6649588937863,40.411607391276604,0.0 -111.66497199281979,40.41293810495703,0.0 -111.66845386313568,40.412918026937795,0.0 -111.66846703162277,40.41424873936888,0.0 -111.67194896700676,40.41422855556292,0.0 -111.6719622049564,40.4155592667397,0.0 -111.67544420539423,40.415538977137494,0.0 -111.67545751281536,40.41686968705502,0.0 -111.67719854599886,40.416859502458166,0.0 -111.67723857648308,40.42085162891711,0.0 -111.68246197937565,40.42082091353406,0.0 -111.68247542755987,40.42215162029616,0.0 -111.68421659437033,40.42214132891834,0.0 -111.68424356204223,40.42480274054752,0.0 -111.68598479656679,40.4247924219861,0.0 -111.68595776028177,40.4221310113215,0.0 -111.68769892529191,40.422120667505645,0.0 -111.68767182400826,40.41945925656395,0.0 -111.69115401410828,40.41943849221664,0.0 -111.69114039622488,40.41810778724983,0.0 -111.7015867388706,40.418044867955864,0.0 -111.7015314533985,40.41272205674135,0.0 -111.69979053575061,40.41273260685521,0.0 -111.69977675097275,40.41140190278052,0.0 -111.70151763433412,40.4113913531598,0.0 -111.7014485528308,40.40473783058488,0.0 -111.69970784086765,40.40474837774013,0.0 -111.69968028325695,40.40208696554608,0.0 -111.69793963891856,40.40209748551497,0.0 -111.6979121535164,40.39943607109294,0.0 -111.69617157679617,40.39944656388042,0.0 -111.69615786973313,40.39811585571224,0.0 -111.69441732636292,40.398126321812484,0.0 -111.69434897603811,40.39147277385946,0.0 -111.69260860304182,40.39148321132294,0.0 -111.69259496996084,40.39015250031126,0.0 -111.69433530870691,40.390142063335716,0.0 -111.69432164228677,40.38881135250095,0.0 -111.69606194587388,40.388800889825156,0.0 -111.69600715233418,40.38347804533213,0.0 -111.69252681818664,40.38349894058761,0.0 -111.69254044672428,40.38482965315436,0.0 -111.68731983597833,40.38486080111873,0.0 -111.68733336270077,40.38619151483073,0.0 -111.685593123071,40.386201845599196,0.0 -111.6855526483259,40.38220970208145,0.0 -111.67859209170604,40.38225075753687,0.0 -111.67855203584334,40.37825860546271,0.0 -111.6820321105478,40.378238132971376,0.0 -111.6820455300724,40.37956884968308,0.0 -111.68378560031411,40.37955857368896,0.0 -111.68375869370149,40.37689714091548,0.0 -111.6820186919177,40.37690741594876,0.0 -111.68200527418205,40.37557669861529,0.0 -111.6837452417403,40.375566424062406,0.0 -111.68371834050778,40.372904989423546,0.0 -111.6802385413855,40.37292551043408,0.0 -111.68022516055153,40.37159479168888,0.0 -111.67848529387014,40.37160501245554,0.0 -111.67844525936204,40.367612852921205,0.0 -111.68018502340063,40.36760263358809,0.0 -111.68017164613379,40.36627191359949,0.0 -111.67843191630492,40.36628213245478,0.0 -111.67841857413713,40.36495141167753,0.0 -111.68015826975856,40.36494119330003,0.0 -111.68014489427492,40.36361047268973,0.0 -111.68188455479972,40.36360022862477,0.0 -111.68187114600474,40.36226950818263,0.0 -111.68361077143305,40.362259238432664,0.0 -111.68359732933132,40.36092851815984,0.0 -111.68533691966326,40.360918222727335,0.0 -111.68532344425932,40.359587502625054,0.0 -111.69054210726296,40.35955646080311,0.0 -111.6905556852608,40.36088717945389,0.0 -111.69403485780448,40.360866353125346,0.0 -111.694116755269,40.36885065265645,0.0 -111.69585654541169,40.36884019731564,0.0 -111.69588392027535,40.37150162702698,0.0 -111.69762377793523,40.37149114453619,0.0 -111.6976375009538,40.37282185843518,0.0 -111.69937739191707,40.37281134928084,0.0 -111.69939115007078,40.374142062377445,0.0 -111.7011310743373,40.37413152655713,0.0 -111.70114486763067,40.375462238850055,0.0 -111.69940490914158,40.37547277516298,0.0 -111.69945995459729,40.380795623194416,0.0 -111.69771985827762,40.38080613529726,0.0 -111.69780224854767,40.38879040096122,0.0 -111.69954255030588,40.38877988590917,0.0 -111.69951501473228,40.38611846624859,0.0 -111.70299547851594,40.38609735955399,0.0 -111.70300931432999,40.387428068553035,0.0 -111.70648984291036,40.3874068561246,0.0 -111.70650374813721,40.388737563820776,0.0 -111.70824404528327,40.38872691782882,0.0 -111.70825798568451,40.39005762471612,0.0 -111.7099983161486,40.39004695203736,0.0 -111.71004024568441,40.39403906933512,0.0 -111.71178067797234,40.394028368966694,0.0 -111.71182271867077,40.39802048196271,0.0 -111.71356325280038,40.39800975389713,0.0 -111.71359135313287,40.40067116000182,0.0 -111.71533195485434,40.40066040473442,0.0 -111.71538830384536,40.40598321119726,0.0 -111.71712904171189,40.40597242771494,0.0 -111.7172279285981,40.41528732351067,0.0 -111.71896890550767,40.415276510287136,0.0 -111.71901140261679,40.41926860229884,0.0 -111.7207524814666,40.4192577613431,0.0 -111.72085191459657,40.42857262825824,0.0 -111.71736927566347,40.4285942910406,0.0 -111.71738341555432,40.42992498608115,0.0 -111.71390070421869,40.429946544973554,0.0 -111.71391477641657,40.4312772407104,0.0 -111.70869059942721,40.431309383858384,0.0 -111.70871854070899,40.43397077740288,0.0 -111.70697707786977,40.43398144032818,0.0 -111.706991015583,40.435312137131895,0.0 -111.70524951748924,40.4353227743248,0.0 -111.70526342180443,40.43665347131444,0.0 -111.70352188845598,40.436664082772474,0.0 -111.70354963120616,40.43932547680995,0.0 -111.69135839135978,40.43939902939059,0.0 -111.69134475984892,40.438068329089894,0.0 -111.68960318483475,40.43807873117628,0.0 -111.68958958856324,40.43674803007834,0.0 -111.68610650447808,40.43676875458155,0.0 -111.68617415155265,40.44342226180411,0.0 -111.68443243648008,40.44343258711961,0.0 -111.68444593425984,40.44476328811357,0.0 -111.67747892762276,40.44480432890664,0.0 -111.67749228892474,40.44613503150769,0.0 -111.67226692154927,40.44616553800795,0.0 -111.67225366328145,40.44483483398119,0.0 -111.66877014929611,40.44485503949685,0.0 -111.66878333887416,40.446185744467954,0.0 -111.66704154621605,40.44619580833579,0.0 -111.66705470232644,40.44752651346637,0.0 -111.66357104568577,40.447546563414534,0.0 -111.66358413397424,40.448877269171305,0.0 -111.66184226999377,40.448887255247904,0.0 -111.66185532480306,40.45021796116059,0.0 -111.65837152552837,40.45023785551126,0.0 -111.65838451249942,40.451568562042915,0.0 -111.65315870403377,40.45159820811405,0.0 -111.65317158880028,40.45292891572045,0.0 -111.64620369473195,40.45296807819139,0.0 -111.64619094739392,40.45163736875482,0.0 -111.64444900610299,40.45164709329796,0.0 -111.64443629397006,40.45031638309628,0.0 -111.64269438618635,40.45032608093929,0.0 -111.64270706396424,40.4516567915942,0.0 -111.64096512097998,40.45166646364352,0.0 -111.6409524775572,40.4503357525366,0.0 -111.63921056808489,40.45034539788817,0.0 -111.63919795985818,40.4490146860199,0.0 -111.63397232946423,40.449043463254846,0.0 -111.6339848346319,40.45037417646806,0.0 -111.63050100815607,40.45039323095859,0.0 -111.63048857169476,40.449062516854895,0.0 -111.62526292882609,40.44909090041936,0.0 -111.62529993149782,40.45308304577874,0.0 -111.63226786593408,40.45304514322291,0.0 -111.63228033924393,40.45437585595046,0.0 -111.63402235513917,40.45436631424456,0.0 -111.63403486364321,40.455697026215695,0.0 -111.63926100940112,40.45566824225556,0.0 -111.63927362183283,40.45699895257097,0.0 -111.64101570310396,40.45698930496532,0.0 -111.64100305630791,40.455658595100765,0.0 -111.64448714758892,40.45563922203927,0.0 -111.64449986311347,40.45696993099844,0.0 -111.64798401973073,40.45695045202434,0.0 -111.64807353337802,40.466265399667726,0.0 -111.64633121488176,40.46627515547145,0.0 -111.64638224676057,40.47159797768496,0.0 -111.6481247028003,40.47158822005751,0.0 -111.64813749728908,40.472918924378234,0.0 -111.64987998686699,40.472909140028364,0.0 -111.64989281660303,40.47423984358117,0.0 -111.65337786197689,40.47422019516414,0.0 -111.65336496345338,40.472889492529454,0.0 -111.65684993659859,40.472869739965184,0.0 -111.65683697015277,40.47153903794274,0.0 -111.65857942103798,40.471529122724526,0.0 -111.65856642106806,40.47019842085461,0.0 -111.6620512514572,40.47017851255356,0.0 -111.66202511657691,40.46751710974185,0.0 -111.6637674616946,40.46750711712971,0.0 -111.66374126153893,40.46484571400854,0.0 -111.68290624329212,40.46473407247879,0.0 -111.6829197211038,40.466064768977645,0.0 -111.6846620212036,40.46605446171533,0.0 -111.68470256318257,40.4700465479005,0.0 -111.68818736697553,40.470025851696235,0.0 -111.68816020055068,40.467364463151334,0.0 -111.6899025323207,40.46735407662527,0.0 -111.6899297675141,40.47001546419941,0.0 -111.69167216714436,40.47000505043953,0.0 -111.69165851470818,40.46867435729463,0.0 -111.69340087904253,40.468663917759564,0.0 -111.69342825359838,40.471325302762494,0.0 -111.6969131170716,40.47130434294835,0.0 -111.69695439210531,40.47529641518052,0.0 -111.69869692564261,40.47528589440249,0.0 -111.69862796655934,40.46863244158394,0.0 -111.6968856049704,40.46864295990418,0.0 -111.6968580965389,40.465981575615174,0.0 -111.69860038936457,40.46597105827793,0.0 -111.69854524600945,40.46064828793128,0.0 -111.69680309068288,40.460658803302785,0.0 -111.69678934151156,40.459328109446695,0.0 -111.69504721963706,40.45933859807372,0.0 -111.69503350574952,40.4580079034163,0.0 -111.70374393409627,40.457955200213625,0.0 -111.70375781981718,40.45928589240808,0.0 -111.70549993708406,40.459275272515995,0.0 -111.70551385809983,40.460605963902886,0.0 -111.71074030742668,40.46057394521322,0.0 -111.71075433248367,40.4619046347925,0.0 -111.71772305596319,40.46186157363832,0.0 -111.71770889342355,40.46053088607129,0.0 -111.71248245533465,40.46056321980863,0.0 -111.71245433929197,40.457901840718385,0.0 -111.71419641752777,40.45789109006468,0.0 -111.71415414741021,40.45389902060123,0.0 -111.71763809489158,40.45387744356473,0.0 -111.71762393801798,40.45254675412918,0.0 -111.7211078130093,40.45252507311514,0.0 -111.72112203859633,40.453855761537454,0.0 -111.72634794703214,40.45382304163954,0.0 -111.72641960465083,40.46047647143305,0.0 -111.7194510375672,40.46052005565114,0.0 -111.71947943233437,40.46318142946152,0.0 -111.73167489589986,40.4631048742621,0.0 -111.73168933532733,40.4644355571226,0.0 -111.73343157494897,40.46442451512542,0.0 -111.73344604971629,40.46575519715832,0.0 -111.7351883227493,40.46574412838681,0.0 -111.73520283286106,40.467074809590855,0.0 -111.73346052544905,40.46708587887962,0.0 -111.73347500214732,40.468416560289306,0.0 -111.73695968476605,40.468394394416435,0.0 -111.73697423119701,40.46972507447869,0.0 -111.74220135099328,40.469691627151136,0.0 -111.74223065308688,40.47235298321465,0.0 -111.74397309317447,40.47234178053485,0.0 -111.74398778007723,40.473672457575525,0.0 -111.74224530559952,40.47368366077882,0.0 -111.7423039254242,40.47900636791813,0.0 -111.73010561375156,40.47908406942612,0.0 -111.73009119812616,40.47775338947829,0.0 -111.72660602633097,40.47777535244708,0.0 -111.72663472093915,40.48043671408372,0.0 -111.72837737611852,40.480425744709024,0.0 -111.72839175926268,40.48175642454744,0.0 -111.73187713554992,40.48173440595335,0.0 -111.73189158846692,40.48306508445133,0.0 -111.73363430957228,40.48305403522831,0.0 -111.73364879786226,40.48438471289839,0.0 -111.731906042348,40.48439576263771,0.0 -111.73192049719326,40.48572644051242,0.0 -111.7336632871187,40.485715390256814,0.0 -111.7336922685312,40.4883767440387,0.0 -111.73194940977649,40.48838779532699,0.0 -111.73197832621722,40.491049148894994,0.0 -111.72674953765976,40.49108214816759,0.0 -111.72676389405842,40.49241282602599,0.0 -111.72502092819799,40.49242377373138,0.0 -111.7250066062223,40.49109309536149,0.0 -111.72152074048364,40.491114910903576,0.0 -111.72150648830483,40.48978423120287,0.0 -111.71802068760502,40.489805940602714,0.0 -111.71800650521412,40.48847525957618,0.0 -111.71277790033096,40.48850762505736,0.0 -111.71274974487922,40.4858462590455,0.0 -111.71797814327026,40.48581389658865,0.0 -111.71794978510985,40.48315253235525,0.0 -111.71620705541037,40.48316334510756,0.0 -111.71619291215603,40.48183266201844,0.0 -111.71270751874378,40.481854207692116,0.0 -111.71269344524295,40.48052352328483,0.0 -111.70572278479264,40.48056629735011,0.0 -111.70570884984241,40.47923561063281,0.0 -111.70222358283735,40.479256839038534,0.0 -111.70219585332416,40.47659546268621,0.0 -111.70045328723289,40.47660603649383,0.0 -111.70055011587621,40.48592085173849,0.0 -111.7022929228066,40.48591027447183,0.0 -111.70230679357581,40.487240960624604,0.0 -111.705792473488,40.48721972626665,0.0 -111.70580641401641,40.48855041111596,0.0 -111.7075492869957,40.48853975402105,0.0 -111.7075632628732,40.489870438061054,0.0 -111.70930616933933,40.48985975418711,0.0 -111.70933419273635,40.49252112033464,0.0 -111.71107716711278,40.49251040917879,0.0 -111.71109121463925,40.49384109128502,0.0 -111.71457722943029,40.493819589118424,0.0 -111.71459134675007,40.49515026990857,0.0 -111.71110526310287,40.49517177307981,0.0 -111.71116146632976,40.50049449714492,0.0 -111.7094182853635,40.500505211303825,0.0 -111.70943230407401,40.50183589204214,0.0 -111.70768908773286,40.50184658040954,0.0 -111.70770307293658,40.50317726133582,0.0 -111.70595982122036,40.50318792390924,0.0 -111.70597377291267,40.50451860502227,0.0 -111.7077170590733,40.50450794195069,0.0 -111.70774503414607,40.50716930224629,0.0 -111.69728488989016,40.507232892197024,0.0 -111.69727110858229,40.50590220923416,0.0 -111.6955277824243,40.50591271502819,0.0 -111.69554152928276,40.5072433984819,0.0 -111.69379816775822,40.507253878469434,0.0 -111.69378445534926,40.505923194526126,0.0 -111.68681113792441,40.505964849556115,0.0 -111.68679756421969,40.50463416335551,0.0 -111.67982437009617,40.50467539571836,0.0 -111.67981093507832,40.5033447072803,0.0 -111.66760805206238,40.50341584822383,0.0 -111.66762124596025,40.50474653998566,0.0 -111.67285116163157,40.50471620735761,0.0 -111.6728644597541,40.50604689739135,0.0 -111.6711211209663,40.50605703503643,0.0 -111.67114765096997,40.50871841511814,0.0 -111.6763778713782,40.508687920443926,0.0 -111.67639124107224,40.510018608593576,0.0 -111.67813468054898,40.51000839062679,0.0 -111.67814808559207,40.51133907798802,0.0 -111.6816350307743,40.5113185621955,0.0 -111.68164850563029,40.51264924828718,0.0 -111.68687902003302,40.512618275891626,0.0 -111.68689259917223,40.513948960225214,0.0 -111.68514906081285,40.51395931114311,0.0 -111.6851626063944,40.5152899956491,0.0 -111.6869061792174,40.51527964424762,0.0 -111.68694692478957,40.51927169444776,0.0 -111.68869060011099,40.51926131528686,0.0 -111.68873145726462,40.523253361231625,0.0 -111.68698767851802,40.5232637418472,0.0 -111.68700126490702,40.5245944236913,0.0 -111.68176981979832,40.52462540911169,0.0 -111.68178330364758,40.52595609209207,0.0 -111.6713201823079,40.526017355325926,0.0 -111.67134673887543,40.52867872607718,0.0 -111.66785888670604,40.5286989385232,0.0 -111.66788530885482,40.531360309918746,0.0 -111.66439731519634,40.531380418972915,0.0 -111.66441045860444,40.53271110514355,0.0 -111.6574343228044,40.5327510092737,0.0 -111.65740831281194,40.53008963289359,0.0 -111.66089624448315,40.53006973533045,0.0 -111.66088317180856,40.528739047603516,0.0 -111.65913924089787,40.528749009079256,0.0 -111.65912620358314,40.52741832057608,0.0 -111.65738230629022,40.52742825526991,0.0 -111.65736930433073,40.52609756599175,0.0 -111.65562544065571,40.52610747390612,0.0 -111.65559950830315,40.52344609349148,0.0 -111.65385571272711,40.52345597416725,0.0 -111.65384278232706,40.52212528303208,0.0 -111.6555865434245,40.522115402817874,0.0 -111.65557357941084,40.52078471183339,0.0 -111.65382985278973,40.52079459158605,0.0 -111.65381692411502,40.51946389982919,0.0 -111.65556061626211,40.519454020538056,0.0 -111.65554765397825,40.518123328931885,0.0 -111.65380399630288,40.51813320776151,0.0 -111.65368768479834,40.50615696516499,0.0 -111.6467142860688,40.50619620090163,0.0 -111.64670150467434,40.504865503892646,0.0 -111.63972823009782,40.50490431706097,0.0 -111.63974087369567,40.50623501588332,0.0 -111.64148422806001,40.5062253515838,0.0 -111.64149690695294,40.507556049643966,0.0 -111.64672706831601,40.507526897599845,0.0 -111.64673985141599,40.50885759398734,0.0 -111.64848327128807,40.508847823585974,0.0 -111.6484960896968,40.51017851920623,0.0 -111.65023954316958,40.51016872204757,0.0 -111.65025239689164,40.51149941689935,0.0 -111.65199588396494,40.511489592980936,0.0 -111.65200877300494,40.51282028706298,0.0 -111.65026525147127,40.512830111440344,0.0 -111.65027810690856,40.514160805670556,0.0 -111.65202166290489,40.51415098083421,0.0 -111.65206033776501,40.51814306028304,0.0 -111.65031667836692,40.51815288649643,0.0 -111.650368118989,40.52347565657972,0.0 -111.64688052181825,40.523495233739865,0.0 -111.64689331515672,40.52482592639824,0.0 -111.64863714865119,40.52481615051806,0.0 -111.64864997732676,40.52614684240897,0.0 -111.65039384444873,40.52613703975653,0.0 -111.65041957334162,40.52879842169009,0.0 -111.64867563724593,40.528808225258416,0.0 -111.64871413354571,40.53280029720156,0.0 -111.64697009311583,40.53281007582212,0.0 -111.64695729465467,40.531479385028426,0.0 -111.64521328786583,40.53148913687167,0.0 -111.64525158231937,40.53548120968704,0.0 -111.64350747118665,40.53549093657271,0.0 -111.64354566979377,40.539483007954246,0.0 -111.64528988443946,40.53947327970541,0.0 -111.64531542344622,40.54213465816376,0.0 -111.64357113978039,40.542144387321436,0.0 -111.64358387604844,40.543475076538876,0.0 -111.64009523714225,40.543494456768094,0.0 -111.6401332439368,40.54748652527166,0.0 -111.6383888196596,40.547496177241065,0.0 -111.6384014557591,40.5488268665716,0.0 -111.64014591455924,40.54881721415135,0.0 -111.64015858602725,40.550147902720305,0.0 -111.63841409270188,40.550157555591404,0.0 -111.63842673048798,40.55148824430047,0.0 -111.64366031150732,40.5514592053172,0.0 -111.64367305372616,40.55278989235917,0.0 -111.64890673068155,40.552760614956966,0.0 -111.64889388487396,40.551429929282435,0.0 -111.65412745052564,40.5514004161972,0.0 -111.65411450199396,40.55006973159026,0.0 -111.66458140274293,40.55000999706257,0.0 -111.66456824792837,40.548679314934745,0.0 -111.66631269380312,40.54866926746841,0.0 -111.66632588314194,40.54999994912694,0.0 -111.66807036266076,40.54998987485398,0.0 -111.66811003954503,40.55398191655169,0.0 -111.66985462176757,40.55397181452603,0.0 -111.66986788369431,40.555302493998006,0.0 -111.67161249956513,40.55529236515834,0.0 -111.67159920310512,40.55396168615944,0.0 -111.67508836311603,40.55394135040356,0.0 -111.67506163473895,40.55127999337204,0.0 -111.67331712423768,40.551290173469404,0.0 -111.67326381627535,40.545967453771226,0.0 -111.67500818868551,40.54595727557565,0.0 -111.67499482940109,40.544626595348774,0.0 -111.67673916640278,40.54461639129639,0.0 -111.67672577349514,40.543285711235015,0.0 -111.67847007508851,40.54327548132829,0.0 -111.67845664856226,40.54194480143362,0.0 -111.6836894444209,40.54191395516898,0.0 -111.6837029744836,40.543244633622784,0.0 -111.68719156956975,40.54322393683179,0.0 -111.68720516956387,40.544554614007644,0.0 -111.68894950026105,40.544544225630844,0.0 -111.6889631356792,40.54587490201025,0.0 -111.69070749998292,40.54586448681506,0.0 -111.69068016102594,40.54320313471793,0.0 -111.69940162366451,40.543150668647975,0.0 -111.69937394325146,40.54048932020686,0.0 -111.7011181639971,40.54047874898901,0.0 -111.70113203825093,40.541809422871474,0.0 -111.70462054598056,40.54178820046078,0.0 -111.70463449018283,40.543118873040555,0.0 -111.70986734832651,40.543086840460354,0.0 -111.70988139699952,40.54441751123246,0.0 -111.71162571568891,40.54440678054411,0.0 -111.71163979981498,40.54573745050351,0.0 -111.71338415208007,40.54572669298131,0.0 -111.71339827166382,40.54705736212673,0.0 -111.71688704240061,40.54703576707608,0.0 -111.71687285378147,40.5457050989393,0.0 -111.71861720321316,40.545694262419566,0.0 -111.71860298102551,40.54436359447737,0.0 -111.72034729499289,40.54435273213256,0.0 -111.72033303924132,40.543022064386136,0.0 -111.72207731774456,40.54301117621875,0.0 -111.72206302843368,40.54168050866928,0.0 -111.72380727147292,40.5416695946818,0.0 -111.72379294860734,40.54033892733049,0.0 -111.72553715618272,40.540327987525394,0.0 -111.72552279976705,40.538997320373426,0.0 -111.7481969616623,40.538852713888346,0.0 -111.74818215766581,40.53752205317913,0.0 -111.74992628261246,40.53751074585137,0.0 -111.74983727240782,40.52952677821464,0.0 -111.74809335442761,40.52953808237378,0.0 -111.74806376124765,40.526876756276785,0.0 -111.74980761025743,40.526865453173684,0.0 -111.74979278066651,40.52553479018533,0.0 -111.75153659420515,40.52552346129699,0.0 -111.75152173112424,40.524192798525924,0.0 -111.75326550919186,40.52418144385483,0.0 -111.75328040675205,40.525512106095476,0.0 -111.7672308711499,40.52542031721386,0.0 -111.76721569775796,40.52408965926088,0.0 -111.76895946679737,40.52407806778415,0.0 -111.76897467466794,40.52540872519563,0.0 -111.77071847717127,40.525397106864666,0.0 -111.77070323482216,40.52406644999589,0.0 -111.77244700183,40.52405480589617,0.0 -111.77243172602164,40.52272414925916,0.0 -111.77591918802523,40.522700783217026,0.0 -111.7759038442885,40.52137012735933,0.0 -111.77764753928217,40.52135840542067,0.0 -111.77766291749255,40.52268906073076,0.0 -111.7794066459338,40.52267731193443,0.0 -111.7793758215942,40.52001600209961,0.0 -111.77588850157545,40.52003947118943,0.0 -111.775873159886,40.51870881470728,0.0 -111.77238590471117,40.51873217747507,0.0 -111.77237063297896,40.51740151958937,0.0 -111.77934500136739,40.517354691015754,0.0 -111.7793295927961,40.51602403500542,0.0 -111.78281670190275,40.51600046398896,0.0 -111.78280122543552,40.5146698087675,0.0 -111.7845447439793,40.51465798435596,0.0 -111.78457576687231,40.517319293381775,0.0 -111.78631935330714,40.51730744156046,0.0 -111.78630380687913,40.51597678775736,0.0 -111.78804735781274,40.515964910185986,0.0 -111.78806293870471,40.51729556343422,0.0 -111.78980652306275,40.51728365900309,0.0 -111.78972845670016,40.51063039241871,0.0 -111.79147186772023,40.51061846446921,0.0 -111.79153445655925,40.51594107613236,0.0 -111.79502155112954,40.515917136864495,0.0 -111.79503726987667,40.51724778788093,0.0 -111.79678085005357,40.51723577823076,0.0 -111.7967493446831,40.51457447700747,0.0 -111.79326232113048,40.51459846776153,0.0 -111.79323095779505,40.51193716304697,0.0 -111.79497440117981,40.511925181940526,0.0 -111.79495868662684,40.51059452967432,0.0 -111.79670209450879,40.51058252282903,0.0 -111.79668634655206,40.5092518708113,0.0 -111.81063329597777,40.509154873838185,0.0 -111.81061727347607,40.50782422603932,0.0 -111.81584725858939,40.5077874199937,0.0 -111.81583113381645,40.50645677360165,0.0 -111.81408784096465,40.50646906800474,0.0 -111.8140234903923,40.50114647701233,0.0 -111.80879401869835,40.50118319559292,0.0 -111.80877803704398,40.499852545347736,0.0 -111.80703491211274,40.499864731726134,0.0 -111.80698707683841,40.49587277740711,0.0 -111.80873009847706,40.495860592736626,0.0 -111.80871412108654,40.49452994124107,0.0 -111.80697113387416,40.49454212534229,0.0 -111.80695519197339,40.49321147296493,0.0 -111.8052122381216,40.49322363021465,0.0 -111.80522814559832,40.49455428316002,0.0 -111.79999917441297,40.49459059891181,0.0 -111.79998337020889,40.49325994426977,0.0 -111.79475449280838,40.49329602178285,0.0 -111.7947701937391,40.49462667811052,0.0 -111.7912842013824,40.49465059949066,0.0 -111.79126856930098,40.49331994204539,0.0 -111.7877826416227,40.493343757177215,0.0 -111.7877982048545,40.4946744157352,0.0 -111.78431220417373,40.49469812684373,0.0 -111.78429670979187,40.49336746717796,0.0 -111.7808107738269,40.49339107204727,0.0 -111.78079534932424,40.49206041096638,0.0 -111.78253828339948,40.49204862222398,0.0 -111.78246100423773,40.48539531488986,0.0 -111.78420376520232,40.48538350262562,0.0 -111.78406441804519,40.47340753471993,0.0 -111.78580686837886,40.47339570115758,0.0 -111.78576033475402,40.46940370789412,0.0 -111.78750268089523,40.46939184972979,0.0 -111.7874871373746,40.46806118523823,0.0 -111.79097175778215,40.46803739123946,0.0 -111.7909561465403,40.46670672754747,0.0 -111.79618296620045,40.466670841281186,0.0 -111.79619868057848,40.46800150329622,0.0 -111.79794098608411,40.46798948812997,0.0 -111.79792523732749,40.46665882667637,0.0 -111.79966750740421,40.46664678581361,0.0 -111.79963594429177,40.46398546309448,0.0 -111.80312034378531,40.46396130485319,0.0 -111.80310449506482,40.46263064415388,0.0 -111.80658882158751,40.46260638202495,0.0 -111.80657290518587,40.461275722146915,0.0 -111.81179928389605,40.46123913375816,0.0 -111.81178326545621,40.459908475277395,0.0 -111.81352535519292,40.45989622721477,0.0 -111.81350930345722,40.45856556899378,0.0 -111.81873546314303,40.45852866902212,0.0 -111.81871930939286,40.45719801221288,0.0 -111.82046132610833,40.45718566029943,0.0 -111.82044513907623,40.455855003754756,0.0 -111.82218712035302,40.455842626170984,0.0 -111.82217090004355,40.454511969892046,0.0 -111.8273967343042,40.45447468139864,0.0 -111.82736409081086,40.45181337138769,0.0 -111.83433157975104,40.45176329063208,0.0 -111.83431512223898,40.45043263749784,0.0 -111.83605695738656,40.4504200522883,0.0 -111.83604046662495,40.449089399429354,0.0 -111.83778226632585,40.44907678856697,0.0 -111.83776574231926,40.447746135984495,0.0 -111.84124926972385,40.44772083671938,0.0 -111.84123267813469,40.44639018500633,0.0 -111.85168302766868,40.44631366103855,0.0 -111.8516662311483,40.44498301258875,0.0 -111.85689128780696,40.444944398194814,0.0 -111.856908187345,40.44627504483998,0.0 -111.85864990498621,40.44626212029786,0.0 -111.85861603836115,40.44360082790238,0.0 -111.86035768619742,40.4435878783328,0.0 -111.8603407202442,40.44225723227052,0.0 -111.86208233261476,40.44224425707197,0.0 -111.8621503405673,40.44756683701634,0.0 -111.86389208915489,40.44755383315304,0.0 -111.86394321006235,40.45154576299948,0.0 -111.86220135843776,40.45155876868602,0.0 -111.86221836666283,40.452889411949506,0.0 -111.8639602526377,40.45287640565517,0.0 -111.8639772963496,40.454207047997635,0.0 -111.86746113359212,40.45418095545813,0.0 -111.86752959467225,40.459503516817826,0.0 -111.86578753918809,40.45951657865141,0.0 -111.86580462294803,40.46084721881847,0.0 -111.86754671279603,40.4608341563745,0.0 -111.86756383206146,40.46216479561791,0.0 -111.86582170784736,40.462177858672284,0.0 -111.86587296938241,40.46616977635402,0.0 -111.8676151967086,40.466156711468265,0.0 -111.86763232054155,40.46748734945844,0.0 -111.86589005884008,40.4675004149547,0.0 -111.86590714943755,40.46883105324209,0.0 -111.86416485221861,40.46884409309036,0.0 -111.86419896807111,40.47150536994395,0.0 -111.86594133405224,40.47149232887699,0.0 -111.86599261952492,40.475484239979615,0.0 -111.85902273613954,40.47553625397174,0.0 -111.85900577739876,40.47420561482051,0.0 -111.85726333810828,40.474218552052,0.0 -111.8572802624596,40.47554919180775,0.0 -111.8555377876508,40.475562103378834,0.0 -111.85552089768905,40.4742314630198,0.0 -111.85203601347344,40.474257206164154,0.0 -111.85206965696024,40.47691848897491,0.0 -111.84684211588223,40.476956910302945,0.0 -111.84685883612524,40.47828755303391,0.0 -111.84511628580452,40.47830030820643,0.0 -111.84514966084028,40.48096159392125,0.0 -111.8416644192694,40.48098702783975,0.0 -111.84168103965366,40.482317671416034,0.0 -111.83993838280249,40.48233034956228,0.0 -111.83992179682002,40.48099970539365,0.0 -111.83643654860478,40.48102498169046,0.0 -111.83648610344613,40.48501691680069,0.0 -111.83474337447193,40.4850295173096,0.0 -111.8347598605472,40.48636016230924,0.0 -111.83301709606438,40.486372737131546,0.0 -111.83306645764797,40.490364672015744,0.0 -111.8348093253715,40.49035209543074,0.0 -111.83482581584605,40.49168273917875,0.0 -111.83308291370436,40.49169531635136,0.0 -111.8331487489081,40.497017890564884,0.0 -111.82966266594157,40.49704297075571,0.0 -111.82967905862792,40.49837361469861,0.0 -111.82444982269287,40.4984110395932,0.0 -111.82446611317599,40.49974168497174,0.0 -111.82272299792214,40.49975410794364,0.0 -111.82270674187146,40.498423461984714,0.0 -111.81922057697783,40.49844822790747,0.0 -111.81923676416339,40.49977887502347,0.0 -111.82097988158384,40.49976650462756,0.0 -111.82099610428415,40.501097150852914,0.0 -111.8192529524288,40.50110952182677,0.0 -111.8193986954247,40.513085328983195,0.0 -111.82114215729744,40.51307295280678,0.0 -111.82115839082381,40.51440359590448,0.0 -111.82290188607138,40.514391192848365,0.0 -111.82291815514087,40.51572183505385,0.0 -111.82640521129758,40.515696948874684,0.0 -111.82645423180634,40.51968887012645,0.0 -111.82471060087829,40.51970132811316,0.0 -111.82474321772817,40.52236260854736,0.0 -111.82299951677146,40.52237504138922,0.0 -111.82301579235477,40.52370568171786,0.0 -111.82127205583835,40.52371808883042,0.0 -111.8212882980314,40.52504872942583,0.0 -111.8195445259551,40.52506111080662,0.0 -111.8195607347533,40.52639175166759,0.0 -111.81781692711694,40.526404107314114,0.0 -111.81783310251569,40.527734748439485,0.0 -111.81608925931911,40.52774707834925,0.0 -111.81612154438557,40.530408360813674,0.0 -111.81437763114293,40.530420665558985,0.0 -111.8144098515396,40.533081947922,0.0 -111.81092188387503,40.53310648075495,0.0 -111.81095397059615,40.53576776415905,0.0 -111.80920991616914,40.53577999223931,0.0 -111.80922592663804,40.53711063404352,0.0 -111.80748183664524,40.537122836372205,0.0 -111.80749781368263,40.53845347843373,0.0 -111.8057536881239,40.538465655008366,0.0 -111.80576963172518,40.539796297326,0.0 -111.80402547060037,40.5398084481441,0.0 -111.80404138076094,40.54113909071667,0.0 -111.80229718406983,40.541151215775734,0.0 -111.80231306078512,40.54248185860205,0.0 -111.79882459521293,40.54250603086928,0.0 -111.7988562137797,40.54516731784233,0.0 -111.79711191038886,40.54517936560942,0.0 -111.79714346414508,40.54784065245776,0.0 -111.79539909067083,40.54785267501743,0.0 -111.79544632563844,40.55184460463065,0.0 -111.79195736841321,40.551868574109385,0.0 -111.79212988439967,40.566505637610774,0.0 -111.78864016316443,40.56652951400567,0.0 -111.78865578361396,40.56786015538231,0.0 -111.78691088688005,40.56787205460994,0.0 -111.78692647381835,40.56920269622983,0.0 -111.78343660812445,40.569226416737834,0.0 -111.78345212699065,40.570557059153074,0.0 -111.78170715803273,40.57056888042969,0.0 -111.78169167372283,40.569238237462415,0.0 -111.77645686432695,40.56927354151789,0.0 -111.77644148471288,40.56794289658951,0.0 -111.77295167575485,40.56796629976784,0.0 -111.77293636627125,40.56663565343419,0.0 -111.7711914948106,40.566647314950735,0.0 -111.77117622089855,40.56531666776022,0.0 -111.77292105780936,40.565305006788286,0.0 -111.77287513855305,40.56131306497701,0.0 -111.76938567098381,40.56133635730762,0.0 -111.76940090729515,40.562667005978156,0.0 -111.76765613744112,40.562678613166646,0.0 -111.76770174883342,40.56667055893132,0.0 -111.76246712226259,40.56670522727026,0.0 -111.76245202110097,40.56537457737518,0.0 -111.74325869326702,40.56549965973673,0.0 -111.74327341437107,40.56683031547359,0.0 -111.73978363643747,40.56685271621516,0.0 -111.73976898443577,40.565522059432155,0.0 -111.73627927169326,40.56554435372605,0.0 -111.73629385459232,40.566875011550295,0.0 -111.73454896220866,40.56688611969033,0.0 -111.73453441386104,40.56555546134732,0.0 -111.72755497284625,40.56559962832691,0.0 -111.72756938298743,40.566930288732664,0.0 -111.72233468846504,40.566963138819524,0.0 -111.72232038197947,40.56563247687961,0.0 -111.7135960448037,40.565686697450815,0.0 -111.71358191202215,40.56435603266704,0.0 -111.71009223963325,40.56437753543446,0.0 -111.71010630331462,40.5657082012225,0.0 -111.70661655807103,40.56572959958979,0.0 -111.70663055358591,40.56706026606571,0.0 -111.70488564500931,40.56707092622045,0.0 -111.70487168404706,40.5657402592467,0.0 -111.69963705639418,40.56577208010994,0.0 -111.69965091369804,40.56710274856985,0.0 -111.69790600140816,40.567113303314564,0.0 -111.69791982508164,40.56844397195602,0.0 -111.69094002849798,40.56848592936782,0.0 -111.69095371486321,40.56981659965742,0.0 -111.6839737654332,40.569858137345015,0.0 -111.68394667007082,40.56719679257484,0.0 -111.68220174956096,40.5672071101446,0.0 -111.68221526223421,40.56853778316718,0.0 -111.67698039163504,40.568568579196686,0.0 -111.67699380153526,40.56989925334631,0.0 -111.67350381420694,40.56991965321381,0.0 -111.67351715588063,40.571250328004986,0.0 -111.67177212631883,40.57126048887983,0.0 -111.6717854343198,40.57259116383444,0.0 -111.6700403693066,40.57260129882568,0.0 -111.67005364363025,40.573931973942514,0.0 -111.65783792190021,40.5740021841292,0.0 -111.65785095513297,40.57533286221389,0.0 -111.65610581396244,40.575342787265676,0.0 -111.65611881349442,40.576673465502886,0.0 -111.65437363688551,40.57668336465603,0.0 -111.6543866027121,40.5780140430446,0.0 -111.64915096398282,40.57804358371015,0.0 -111.6491638269483,40.57937426316736,0.0 -111.64741857774281,40.579384057786214,0.0 -111.64744423709136,40.58204541668279,0.0 -111.64569891787129,40.58205518584922,0.0 -111.6457117142475,40.58338586528742,0.0 -111.64396635959064,40.58339560854151,0.0 -111.64397912223599,40.584726288123846,0.0 -111.63176137381886,40.584793755730516,0.0 -111.6317738952032,40.5861244381527,0.0 -111.6282830332091,40.5861434781707,0.0 -111.62827058100045,40.58481279485939,0.0 -111.6230343855451,40.584841155776466,0.0 -111.62302203792467,40.58351047083006,0.0 -111.6212766723739,40.58351987128962,0.0 -111.62125204877012,40.58085849958698,0.0 -111.61950675156233,40.58086787280197,0.0 -111.61948220040104,40.578206498981466,0.0 -111.61773697152958,40.57821584495686,0.0 -111.61771249279192,40.57555446902111,0.0 -111.61596733225011,40.57556378776185,0.0 -111.61595512867645,40.57423309889292,0.0 -111.61421000188999,40.574242390837924,0.0 -111.61419783369841,40.5729117012245,0.0 -111.61245274066745,40.572920966376195,0.0 -111.61244060785336,40.571590276019556,0.0 -111.61069554857801,40.5715995143804,0.0 -111.61068345113677,40.570268823281815,0.0 -111.60719339929247,40.570287220069666,0.0 -111.6072054276073,40.57161791202745,0.0 -111.60546036591654,40.57162707131358,0.0 -111.6054723604686,40.57295776338868,0.0 -111.60372726341166,40.57296689674304,0.0 -111.60377511134054,40.57828966364527,0.0 -111.60202987519936,40.578298772341455,0.0 -111.60205373479783,40.58096015478072,0.0 -111.60379904009584,40.58095104523374,0.0 -111.60381100567142,40.582281735562326,0.0 -111.60555634475261,40.58227259922174,0.0 -111.605568345711,40.583603288813194,0.0 -111.60731371857524,40.58359412567654,0.0 -111.60733779207035,40.586255503072195,0.0 -111.60908323330615,40.58624631270787,0.0 -111.60909530584983,40.58757700051078,0.0 -111.61084078087069,40.58756778334427,0.0 -111.61085288881343,40.58889847040624,0.0 -111.61259839761922,40.58888922643508,0.0 -111.6126226851226,40.591550598764066,0.0 -111.61436826231089,40.591541327552896,0.0 -111.61440480345296,40.595533382418374,0.0 -111.6178961630015,40.5955147582574,0.0 -111.61790841422206,40.59684544172173,0.0 -111.63187409637247,40.5967698863438,0.0 -111.63188662528138,40.598100565969354,0.0 -111.63363236641955,40.59809100238492,0.0 -111.63365749597061,40.600752359810606,0.0 -111.63540330549394,40.60074276894818,0.0 -111.63541590614305,40.60207344674701,0.0 -111.63716174944061,40.60206382905071,0.0 -111.63717438554858,40.60339450608966,0.0 -111.64066613884597,40.60337519063727,0.0 -111.64067884503721,40.60470586646346,0.0 -111.64242475503457,40.60469616870374,0.0 -111.64246298257126,40.608688192958724,0.0 -111.64420899559101,40.608678467448414,0.0 -111.64423455412935,40.611339814489114,0.0 -111.64598063555611,40.611330061676114,0.0 -111.64599345073854,40.61266073427474,0.0 -111.64773956594325,40.6126509546107,0.0 -111.64771386716932,40.60998961001574,0.0 -111.65295199983395,40.6099601154045,0.0 -111.65288724854764,40.60330675536099,0.0 -111.65463311792321,40.60329687334515,0.0 -111.65459417368021,40.59930485497156,0.0 -111.65633993834523,40.59929494795676,0.0 -111.65632692405391,40.59796427500619,0.0 -111.6580726532402,40.59795434207212,0.0 -111.65805960520997,40.596623669274365,0.0 -111.65980529891766,40.59661371042349,0.0 -111.65976605624368,40.592621691559145,0.0 -111.66500282069252,40.59259166093053,0.0 -111.66498963775284,40.59126098875599,0.0 -111.66673518954745,40.59125092626278,0.0 -111.66682773084253,40.6005656216622,0.0 -111.6685735239894,40.60055552949526,0.0 -111.66856026654492,40.59922486012846,0.0 -111.67030602419497,40.59921474204992,0.0 -111.67035919774426,40.6045374157603,0.0 -111.6721050929678,40.60452726940405,0.0 -111.67209176363068,40.60319660191694,0.0 -111.67558348216879,40.603176230992624,0.0 -111.67557008448895,40.60184556414551,0.0 -111.67731590780143,40.6018353395812,0.0 -111.6773024764021,40.600504672900286,0.0 -111.68079405110737,40.60048414557494,0.0 -111.68080755173413,40.601814811297324,0.0 -111.68429919206179,40.601794177473344,0.0 -111.68431276282163,40.60312484192099,0.0 -111.68605861624359,40.60311448494797,0.0 -111.68604501086794,40.60178382098393,0.0 -111.68779082876591,40.6017734381096,0.0 -111.68780446875729,40.60310410158882,0.0 -111.68955032036041,40.60309369184358,0.0 -111.6895913496591,40.607085678954896,0.0 -111.69133730420998,40.60707524136161,0.0 -111.69135101709381,40.60840590262195,0.0 -111.69484299269655,40.60838494728787,0.0 -111.69485677574993,40.60971560725835,0.0 -111.69660279679925,40.60970508951392,0.0 -111.69657516236101,40.607043770243656,0.0 -111.69832111323643,40.60703322709176,0.0 -111.69829341324535,40.604371907560235,0.0 -111.70003929395408,40.604361339005784,0.0 -111.69996988708928,40.5977080371936,0.0 -111.69647847087703,40.597729142987305,0.0 -111.6964508530364,40.59506781811116,0.0 -111.69470521275633,40.5950783304548,0.0 -111.69469143982015,40.593747667058736,0.0 -111.6929458332223,40.593758152534164,0.0 -111.69291835930409,40.59109682382861,0.0 -111.68768174160725,40.5911281190678,0.0 -111.68766810980793,40.58979745278659,0.0 -111.6859226033476,40.589807831298366,0.0 -111.68590900705081,40.58847716422121,0.0 -111.68939994987636,40.588456381794394,0.0 -111.68938628530648,40.58712571537641,0.0 -111.69811345341752,40.58707330023884,0.0 -111.69812729093765,40.588403964209114,0.0 -111.69987275638815,40.58839340157498,0.0 -111.69991437827423,40.59238539013742,0.0 -111.70165994658193,40.59237479964751,0.0 -111.70164603709709,40.59104413759934,0.0 -111.70339156987966,40.59103352122925,0.0 -111.70341945897337,40.59369484402259,0.0 -111.70516506002063,40.593684200283874,0.0 -111.70520700445338,40.597676180646495,0.0 -111.70346129959566,40.597686825876345,0.0 -111.70350314859772,40.60167880492654,0.0 -111.71397798668126,40.60161452883348,0.0 -111.71396382840742,40.6002838724628,0.0 -111.71221805902195,40.600294650602564,0.0 -111.71218981452724,40.59763333591983,0.0 -111.71393551469488,40.59762255878657,0.0 -111.71392135925608,40.59629190148101,0.0 -111.71217569369387,40.59630267811105,0.0 -111.71216157380306,40.59497201999068,0.0 -111.71390720476214,40.594961243863835,0.0 -111.71389305121299,40.59363058593504,0.0 -111.71214745485474,40.5936413615587,0.0 -111.71211921978531,40.59098004375995,0.0 -111.71561027316777,40.59095846815084,0.0 -111.71562445942367,40.592289126198494,0.0 -111.71737001929178,40.59227829832677,0.0 -111.717384241093,40.59360895555717,0.0 -111.71912983461014,40.593598100803035,0.0 -111.71914409196134,40.594928757214895,0.0 -111.72088971912734,40.594917875575916,0.0 -111.7209040120331,40.596248531167966,0.0 -111.72439533270621,40.5962266877363,0.0 -111.72442405980495,40.59888799594529,0.0 -111.72616978791675,40.59887703363712,0.0 -111.7261985880724,40.60153833957532,0.0 -111.72794438444431,40.6015273498594,0.0 -111.72795882057821,40.6028580018477,0.0 -111.72970465060051,40.60284698523347,0.0 -111.72969017985258,40.60151633375957,0.0 -111.73667335180308,40.60147200552187,0.0 -111.73665874357492,40.600141355805945,0.0 -111.74189600847254,40.60010783416389,0.0 -111.7418812973926,40.59877718570129,0.0 -111.74013557801457,40.59878838544141,0.0 -111.74012090252317,40.5974577361439,0.0 -111.74710363570824,40.5974127809961,0.0 -111.74711844962555,40.59874342819442,0.0 -111.7506098795069,40.59872079128485,0.0 -111.75059499637706,40.597390145143514,0.0 -111.76106905446696,40.59732160447517,0.0 -111.76108414523253,40.598652247416005,0.0 -111.76282985267446,40.598640731105384,0.0 -111.76278447958946,40.594648802959505,0.0 -111.74881962246432,40.594740181982694,0.0 -111.74883446900574,40.596070829277195,0.0 -111.74708882277974,40.59608213348578,0.0 -111.74707401084001,40.59475148566345,0.0 -111.74358278462766,40.594774013893044,0.0 -111.74356804287555,40.59344336470679,0.0 -111.74182246289172,40.593454588731426,0.0 -111.74180775672087,40.5921239387091,0.0 -111.73657111468087,40.592157450960805,0.0 -111.73655651327698,40.5908267990617,0.0 -111.73481099857315,40.590837916542995,0.0 -111.73476730398075,40.58684595741715,0.0 -111.72778565055559,40.58689015741057,0.0 -111.72775680236829,40.584228845639586,0.0 -111.73124749267522,40.58420680044246,0.0 -111.73126198545546,40.58553745545436,0.0 -111.73475274106084,40.585515303751514,0.0 -111.73473817911294,40.58418464977402,0.0 -111.74870088580215,40.58409499239414,0.0 -111.74871572441779,40.585425642184745,0.0 -111.75046109290457,40.585414315829624,0.0 -111.75044621970581,40.58408366656791,0.0 -111.75219155261675,40.58407231437435,0.0 -111.75220646039857,40.58540296310592,0.0 -111.7539518268975,40.585391584013685,0.0 -111.7539368845327,40.58406093581346,0.0 -111.75568221545134,40.584049530885316,0.0 -111.75566723950325,40.58271888290562,0.0 -111.75741253484175,40.58270745214406,0.0 -111.75742754537038,40.584038099589954,0.0 -111.75917287428746,40.58402664192741,0.0 -111.75915782917839,40.58269599501654,0.0 -111.76439370615417,40.58266146543878,0.0 -111.76437855831529,40.58133081982822,0.0 -111.77310482680079,40.58127274592916,0.0 -111.77308950709603,40.57994210271829,0.0 -111.78356078805972,40.57987154731243,0.0 -111.78359184340503,40.58253282683196,0.0 -111.78533712243703,40.58252097422059,0.0 -111.78538381697346,40.58651288949612,0.0 -111.78363843419666,40.586524743768045,0.0 -111.78366949990775,40.58918602016329,0.0 -111.78192404691936,40.58919784917094,0.0 -111.78197054948293,40.593189763077724,0.0 -111.77847943284478,40.59321334528185,0.0 -111.77846400014687,40.591882706524196,0.0 -111.77671847487716,40.59189445751466,0.0 -111.7767338729793,40.593225096821044,0.0 -111.77498831208598,40.59323682198494,0.0 -111.7750190421753,40.59589810075568,0.0 -111.77676467226723,40.59588637449673,0.0 -111.77678007345318,40.59721701286604,0.0 -111.77503440875847,40.59722873967254,0.0 -111.77504977636741,40.59855937827705,0.0 -111.77330407604178,40.598571079250874,0.0 -111.773288743038,40.59724044009999,0.0 -111.76456039912983,40.59729854655004,0.0 -111.7645755591067,40.59862918841418,0.0 -111.76806696893289,40.59860602389017,0.0 -111.76808219913737,40.59993666436044,0.0 -111.77331941006912,40.599901718089406,0.0 -111.77333474512008,40.601232356615625,0.0 -111.78031781712625,40.601185390053075,0.0 -111.78045712502401,40.613161102993374,0.0 -111.77172672449517,40.61321976988759,0.0 -111.77174203515361,40.61455040583577,0.0 -111.76650367865349,40.614585290874395,0.0 -111.76651888642783,40.61591592813902,0.0 -111.76477273092537,40.61592750423519,0.0 -111.76478790507711,40.61725814172802,0.0 -111.76304171392368,40.61726969196689,0.0 -111.76305685444822,40.618600329686764,0.0 -111.75257947853947,40.61866907997359,0.0 -111.75253468348618,40.61467715624831,0.0 -111.74904242468081,40.6146998586363,0.0 -111.74907214850332,40.61736114355194,0.0 -111.74557974717942,40.61738374246719,0.0 -111.74556495404944,40.6160530991103,0.0 -111.74381878654368,40.616064358444845,0.0 -111.74380402903775,40.61473371425026,0.0 -111.73507334996002,40.61478961235585,0.0 -111.73505876661122,40.613458965239445,0.0 -111.7333126625002,40.613470065154274,0.0 -111.73338541578488,40.620123300208796,0.0 -111.73513169309209,40.62011219770245,0.0 -111.73514628130968,40.621442843259345,0.0 -111.7333999693563,40.62145394628406,0.0 -111.73344363590087,40.6254458826385,0.0 -111.72995080117595,40.62546801258041,0.0 -111.72996528932342,40.62679865844131,0.0 -111.7247259260202,40.62683165684922,0.0 -111.7247403111609,40.628162303938865,0.0 -111.72299382014445,40.628173251104464,0.0 -111.72300817158512,40.6295038983934,0.0 -111.72126164494995,40.62951481966017,0.0 -111.72127596268597,40.63084546714722,0.0 -111.71952940043194,40.63085636251267,0.0 -111.71951511735887,40.62952571451699,0.0 -111.71078246514578,40.629579792650055,0.0 -111.71076835633056,40.628249141817975,0.0 -111.70902185771367,40.628259877712885,0.0 -111.70900778449916,40.62692922606796,0.0 -111.70551485376646,40.626950617631934,0.0 -111.70554286249507,40.629611922607644,0.0 -111.6933170903567,40.62968596814491,0.0 -111.6933033281553,40.628355312356014,0.0 -111.68806380168046,40.62838664853614,0.0 -111.68811844001594,40.63370927567539,0.0 -111.68637179070237,40.63371967019073,0.0 -111.68638541789522,40.63505032668235,0.0 -111.68114536049062,40.635081353189726,0.0 -111.68115888457233,40.636412010818454,0.0 -111.6741719900398,40.63645301158716,0.0 -111.6741853763196,40.63778367081868,0.0 -111.66719832878069,40.63782425080617,0.0 -111.66721157723903,40.63915491162093,0.0 -111.66371797879478,40.639175044042986,0.0 -111.66373115877511,40.640505705486454,0.0 -111.66023748744784,40.64052573316374,0.0 -111.66025059894068,40.64185639523103,0.0 -111.65326310706334,40.641896135385636,0.0 -111.65325013430643,40.64056547146318,0.0 -111.64975645252932,40.64058518208471,0.0 -111.64976935591787,40.64191584692735,0.0 -111.64627560132588,40.64193545277826,0.0 -111.6462884362028,40.64326611822519,0.0 -111.64104769383282,40.643295330194356,0.0 -111.64103496301628,40.641964663383746,0.0 -111.63754119988911,40.64198400500636,0.0 -111.63752853929188,40.640653336981934,0.0 -111.63578169114375,40.640662967709204,0.0 -111.63576906607427,40.63933229892429,0.0 -111.63402225176559,40.63934190278144,0.0 -111.63400966221924,40.63801123323733,0.0 -111.62702253532235,40.638049382678865,0.0 -111.62703498614742,40.639380054004,0.0 -111.61306041515233,40.63945508825249,0.0 -111.61303606920617,40.636793738285874,0.0 -111.61128931350919,40.6368029978082,0.0 -111.6112771764316,40.63547232192668,0.0 -111.60953045460059,40.63548155459938,0.0 -111.60950625222233,40.63282020104247,0.0 -111.60601294483054,40.63283858541907,0.0 -111.60600091419246,40.63150790731646,0.0 -111.60425429396008,40.63151705945502,0.0 -111.60424229879256,40.63018638061457,0.0 -111.59725594854687,40.63022272333387,0.0 -111.59724409284088,40.62889204248621,0.0 -111.59549753795996,40.6289010617133,0.0 -111.59547389824625,40.62623969824443,0.0 -111.59372741189989,40.62624869022037,0.0 -111.59371562788519,40.62491800760046,0.0 -111.5902227221514,40.62493591148922,0.0 -111.59021100823585,40.62360522772299,0.0 -111.57973248027636,40.62365830312059,0.0 -111.57972097506766,40.62232761656602,0.0 -111.57797458569328,40.622336369633096,0.0 -111.57796311590471,40.621005682359566,0.0 -111.57621676041661,40.62101440861355,0.0 -111.57620532604355,40.61968372062232,0.0 -111.57445900444183,40.619692420065654,0.0 -111.5744362072785,40.61703104234012,0.0 -111.57268995420854,40.61703971457034,0.0 -111.57266722937257,40.61437833479409,0.0 -111.56917485952654,40.61439559843978,0.0 -111.56915227627366,40.611734215810635,0.0 -111.56740615949329,40.6117428072335,0.0 -111.56739490363142,40.6104121150525,0.0 -111.5639027370865,40.6104292179116,0.0 -111.56396986785421,40.618413371137066,0.0 -111.56571615933977,40.61840483051262,0.0 -111.56572738506355,40.61973552123261,0.0 -111.56922003507955,40.6197183599759,0.0 -111.56923133085299,40.62104904958448,0.0 -111.57097768938095,40.621040428948554,0.0 -111.57101168519043,40.62503249470554,0.0 -111.57275814692558,40.625023846453814,0.0 -111.57276951503452,40.62635453401527,0.0 -111.5762625055438,40.626337157475874,0.0 -111.5762739437346,40.62766784391581,0.0 -111.57976700051182,40.627650360922594,0.0 -111.5797785087936,40.628981046235985,0.0 -111.58152507069435,40.628972264713546,0.0 -111.58157125018342,40.63429500122405,0.0 -111.59030474146289,40.634250689161654,0.0 -111.5903281825938,40.636912051417305,0.0 -111.58508788209902,40.636938720394596,0.0 -111.58507626517384,40.63560803817695,0.0 -111.58332953146505,40.63561687458536,0.0 -111.5833758650972,40.640939603243986,0.0 -111.58686960918507,40.64092190070386,0.0 -111.58689291939307,40.64358326151812,0.0 -111.59038679911846,40.64356545162414,0.0 -111.59037507424787,40.6422347722036,0.0 -111.58862816946419,40.642243689946866,0.0 -111.58859310360172,40.638251648573885,0.0 -111.59033990433319,40.638242732079505,0.0 -111.59035162685528,40.63957341243128,0.0 -111.59209846148575,40.63956446909917,0.0 -111.59211021947463,40.64089514872302,0.0 -111.60259141879234,40.64084093135053,0.0 -111.60266323212451,40.64882498738603,0.0 -111.59916908588858,40.648843170626094,0.0 -111.59918098817502,40.65017384639396,0.0 -111.59743387916377,40.65018289879169,0.0 -111.59744574754274,40.65151357467162,0.0 -111.59919289125631,40.65150452185129,0.0 -111.59920479513247,40.65283519699812,0.0 -111.60095197275571,40.65282611732156,0.0 -111.6009639121337,40.654156791734,0.0 -111.6027111236665,40.65414768519878,0.0 -111.60268717629646,40.651486336913514,0.0 -111.6114228748647,40.65144041200409,0.0 -111.61141072886899,40.65010973953943,0.0 -111.61490493323117,40.650091185416585,0.0 -111.61491714863045,40.6514218570151,0.0 -111.61666428429089,40.651412539872474,0.0 -111.61663978490691,40.6487511972346,0.0 -111.61838685034833,40.648741854532254,0.0 -111.61835000332266,40.64474983955367,0.0 -111.62184392357487,40.644731077488174,0.0 -111.62185627448117,40.64606174858251,0.0 -111.62360326806359,40.64605232747131,0.0 -111.62361565448913,40.64738299781511,0.0 -111.6253626819389,40.647373549835905,0.0 -111.62537510388833,40.6487042194279,0.0 -111.62886922569052,40.648685243299255,0.0 -111.62890670472395,40.6526772475529,0.0 -111.62366520846335,40.652705676082775,0.0 -111.62368999041453,40.65536701335207,0.0 -111.62543722607958,40.65535756272624,0.0 -111.62544965300705,40.65668823045357,0.0 -111.62894419126644,40.65666924900925,0.0 -111.62893169491782,40.655338582167964,0.0 -111.63067892808641,40.65532905223558,0.0 -111.63069145914548,40.656659718632,0.0 -111.63418599239074,40.656640578567504,0.0 -111.63417339191092,40.65530991306452,0.0 -111.63941508133125,40.65528100604273,0.0 -111.6394277859417,40.65661167019632,0.0 -111.64292231073736,40.65659226576632,0.0 -111.64293508562099,40.65792292870318,0.0 -111.64468238145264,40.657913186378785,0.0 -111.644695191904,40.659243848549906,0.0 -111.64993717840038,40.65921446157943,0.0 -111.64995009385758,40.66054512206778,0.0 -111.66043425179993,40.6604856315051,0.0 -111.6604211280438,40.65915497379362,0.0 -111.66216844993056,40.65914496662766,0.0 -111.66215529233689,40.65781430907214,0.0 -111.66739714857434,40.65778413035233,0.0 -111.66734411048918,40.65246150265311,0.0 -111.67607982565418,40.65241068553429,0.0 -111.67609325736866,40.65374134055371,0.0 -111.6830819521862,40.65370020916265,0.0 -111.68305481203173,40.65103890265242,0.0 -111.69004321472924,40.6509973522117,0.0 -111.69002950721499,40.6496667004291,0.0 -111.69352363368311,40.64964576760315,0.0 -111.69353741059507,40.65097641840856,0.0 -111.70052579126816,40.65093423363835,0.0 -111.70053970790394,40.65226488216303,0.0 -111.70228683545561,40.6522542693995,0.0 -111.70230078772381,40.65358491711721,0.0 -111.70404794904687,40.65357427742564,0.0 -111.70406193695213,40.654904924335085,0.0 -111.71629228286594,40.65482970287293,0.0 -111.71627805202526,40.65349905947471,0.0 -111.71977235864435,40.65347733074037,0.0 -111.71975805934909,40.652146688044674,0.0 -111.72325229274406,40.6521248546007,0.0 -111.7232379250037,40.6507942126124,0.0 -111.72498500556331,40.65078325675549,0.0 -111.72491300778638,40.64413004469353,0.0 -111.73539443008787,40.64406377000245,0.0 -111.73540903584836,40.645394409944615,0.0 -111.73715597085322,40.645383271161386,0.0 -111.7371706122791,40.64671391027159,0.0 -111.73891758099634,40.64670274454276,0.0 -111.73893225809222,40.64803338281977,0.0 -111.73718525468267,40.64804454906984,0.0 -111.73719989806402,40.64937518755611,0.0 -111.7389469361682,40.649364020784766,0.0 -111.73896161522433,40.65069465843777,0.0 -111.74420282773707,40.65066099798447,0.0 -111.74418804459056,40.64933036190271,0.0 -111.74942914412892,40.64929646516948,0.0 -111.74944403136517,40.65062709966888,0.0 -111.76516758831619,40.65052397756025,0.0 -111.76510679639989,40.645201456943376,0.0 -111.75986603611003,40.64523606237648,0.0 -111.75985094472773,40.64390542982608,0.0 -111.7546102794289,40.64393979584057,0.0 -111.75464025507314,40.64660106383777,0.0 -111.75638721388606,40.64658963385517,0.0 -111.75640223790099,40.647920266851926,0.0 -111.74417326243113,40.647999725508896,0.0 -111.74415848125875,40.64666908880303,0.0 -111.74066454873358,40.64669155238837,0.0 -111.74064983792779,40.64536091432182,0.0 -111.73890290488048,40.645372105953776,0.0 -111.73887355558846,40.64271082783979,0.0 -111.74062041926285,40.64269963725269,0.0 -111.74060571140359,40.64136899825011,0.0 -111.742352539413,40.64135778176481,0.0 -111.74232305728162,40.63869650387082,0.0 -111.74406981494796,40.63868526201462,0.0 -111.74405504068272,40.63735462312439,0.0 -111.747548483702,40.6373320612112,0.0 -111.7475336410763,40.6360014230622,0.0 -111.74928032642715,40.63599010300897,0.0 -111.7492654501214,40.63465946507631,0.0 -111.75275874849905,40.63463674678418,0.0 -111.75274380384933,40.63330610960001,0.0 -111.75449041687402,40.633294711364854,0.0 -111.75450539619224,40.634625348016904,0.0 -111.75974533326152,40.63459099323076,0.0 -111.75976041759186,40.63592162796679,0.0 -111.76325377328057,40.6358985916308,0.0 -111.76326892796368,40.63722922497914,0.0 -111.77200247280062,40.63717116916561,0.0 -111.77201780186975,40.638501799491394,0.0 -111.77027106026537,40.63851346403101,0.0 -111.77028635568107,40.63984409458897,0.0 -111.77203313196242,40.6398324295048,0.0 -111.77204846307872,40.64116305920581,0.0 -111.77379527301566,40.64115136715728,0.0 -111.77385674645875,40.646473880654064,0.0 -111.77210979778174,40.64648557488602,0.0 -111.77212513401734,40.647816203025094,0.0 -111.77736608103919,40.64778103941377,0.0 -111.777381522378,40.64911166559896,0.0 -111.77214047127701,40.649146830851784,0.0 -111.77215580956087,40.650477458366055,0.0 -111.76691464515562,40.650512387404504,0.0 -111.76692988037,40.6518430162369,0.0 -111.77217114886896,40.651808085567936,0.0 -111.77218648920139,40.65313871245742,0.0 -111.775680732483,40.65311529210312,0.0 -111.7756961432445,40.654445917586926,0.0 -111.7896733526399,40.65435117451846,0.0 -111.78965766426278,40.65302055345706,0.0 -111.79140477604552,40.65300859218881,0.0 -111.79137333303763,40.65034735024479,0.0 -111.78613220273823,40.650383151415646,0.0 -111.78610097209065,40.64772190487882,0.0 -111.78784794718236,40.647709998694836,0.0 -111.78783229873235,40.646379375513334,0.0 -111.78608535833084,40.646391281141554,0.0 -111.78605413393875,40.64373003272932,0.0 -111.78780100496687,40.6437181282126,0.0 -111.78776971538015,40.641056879661505,0.0 -111.78951651599961,40.64104494983678,0.0 -111.7895478749503,40.64370619727401,0.0 -111.7912947438867,40.6436942399136,0.0 -111.79131045961792,40.645024862605105,0.0 -111.7930573621903,40.6450128782635,0.0 -111.79307311365854,40.646343500082914,0.0 -111.79482004986676,40.64633148875767,0.0 -111.79486741465914,40.6503233506578,0.0 -111.7966144538895,40.65031131122252,0.0 -111.79669358980514,40.65696440532541,0.0 -111.79494637706797,40.65697644757097,0.0 -111.79497796941425,40.65963768414737,0.0 -111.79323068620322,40.659649701080696,0.0 -111.79326221334077,40.66231093752819,0.0 -111.79151485964861,40.6623229291444,0.0 -111.79153059007874,40.66365354745885,0.0 -111.78978320061833,40.66366551319454,0.0 -111.78979889737886,40.66499613175486,0.0 -111.78805147215002,40.66500807160752,0.0 -111.78806713523628,40.6663386904125,0.0 -111.78457221219774,40.66636249190391,0.0 -111.7845878068801,40.66769311150724,0.0 -111.77759780942391,40.66774039938175,0.0 -111.77762872408366,40.67040164206518,0.0 -111.77588115267554,40.670413399020525,0.0 -111.77589657682155,40.671744020442254,0.0 -111.77240136145254,40.67176745610617,0.0 -111.77241671715909,40.67309807830929,0.0 -111.77066907320027,40.67310975701408,0.0 -111.77068439519516,40.67444037944985,0.0 -111.7584506157998,40.674521393577294,0.0 -111.75846569563898,40.675852019481944,0.0 -111.76196113573083,40.67582900376854,0.0 -111.76197628606192,40.677159628286674,0.0 -111.765471791591,40.67713650568549,0.0 -111.76548701242304,40.67846712881207,0.0 -111.7672347984084,40.678455527290055,0.0 -111.76725005500377,40.67978614956278,0.0 -111.77074569340867,40.67976286606865,0.0 -111.77076102052092,40.68109348694227,0.0 -111.77250887293792,40.681081804966524,0.0 -111.77257033064333,40.68640428315554,0.0 -111.76907434674827,40.68642762500733,0.0 -111.76908964421933,40.68775824486282,0.0 -111.7673416159775,40.687769876638804,0.0 -111.76735687970744,40.689100496724734,0.0 -111.76386075064168,40.689123681969335,0.0 -111.76387594586043,40.690454302824925,0.0 -111.75863164035938,40.69048888382218,0.0 -111.75864673228952,40.69181950597932,0.0 -111.75689859366872,40.691830980582324,0.0 -111.7569136518366,40.69316160296267,0.0 -111.75516547743963,40.69317305163286,0.0 -111.75515045404218,40.69184242871823,0.0 -111.75165417178113,40.691865245588566,0.0 -111.7516392189235,40.69053462129682,0.0 -111.73940244304974,40.690613642934956,0.0 -111.73941715252757,40.691944270914696,0.0 -111.73766900297122,40.691955454377215,0.0 -111.73768367866042,40.6932860825668,0.0 -111.7306909315707,40.69333055381602,0.0 -111.7307054691455,40.69466118376904,0.0 -111.71147495247223,40.69478130161073,0.0 -111.71144664330086,40.692120030181606,0.0 -111.70969847833977,40.692130790157776,0.0 -111.7097125976804,40.69346142653038,0.0 -111.70796439700386,40.69347216053923,0.0 -111.70795031243563,40.69214152366568,0.0 -111.70620214559074,40.69215223070529,0.0 -111.70618809673338,40.69082159302033,0.0 -111.70443996372032,40.69083227309316,0.0 -111.70448200879005,40.69482418670835,0.0 -111.70098553132226,40.69484547043224,0.0 -111.7009715849128,40.69351483187891,0.0 -111.69572696605545,40.69354655745203,0.0 -111.69574080813946,40.69487719748601,0.0 -111.69049607663509,40.69490868630031,0.0 -111.69052355490399,40.69756996837274,0.0 -111.68877523967284,40.69758041267669,0.0 -111.68876153485965,40.69624977130883,0.0 -111.68701325349325,40.696260188652914,0.0 -111.6870269235262,40.697590830506954,0.0 -111.68353028849585,40.69761158674626,0.0 -111.6835166880235,40.696280943923576,0.0 -111.68002011892003,40.696301593303964,0.0 -111.68000658891236,40.69497094920615,0.0 -111.67651008575028,40.69499149173723,0.0 -111.67649662619822,40.69366084636931,0.0 -111.67125196904617,40.69369146020087,0.0 -111.6712386147145,40.69236081309289,0.0 -111.66074948503262,40.692421323230754,0.0 -111.66073634022354,40.691090672987485,0.0 -111.65549186781396,40.6911205693251,0.0 -111.65550490830685,40.692451220963676,0.0 -111.65375671431967,40.69246113393573,0.0 -111.65376972090911,40.6937917857258,0.0 -111.65726617756135,40.69377193238567,0.0 -111.65727925457321,40.69510258293805,0.0 -111.65902751636703,40.69509261609681,0.0 -111.65905374257181,40.697753915337714,0.0 -111.66429873136924,40.697723853176996,0.0 -111.66431195013622,40.69905450092766,0.0 -111.66606031275599,40.69904442678875,0.0 -111.66607356719172,40.70037507375802,0.0 -111.66957035934419,40.700354845109956,0.0 -111.66958368424125,40.701685490823884,0.0 -111.67133211377141,40.70167533631107,0.0 -111.6713454743488,40.703005981239784,0.0 -111.67484240030966,40.702985591829325,0.0 -111.67485583136435,40.70431623549518,0.0 -111.67660432779252,40.704306000593895,0.0 -111.67661779453906,40.70563664347072,0.0 -111.67836632486224,40.70562638161042,0.0 -111.67839333065034,40.70828766547207,0.0 -111.68014192966753,40.70827737617015,0.0 -111.68015546871615,40.70960801715368,0.0 -111.68190410163032,40.70959770088658,0.0 -111.68193125205077,40.712258980956456,0.0 -111.6836799536678,40.712248637239064,0.0 -111.6836935650467,40.71357927632409,0.0 -111.68719103516705,40.71355850845806,0.0 -111.68714999492282,40.70956659317569,0.0 -111.6923958799914,40.70953524710121,0.0 -111.69238209733447,40.70820460951346,0.0 -111.70112504666571,40.70815183882468,0.0 -111.70113900332652,40.709482473949805,0.0 -111.7063848661578,40.70945049224439,0.0 -111.70639892815942,40.710781125565354,0.0 -111.71339353798317,40.71073811050287,0.0 -111.71340774014377,40.712068741504766,0.0 -111.71515642503846,40.71205792102045,0.0 -111.71517066295485,40.713388551205576,0.0 -111.71691938170541,40.71337770372842,0.0 -111.71690510898203,40.712047074049465,0.0 -111.7204024740066,40.7120253006477,0.0 -111.7203881326276,40.71069467167291,0.0 -111.72738271194397,40.71065080907816,0.0 -111.72739719254022,40.71198143600607,0.0 -111.73788924127288,40.71191484445351,0.0 -111.73787455185293,40.710584220633,0.0 -111.73962318841694,40.7105730298615,0.0 -111.7396084651769,40.70924240625111,0.0 -111.74135706595605,40.70923118951821,0.0 -111.74131279774666,40.705239318384564,0.0 -111.74306129315028,40.705228076742024,0.0 -111.74304650425987,40.70389745293115,0.0 -111.74479496388372,40.70388618533463,0.0 -111.74478014119163,40.70255556173742,0.0 -111.74652856503586,40.70254426818942,0.0 -111.74651370854676,40.70121364480708,0.0 -111.74826209661153,40.701202325310106,0.0 -111.74824720633003,40.69987170214381,0.0 -111.75524060948105,40.69982616152199,0.0 -111.75521055365336,40.69716491850317,0.0 -111.76045538679924,40.69713048826755,0.0 -111.76051591986746,40.70245296662838,0.0 -111.76401274851175,40.70242987646832,0.0 -111.76402795388358,40.70376049420011,0.0 -111.7675248480424,40.70373729705033,0.0 -111.76758595804286,40.70905976052307,0.0 -111.76933454276993,40.70904812005859,0.0 -111.76934985762163,40.710378734602465,0.0 -111.77109847612569,40.71036706711071,0.0 -111.77115988498743,40.715689519983414,0.0 -111.76941112726014,40.71570118965317,0.0 -111.76945709023443,40.71969302766016,0.0 -111.76770822704167,40.71970467247091,0.0 -111.76772351526158,40.72103528505833,0.0 -111.76422571617691,40.721058496284506,0.0 -111.76424093577596,40.722389109642535,0.0 -111.76249199988614,40.722400676054185,0.0 -111.76250718567844,40.72373128963951,0.0 -111.75726026746025,40.72376583151372,0.0 -111.757275349789,40.72509644639842,0.0 -111.75552634020515,40.725107907897836,0.0 -111.75554138871307,40.72643852300499,0.0 -111.75379234329529,40.72644995853996,0.0 -111.75380735797768,40.727780573868394,0.0 -111.75030919447316,40.7278033665038,0.0 -111.75032414049198,40.72913398258347,0.0 -111.74857502240734,40.72914533968015,0.0 -111.74858993458895,40.73047595597747,0.0 -111.74334246985894,40.730509869838194,0.0 -111.74335727852205,40.73184048740569,0.0 -111.74160808679183,40.73185173954443,0.0 -111.74162286160362,40.73318235732477,0.0 -111.73812440550249,40.73320478313485,0.0 -111.73813911161503,40.734535401649396,0.0 -111.73638984724624,40.734546575316955,0.0 -111.73641919272558,40.73720781245236,0.0 -111.73117118466527,40.737241177525256,0.0 -111.73118575432422,40.73857179718155,0.0 -111.72243888053258,40.73862687801031,0.0 -111.72245327689973,40.739957499924536,0.0 -111.72070386439324,40.739968437067084,0.0 -111.72073259029985,40.742629680980286,0.0 -111.71723362298286,40.742651477761704,0.0 -111.71724791765502,40.74398210026738,0.0 -111.71549839770223,40.74399295939216,0.0 -111.71551265846674,40.74532358209255,0.0 -111.7120135459792,40.745345221802694,0.0 -111.7120277379661,40.74667584520086,0.0 -111.71027814543343,40.74668662578243,0.0 -111.7102639883119,40.74535600188129,0.0 -111.70851442969867,40.745366755442205,0.0 -111.70850030838614,40.744036130727544,0.0 -111.70675078369248,40.744046857270234,0.0 -111.70676487014185,40.74537748248538,0.0 -111.70501530964377,40.74538818301076,0.0 -111.70500125805765,40.744057557296394,0.0 -111.6997526755293,40.74408949827519,0.0 -111.69976662252529,40.74542012547985,0.0 -111.69801705828547,40.745430719933715,0.0 -111.69808663289334,40.75208385375297,0.0 -111.69633689337098,40.75209442415439,0.0 -111.69635077620461,40.7534250504763,0.0 -111.6998503240744,40.75340388216171,0.0 -111.69989218743498,40.75739575629431,0.0 -111.6981423093186,40.75740635519764,0.0 -111.6981840764049,40.761398228008105,0.0 -111.69468410804818,40.76141934918322,0.0 -111.69464255029744,40.75742747341689,0.0 -111.69114278757394,40.75744848551933,0.0 -111.69112900661109,40.75611785866026,0.0 -111.68937915875163,40.756128324429305,0.0 -111.68936541359216,40.75479769677034,0.0 -111.69111522656911,40.75478723148955,0.0 -111.69110144744792,40.75345660400721,0.0 -111.69285122462396,40.75344611268908,0.0 -111.69283741154571,40.752115485384564,0.0 -111.69108766924744,40.75212597621322,0.0 -111.69103256565128,40.746803461921026,0.0 -111.68928296192048,40.746813924272665,0.0 -111.68926922318873,40.74548329443243,0.0 -111.67877179080533,40.74554550873028,0.0 -111.67885298156602,40.753529300515815,0.0 -111.68060276513815,40.75351899487753,0.0 -111.6806163349772,40.754849625270744,0.0 -111.67886651652448,40.75485993138983,0.0 -111.67890712682697,40.75885182214286,0.0 -111.67365735208274,40.758882585642844,0.0 -111.67367078598933,40.76021321670607,0.0 -111.67192082438592,40.760223418620214,0.0 -111.67194762510503,40.76288468076424,0.0 -111.67019759281868,40.762894857095645,0.0 -111.6701842269063,40.7615642257046,0.0 -111.66493422938238,40.76159459407361,0.0 -111.66492096904135,40.760263960954425,0.0 -111.66317100298414,40.76027403020719,0.0 -111.66318422843231,40.76160466379614,0.0 -111.66143422659842,40.76161470698506,0.0 -111.66142103604317,40.76028407292756,0.0 -111.65617112994096,40.760314041893956,0.0 -111.65621039019273,40.76430594732708,0.0 -111.65971053784507,40.7642859917559,0.0 -111.65972369614504,40.76561662534674,0.0 -111.66147380355342,40.765606607289506,0.0 -111.66148699763507,40.76693724010167,0.0 -111.66323713906401,40.766927195038456,0.0 -111.6632239100801,40.765596562694896,0.0 -111.66672412047905,40.76557639389369,0.0 -111.66673741926725,40.766907025296334,0.0 -111.67723823847201,40.76684587914713,0.0 -111.6772517475743,40.76817650738579,0.0 -111.67900191586638,40.76816622299699,0.0 -111.67897482875892,40.765504967167686,0.0 -111.68072492634035,40.76549465720141,0.0 -111.68071134924494,40.76416402930045,0.0 -111.69121170620338,40.76410161514003,0.0 -111.69122549269281,40.76543224012921,0.0 -111.69297558387379,40.76542174440513,0.0 -111.69300322942128,40.768082992469225,0.0 -111.6965035486185,40.768061919445046,0.0 -111.69651744258923,40.76939254202648,0.0 -111.69826763570182,40.769381965212375,0.0 -111.69828156550899,40.770712586988665,0.0 -111.69653133748851,40.77072316429621,0.0 -111.69654523331643,40.77205378625421,0.0 -111.6930447046713,40.77207486222777,0.0 -111.6930585316026,40.77340548485726,0.0 -111.69130823098007,40.77341598351952,0.0 -111.69132202392038,40.774746606327064,0.0 -111.68607101178587,40.77477794451072,0.0 -111.68608470089534,40.77610856846852,0.0 -111.68258395172548,40.77612932883198,0.0 -111.68261119300422,40.77879057774968,0.0 -111.67911030050793,40.77881123385293,0.0 -111.6791238526631,40.78014185880801,0.0 -111.67387240235657,40.78017264527858,0.0 -111.67388585063536,40.78150327135824,0.0 -111.67213533047168,40.78151348088994,0.0 -111.67212191712039,40.78018285433404,0.0 -111.66687045604257,40.78021332219566,0.0 -111.66685714836369,40.77888269390705,0.0 -111.66510669448121,40.77889279628795,0.0 -111.6650934226148,40.77756216721669,0.0 -111.66159258203753,40.7775822913906,0.0 -111.66160578405749,40.778912921400625,0.0 -111.6598553275209,40.778922944132354,0.0 -111.65989483409132,40.782914833697035,0.0 -111.6493914477648,40.78297442087839,0.0 -111.64943033342335,40.78696631598016,0.0 -111.65118100479646,40.78695644978683,0.0 -111.65120700278328,40.78961771071131,0.0</coordinates>
                                </LinearRing>
                            </outerBoundaryIs>
                        </Polygon>
                        <Polygon>
                            <outerBoundaryIs>
                                <LinearRing>
                                    <coordinates>-111.47175111555775,40.41788031770819,0.0 -111.4647866234549,40.417908524652304,0.0 -111.46479578143361,40.41923928281955,0.0 -111.46305462257217,40.41924626933644,0.0 -111.4630637468558,40.42057702752125,0.0 -111.4613225530802,40.42058398814394,0.0 -111.46129528496495,40.41659171168646,0.0 -111.46303637583003,40.41658475203983,0.0 -111.46302725337141,40.41525399292805,0.0 -111.46476830932932,40.415247007390875,0.0 -111.46475915318233,40.41391624829666,0.0 -111.47172323369989,40.41388804530791,0.0 -111.47175111555775,40.41788031770819,0.0</coordinates>
                                </LinearRing>
                            </outerBoundaryIs>
                        </Polygon>
                        <Polygon>
                            <outerBoundaryIs>
                                <LinearRing>
                                    <coordinates>-111.53808293900322,40.43888328622603,0.0 -111.54853280030308,40.43883417494167,0.0 -111.54859770725228,40.44681858686943,0.0 -111.55033955435131,40.44681030750594,0.0 -111.55035040905277,40.4481410413563,0.0 -111.53989910957165,40.448190326181745,0.0 -111.53987781309688,40.44552885356472,0.0 -111.5381359960521,40.445536975084856,0.0 -111.53812538322697,40.44420623793232,0.0 -111.53986716592463,40.444198116791746,0.0 -111.53984587371016,40.4415366423169,0.0 -111.53810415969984,40.44154476269839,0.0 -111.53808293900322,40.43888328622603,0.0</coordinates>
                                </LinearRing>
                            </outerBoundaryIs>
                        </Polygon>
                        <Polygon>
                            <outerBoundaryIs>
                                <LinearRing>
                                    <coordinates>-111.53665886967283,40.47881340800608,0.0 -111.53666946651093,40.48014413748645,0.0 -111.53492675422086,40.480152216331,0.0 -111.53491619178959,40.47882148647315,0.0 -111.53665886967283,40.47881340800608,0.0</coordinates>
                                </LinearRing>
                            </outerBoundaryIs>
                        </Polygon>
                        <Polygon>
                            <outerBoundaryIs>
                                <LinearRing>
                                    <coordinates>-111.62736381060563,40.48767207411527,0.0 -111.62737620230583,40.489002780100655,0.0 -111.62563328892517,40.489012228280046,0.0 -111.62562093164486,40.48768152185322,0.0 -111.62736381060563,40.48767207411527,0.0</coordinates>
                                </LinearRing>
                            </outerBoundaryIs>
                        </Polygon>
                        <Polygon>
                            <outerBoundaryIs>
                                <LinearRing>
                                    <coordinates>-111.49872377071185,40.53354504891074,0.0 -111.49870403903002,40.530883598349924,0.0 -111.50044807483663,40.53087605790736,0.0 -111.50045797484592,40.53220678299025,0.0 -111.50220204448945,40.5321992158721,0.0 -111.50221197965914,40.53352994029203,0.0 -111.49872377071185,40.53354504891074,0.0</coordinates>
                                </LinearRing>
                            </outerBoundaryIs>
                        </Polygon>
                        <Polygon>
                            <outerBoundaryIs>
                                <LinearRing>
                                    <coordinates>-111.4969796652495,40.53355256373325,0.0 -111.49349145235892,40.53356751440438,0.0 -111.49347192766977,40.530906061744766,0.0 -111.49696000256513,40.53089111247037,0.0 -111.4969796652495,40.53355256373325,0.0</coordinates>
                                </LinearRing>
                            </outerBoundaryIs>
                        </Polygon>
                        <Polygon>
                            <outerBoundaryIs>
                                <LinearRing>
                                    <coordinates>-111.52669189057542,40.5414055411754,0.0 -111.5249475888804,40.54141347941226,0.0 -111.52493720105996,40.540082761557656,0.0 -111.5266814682421,40.54007482369159,0.0 -111.52669189057542,40.5414055411754,0.0</coordinates>
                                </LinearRing>
                            </outerBoundaryIs>
                        </Polygon>
                        <Polygon>
                            <outerBoundaryIs>
                                <LinearRing>
                                    <coordinates>-111.46516005784756,40.72398182272452,0.0 -111.46516932266306,40.72531251009165,0.0 -111.46342021227586,40.7253195455581,0.0 -111.46341098229449,40.72398885786269,0.0 -111.46516005784756,40.72398182272452,0.0</coordinates>
                                </LinearRing>
                            </outerBoundaryIs>
                        </Polygon>
                        <Polygon>
                            <outerBoundaryIs>
                                <LinearRing>
                                    <coordinates>-111.32511265842359,39.97521272815662,0.0 -111.32511896489878,39.97654361082642,0.0 -111.32338906369748,39.97654844990524,0.0 -111.3233827907765,39.97521756700862,0.0 -111.32511265842359,39.97521272815662,0.0</coordinates>
                                </LinearRing>
                            </outerBoundaryIs>
                        </Polygon>
                        <Polygon>
                            <outerBoundaryIs>
                                <LinearRing>
                                    <coordinates>-111.30962793392418,39.99388770588101,0.0 -111.30963394400342,39.99521858624666,0.0 -111.30444281819466,39.99523233802657,0.0 -111.30443690887276,39.99390145701642,0.0 -111.30962793392418,39.99388770588101,0.0</coordinates>
                                </LinearRing>
                            </outerBoundaryIs>
                        </Polygon>
                        <Polygon>
                            <outerBoundaryIs>
                                <LinearRing>
                                    <coordinates>-111.29233585225344,39.9965944035227,0.0 -111.29234152722869,39.99792528537986,0.0 -111.2906110813026,39.997929637217204,0.0 -111.29060543991784,39.99659875515611,0.0 -111.29233585225344,39.9965944035227,0.0</coordinates>
                                </LinearRing>
                            </outerBoundaryIs>
                        </Polygon>
                        <Polygon>
                            <outerBoundaryIs>
                                <LinearRing>
                                    <coordinates>-111.29926330713623,39.99790761967547,0.0 -111.2992691168596,39.99923850039746,0.0 -111.2975386388641,39.99924295578556,0.0 -111.29753286273335,39.99791207485478,0.0 -111.29926330713623,39.99790761967547,0.0</coordinates>
                                </LinearRing>
                            </outerBoundaryIs>
                        </Polygon>
                        <Polygon>
                            <outerBoundaryIs>
                                <LinearRing>
                                    <coordinates>-111.39618289388335,40.00027863069258,0.0 -111.39619058576632,40.00160949717359,0.0 -111.39446006566264,40.00161539993854,0.0 -111.39445240737491,40.000284533180896,0.0 -111.39618289388335,40.00027863069258,0.0</coordinates>
                                </LinearRing>
                            </outerBoundaryIs>
                        </Polygon>
                        <Polygon>
                            <outerBoundaryIs>
                                <LinearRing>
                                    <coordinates>-111.30792747907988,40.00054671526002,0.0 -111.30793943644012,40.00320847304312,0.0 -111.30620885960819,40.003213058258936,0.0 -111.30619696944409,40.00055130004608,0.0 -111.30792747907988,40.00054671526002,0.0</coordinates>
                                </LinearRing>
                            </outerBoundaryIs>
                        </Polygon>
                        <Polygon>
                            <outerBoundaryIs>
                                <LinearRing>
                                    <coordinates>-111.38756808080696,40.006962220948914,0.0 -111.38583742377475,40.00696799560606,0.0 -111.38582993147072,40.005637128714376,0.0 -111.38756055489857,40.00563135432783,0.0 -111.38756808080696,40.006962220948914,0.0</coordinates>
                                </LinearRing>
                            </outerBoundaryIs>
                        </Polygon>
                        <Polygon>
                            <outerBoundaryIs>
                                <LinearRing>
                                    <coordinates>-111.40665265898411,40.01488216901319,0.0 -111.41011436355258,40.01486997019947,0.0 -111.41009843220236,40.0122082476005,0.0 -111.41182921646067,40.01220210999404,0.0 -111.41186921690775,40.018856412744015,0.0 -111.4136001687312,40.018850247845826,0.0 -111.41360820404327,40.020181107183184,0.0 -111.4118772185937,40.02018727237027,0.0 -111.41189322356246,40.022848990699025,0.0 -111.41016217032154,40.022855130606786,0.0 -111.41017811015165,40.025516848279274,0.0 -111.40844698911252,40.02552296290288,0.0 -111.40845492618543,40.02685382156378,0.0 -111.3980679871167,40.026889967946445,0.0 -111.39806025186904,40.02555910759187,0.0 -111.39632912718122,40.0255650411977,0.0 -111.39628292827805,40.01757987093754,0.0 -111.39801385118679,40.01757393899973,0.0 -111.39800611954001,40.016243076490305,0.0 -111.40666055821495,40.01621303042249,0.0 -111.40665265898411,40.01488216901319,0.0</coordinates>
                                </LinearRing>
                            </outerBoundaryIs>
                        </Polygon>
                        <Polygon>
                            <outerBoundaryIs>
                                <LinearRing>
                                    <coordinates>-111.41706207077243,40.018837840488985,0.0 -111.41707827643992,40.02149955769294,0.0 -111.41534725843329,40.02150577488072,0.0 -111.41533112002017,40.01884405709413,0.0 -111.41706207077243,40.018837840488985,0.0</coordinates>
                                </LinearRing>
                            </outerBoundaryIs>
                        </Polygon>
                        <Polygon>
                            <outerBoundaryIs>
                                <LinearRing>
                                    <coordinates>-111.25620114101714,40.0512464320947,0.0 -111.25620612415828,40.05257730538868,0.0 -111.25274245883821,40.05258491273012,0.0 -111.25273754306268,40.05125403907974,0.0 -111.25446934220456,40.05125024852938,0.0 -111.2544643930755,40.04991937474941,0.0 -111.25792792300807,40.049911716354565,0.0 -111.25793293949822,40.05124258977572,0.0 -111.25620114101714,40.0512464320947,0.0</coordinates>
                                </LinearRing>
                            </outerBoundaryIs>
                        </Polygon>
                        <Polygon>
                            <outerBoundaryIs>
                                <LinearRing>
                                    <coordinates>-111.280697580684,40.112410016615456,0.0 -111.28070305210383,40.113740873141815,0.0 -111.27896967263692,40.11374506116541,0.0 -111.27896423500277,40.11241420444292,0.0 -111.280697580684,40.112410016615456,0.0</coordinates>
                                </LinearRing>
                            </outerBoundaryIs>
                        </Polygon>
                        <Polygon>
                            <outerBoundaryIs>
                                <LinearRing>
                                    <coordinates>-111.39690043259627,40.12404789639039,0.0 -111.39516681215089,40.124053824650616,0.0 -111.39515910684199,40.122722986218825,0.0 -111.39689269348588,40.1227170582362,0.0 -111.39690043259627,40.12404789639039,0.0</coordinates>
                                </LinearRing>
                            </outerBoundaryIs>
                        </Polygon>
                        <Polygon>
                            <outerBoundaryIs>
                                <LinearRing>
                                    <coordinates>-111.24093859140626,40.14310949287401,0.0 -111.23920446031714,40.14311308794903,0.0 -111.2391997929313,40.14178223381013,0.0 -111.24093389018466,40.141778638903446,0.0 -111.24093859140626,40.14310949287401,0.0</coordinates>
                                </LinearRing>
                            </outerBoundaryIs>
                        </Polygon>
                        <Polygon>
                            <outerBoundaryIs>
                                <LinearRing>
                                    <coordinates>-111.37459717420239,40.166709710510794,0.0 -111.37460448994341,40.16804054201776,0.0 -111.37286974627783,40.16804614157706,0.0 -111.37286246441312,40.166715309807934,0.0 -111.37459717420239,40.166709710510794,0.0</coordinates>
                                </LinearRing>
                            </outerBoundaryIs>
                        </Polygon>
                        <Polygon>
                            <outerBoundaryIs>
                                <LinearRing>
                                    <coordinates>-111.25496592206613,40.18433607495714,0.0 -111.25495097652515,40.180343544879314,0.0 -111.251480822528,40.18035113449479,0.0 -111.25148573624132,40.18168197851678,0.0 -111.24975062484987,40.181685734497044,0.0 -111.24974574503756,40.18035489029924,0.0 -111.24627558908425,40.18036232390149,0.0 -111.24627077739444,40.17903147904835,0.0 -111.24974086555015,40.17902404579408,0.0 -111.2497359863876,40.177693200981544,0.0 -111.24800097636759,40.17769693043459,0.0 -111.24798644250502,40.17370439362903,0.0 -111.25145625886817,40.17369690977429,0.0 -111.25146117094597,40.17502775533315,0.0 -111.25319611252783,40.1750239742346,0.0 -111.25319116656033,40.17369312885275,0.0 -111.25492607392319,40.17368932193511,0.0 -111.25493105378038,40.175020167138726,0.0 -111.25840093528853,40.17501247495511,0.0 -111.25841608021464,40.17900500764125,0.0 -111.26188616374314,40.178997210373566,0.0 -111.26189128052138,40.18032805362244,0.0 -111.26015620502773,40.18033196543987,0.0 -111.26017145569733,40.18432449389139,0.0 -111.2653769862819,40.18431267877364,0.0 -111.26538735853998,40.186974361764655,0.0 -111.2636521142033,40.186978326514165,0.0 -111.26366242001627,40.189640008646585,0.0 -111.26192710750998,40.18964394775669,0.0 -111.26192198834633,40.188313106659805,0.0 -111.25845143014224,40.18832090648296,0.0 -111.25843122816616,40.18299753756075,0.0 -111.25669608419379,40.183001397735296,0.0 -111.25670110027797,40.18433224060769,0.0 -111.25496592206613,40.18433607495714,0.0</coordinates>
                                </LinearRing>
                            </outerBoundaryIs>
                        </Polygon>
                        <Polygon>
                            <outerBoundaryIs>
                                <LinearRing>
                                    <coordinates>-111.18392402983184,40.221734549561035,0.0 -111.18393122802927,40.224396230162355,0.0 -111.18219501958679,40.22439897610909,0.0 -111.18218788933544,40.221737295250755,0.0 -111.18392402983184,40.221734549561035,0.0</coordinates>
                                </LinearRing>
                            </outerBoundaryIs>
                        </Polygon>
                        <Polygon>
                            <outerBoundaryIs>
                                <LinearRing>
                                    <coordinates>-111.31070405261782,40.23077956779134,0.0 -111.30896769772495,40.23078421592171,0.0 -111.30896165041102,40.229453389768835,0.0 -111.31069797132015,40.229448741855975,0.0 -111.31070405261782,40.23077956779134,0.0</coordinates>
                                </LinearRing>
                            </outerBoundaryIs>
                        </Polygon>
                        <Polygon>
                            <outerBoundaryIs>
                                <LinearRing>
                                    <coordinates>-111.26738405683503,40.25351203670039,0.0 -111.2656471144701,40.25351603680767,0.0 -111.2656419108698,40.252185210841205,0.0 -111.2673788192118,40.25218121092109,0.0 -111.26738405683503,40.25351203670039,0.0</coordinates>
                                </LinearRing>
                            </outerBoundaryIs>
                        </Polygon>
                        <Polygon>
                            <outerBoundaryIs>
                                <LinearRing>
                                    <coordinates>-111.32124167175118,40.25603674101003,0.0 -111.32123537859268,40.25470592225364,0.0 -111.31949841407311,40.254710730719886,0.0 -111.3194921553581,40.253379911430685,0.0 -111.32296601592947,40.253370268879614,0.0 -111.3229786698781,40.25603190624779,0.0 -111.32124167175118,40.25603674101003,0.0</coordinates>
                                </LinearRing>
                            </outerBoundaryIs>
                        </Polygon>
                        <Polygon>
                            <outerBoundaryIs>
                                <LinearRing>
                                    <coordinates>-111.37343922830829,40.27185007058112,0.0 -111.37345386934976,40.27451168514016,0.0 -111.37171640777018,40.27451727961633,0.0 -111.37170183484103,40.27185566453384,0.0 -111.37343922830829,40.27185007058112,0.0</coordinates>
                                </LinearRing>
                            </outerBoundaryIs>
                        </Polygon>
                        <Polygon>
                            <outerBoundaryIs>
                                <LinearRing>
                                    <coordinates>-111.3647737075741,40.275870204759606,0.0 -111.3647808590046,40.27720101256535,0.0 -111.35609319375585,40.277228074413266,0.0 -111.35608621263582,40.27589726534148,0.0 -111.36129871101214,40.27588110725894,0.0 -111.36129162817761,40.274550298635035,0.0 -111.36650402012779,40.27453390651974,0.0 -111.36651120514159,40.275864714376716,0.0 -111.3647737075741,40.275870204759606,0.0</coordinates>
                                </LinearRing>
                            </outerBoundaryIs>
                        </Polygon>
                        <Polygon>
                            <outerBoundaryIs>
                                <LinearRing>
                                    <coordinates>-111.39260439868963,40.2811024403381,0.0 -111.39261209715875,40.28243324265434,0.0 -111.3943497571247,40.282427333471276,0.0 -111.39435749017946,40.28375813520277,0.0 -111.39088210158914,40.28376992802603,0.0 -111.39085910839327,40.27977752025166,0.0 -111.38217113907966,40.279806541559324,0.0 -111.38216364603262,40.278475736993656,0.0 -111.39432656105132,40.27843492642708,0.0 -111.39434202458511,40.28109653143148,0.0 -111.39260439868963,40.2811024403381,0.0</coordinates>
                                </LinearRing>
                            </outerBoundaryIs>
                        </Polygon>
                        <Polygon>
                            <outerBoundaryIs>
                                <LinearRing>
                                    <coordinates>-111.38913677569039,40.28244498273675,0.0 -111.38914440652682,40.28377578529396,0.0 -111.38219362121619,40.28379895340711,0.0 -111.3821861266714,40.28246814976606,0.0 -111.38913677569039,40.28244498273675,0.0</coordinates>
                                </LinearRing>
                            </outerBoundaryIs>
                        </Polygon>
                        <Polygon>
                            <outerBoundaryIs>
                                <LinearRing>
                                    <coordinates>-111.3856765780738,40.28511822433563,0.0 -111.38568414177226,40.28644902682074,0.0 -111.38394637703885,40.28645480634184,0.0 -111.38393884741787,40.28512400358635,0.0 -111.3856765780738,40.28511822433563,0.0</coordinates>
                                </LinearRing>
                            </outerBoundaryIs>
                        </Polygon>
                        <Polygon>
                            <outerBoundaryIs>
                                <LinearRing>
                                    <coordinates>-111.27117692838638,40.33335291938589,0.0 -111.27118225566312,40.33468372602004,0.0 -111.26944323431088,40.33468778984551,0.0 -111.26943794119558,40.33335698302129,0.0 -111.27117692838638,40.33335291938589,0.0</coordinates>
                                </LinearRing>
                            </outerBoundaryIs>
                        </Polygon>
                        <Polygon>
                            <outerBoundaryIs>
                                <LinearRing>
                                    <coordinates>-111.35662512231983,40.37836866234861,0.0 -111.35488499248655,40.37837401544202,0.0 -111.3548780101544,40.377043229538295,0.0 -111.35661810575253,40.37703787669518,0.0 -111.35662512231983,40.37836866234861,0.0</coordinates>
                                </LinearRing>
                            </outerBoundaryIs>
                        </Polygon>
                        <Polygon>
                            <outerBoundaryIs>
                                <LinearRing>
                                    <coordinates>-111.41072248511651,40.40347443960503,0.0 -111.41246324972812,40.40346824316329,0.0 -111.41245512737385,40.40213747202847,0.0 -111.41419585716662,40.40213124967204,0.0 -111.41418770107884,40.40080047851951,0.0 -111.4211504776895,40.40077532822635,0.0 -111.42114218505506,40.39944455794094,0.0 -111.42288284355865,40.39943820515703,0.0 -111.4228911704656,40.40076897514543,0.0 -111.42463186268655,40.400762595861515,0.0 -111.42464022442343,40.402093365243,0.0 -111.42638095036159,40.40208695945665,0.0 -111.42638934693298,40.40341772822998,0.0 -111.42813010658831,40.40341129593877,0.0 -111.42818070348447,40.411395900291566,0.0 -111.42643973811944,40.411402334387226,0.0 -111.42642293881737,40.40874080023631,0.0 -111.42468204147137,40.40874720752014,0.0 -111.42470713839248,40.412739509182096,0.0 -111.41948413440021,40.41275857644537,0.0 -111.41947587108127,40.41142780864211,0.0 -111.41599393424735,40.411440388492544,0.0 -111.41598574006116,40.41010961979256,0.0 -111.41250386962372,40.41012209420825,0.0 -111.4124794960614,40.406129784507115,0.0 -111.41073866288828,40.40613598152823,0.0 -111.41072248511651,40.40347443960503,0.0</coordinates>
                                </LinearRing>
                            </outerBoundaryIs>
                        </Polygon>
                        <Polygon>
                            <outerBoundaryIs>
                                <LinearRing>
                                    <coordinates>-111.32208240979777,40.43303289165432,0.0 -111.32208875941188,40.434363669141234,0.0 -111.31860560163845,40.43437332074673,0.0 -111.318599320688,40.4330425428087,0.0 -111.32208240979777,40.43303289165432,0.0</coordinates>
                                </LinearRing>
                            </outerBoundaryIs>
                        </Polygon>
                        <Polygon>
                            <outerBoundaryIs>
                                <LinearRing>
                                    <coordinates>-111.3255847533309,40.4370154657335,0.0 -111.32559759288264,40.439677017638196,0.0 -111.32385587770581,40.43968190994275,0.0 -111.32384310683359,40.437020357580735,0.0 -111.3255847533309,40.4370154657335,0.0</coordinates>
                                </LinearRing>
                            </outerBoundaryIs>
                        </Polygon>
                        <Polygon>
                            <outerBoundaryIs>
                                <LinearRing>
                                    <coordinates>-111.32210781079502,40.438355999753156,0.0 -111.3221141621031,40.43968677600751,0.0 -111.32037244607682,40.4396916158325,0.0 -111.3203661291097,40.43836083935192,0.0 -111.32210781079502,40.438355999753156,0.0</coordinates>
                                </LinearRing>
                            </outerBoundaryIs>
                        </Polygon>
                        <Polygon>
                            <outerBoundaryIs>
                                <LinearRing>
                                    <coordinates>-111.38002549829339,40.51669636340889,0.0 -111.37828180182036,40.51670208462171,0.0 -111.37826684415745,40.514040583364824,0.0 -111.38001047168692,40.514034862686565,0.0 -111.38002549829339,40.51669636340889,0.0</coordinates>
                                </LinearRing>
                            </outerBoundaryIs>
                        </Polygon>
                        <Polygon>
                            <outerBoundaryIs>
                                <LinearRing>
                                    <coordinates>-111.37480181800893,40.518044198812724,0.0 -111.37131435263964,40.51805545759166,0.0 -111.37130701096098,40.51672470636922,0.0 -111.37479440737954,40.516713448116256,0.0 -111.37480181800893,40.518044198812724,0.0</coordinates>
                                </LinearRing>
                            </outerBoundaryIs>
                        </Polygon>
                        <Polygon>
                            <outerBoundaryIs>
                                <LinearRing>
                                    <coordinates>-111.39991863510984,40.63639767584473,0.0 -111.39991069480016,40.63506695645227,0.0 -111.4016574623871,40.63506089437194,0.0 -111.40169734266203,40.641714486829805,0.0 -111.3999504016511,40.64172055032538,0.0 -111.39997423212587,40.645712702942156,0.0 -111.39473309367281,40.6457307373994,0.0 -111.39472525374015,40.64440001932749,0.0 -111.39123122820962,40.64441190959589,0.0 -111.39121568868711,40.64175047141526,0.0 -111.38946874452867,40.64175637635547,0.0 -111.38943781045363,40.63643349518514,0.0 -111.39991863510984,40.63639767584473,0.0</coordinates>
                                </LinearRing>
                            </outerBoundaryIs>
                        </Polygon>
                        <Polygon>
                            <outerBoundaryIs>
                                <LinearRing>
                                    <coordinates>-111.38289949931311,40.71496890680069,0.0 -111.3829071233105,40.71629961042331,0.0 -111.38115823025862,40.71630539834241,0.0 -111.38115064108108,40.71497469444969,0.0 -111.38289949931311,40.71496890680069,0.0</coordinates>
                                </LinearRing>
                            </outerBoundaryIs>
                        </Polygon>
                        <Polygon>
                            <outerBoundaryIs>
                                <LinearRing>
                                    <coordinates>-111.34995694924359,40.7696331387057,0.0 -111.34996393075825,40.77096383458846,0.0 -111.34821359882305,40.77096912921329,0.0 -111.34820665222446,40.76963843308352,0.0 -111.34995694924359,40.7696331387057,0.0</coordinates>
                                </LinearRing>
                            </outerBoundaryIs>
                        </Polygon>
                        <Polygon>
                            <outerBoundaryIs>
                                <LinearRing>
                                    <coordinates>-111.344802373362,40.78827866678284,0.0 -111.34305158591827,40.78828388493206,0.0 -111.3430584341735,40.789614577472115,0.0 -111.34480925656608,40.78960935907948,0.0 -111.3448367939838,40.794932125177716,0.0 -111.34308583177241,40.79493734454414,0.0 -111.34309268231682,40.79626803554008,0.0 -111.34134168468697,40.796273228579985,0.0 -111.34127354934506,40.782966302301666,0.0 -111.34302419747429,40.78296111168363,0.0 -111.34295575839093,40.76965415694607,0.0 -111.34645635474108,40.76964370091622,0.0 -111.34649783176584,40.7776278745372,0.0 -111.34474732428872,40.77763311729202,0.0 -111.344802373362,40.78827866678284,0.0</coordinates>
                                </LinearRing>
                            </outerBoundaryIs>
                        </Polygon>
                        <Polygon>
                            <outerBoundaryIs>
                                <LinearRing>
                                    <coordinates>-111.43430868383777,40.8212441828953,0.0 -111.4395635864709,40.821224281903966,0.0 -111.4395723715263,40.822554951479674,0.0 -111.44132403957097,40.82254826431943,0.0 -111.4413505032909,40.82654027025403,0.0 -111.42733630237964,40.82659303029745,0.0 -111.42732776064831,40.82526235950152,0.0 -111.42907950277319,40.825255857890006,0.0 -111.4290709266028,40.82392518708789,0.0 -111.43257433910995,40.823912104686606,0.0 -111.43256569349748,40.8225814341852,0.0 -111.43431736387753,40.82257485339919,0.0 -111.43430868383777,40.8212441828953,0.0</coordinates>
                                </LinearRing>
                            </outerBoundaryIs>
                        </Polygon>
                    </MultiGeometry>
                </Placemark>
            </Folder>
            <Folder>
                <Style>
                    <LineStyle>
                        <color>b4ff0000</color>
                        <colorMode>normal</colorMode>
                        <width>1</width>
                    </LineStyle>
                    <PolyStyle>
                        <color>41ff0000</color>
                        <colorMode>normal</colorMode>
                        <fill>1</fill>
                        <outline>1</outline>
                    </PolyStyle>
                </Style>
                <name>0.6-0.75 good</name>
                <Placemark>
                    <name>0.6-0.75 good</name>
                    <styleUrl>#1770</styleUrl>
                    <MultiGeometry>
                        <Polygon>
                            <outerBoundaryIs>
                                <LinearRing>
                                    <coordinates>-111.6044005014282,40.06326199127926,0.0 -111.60441226190638,40.06459280092083,0.0 -111.60268020422222,40.06460182432483,0.0 -111.60266847744096,40.06327101426058,0.0 -111.6044005014282,40.06326199127926,0.0</coordinates>
                                </LinearRing>
                            </outerBoundaryIs>
                        </Polygon>
                        <Polygon>
                            <outerBoundaryIs>
                                <LinearRing>
                                    <coordinates>-111.60266371493417,40.25890583026029,0.0 -111.60265190764582,40.25757506498764,0.0 -111.60091493852275,40.257584097716254,0.0 -111.60090316604469,40.25625333171112,0.0 -111.60437703545679,40.25623524103121,0.0 -111.60440071729681,40.258896771038664,0.0 -111.60266371493417,40.25890583026029,0.0</coordinates>
                                </LinearRing>
                            </outerBoundaryIs>
                        </Polygon>
                        <Polygon>
                            <outerBoundaryIs>
                                <LinearRing>
                                    <coordinates>-111.60022582954721,40.376030075163996,0.0 -111.60021402127168,40.37469933632236,0.0 -111.6019539941733,40.37469029251552,0.0 -111.60196583667503,40.376021030934304,0.0 -111.60544584856011,40.376002863941174,0.0 -111.60548158618639,40.37999507478871,0.0 -111.60722169363088,40.379985950745656,0.0 -111.60723364199643,40.38131668664803,0.0 -111.60549350031677,40.38132581111767,0.0 -111.6055173309603,40.38398728284524,0.0 -111.59855648241212,40.3840235222845,0.0 -111.59853292567853,40.38136204716842,0.0 -111.59679278005048,40.381371040724,0.0 -111.59678103709686,40.38004030228042,0.0 -111.59852114848944,40.38003130914532,0.0 -111.59848582163222,40.37603909321574,0.0 -111.60022582954721,40.376030075163996,0.0</coordinates>
                                </LinearRing>
                            </outerBoundaryIs>
                        </Polygon>
                        <Polygon>
                            <outerBoundaryIs>
                                <LinearRing>
                                    <coordinates>-111.61084616104168,40.39593642418973,0.0 -111.6143271922753,40.395917982490175,0.0 -111.6143513830365,40.39857944310234,0.0 -111.61783254809838,40.39856089488446,0.0 -111.61784471322221,40.39989162385809,0.0 -111.61610409682888,40.399900911500424,0.0 -111.61611622849473,40.40123164059796,0.0 -111.60393165133829,40.40129592350645,0.0 -111.60391975955753,40.39996519140386,0.0 -111.60217913675791,40.39997426944778,0.0 -111.60216728003721,40.398643536610656,0.0 -111.5986861006034,40.39866161325352,0.0 -111.59865074076035,40.39466941034644,0.0 -111.6108341353907,40.39460569255617,0.0 -111.61084616104168,40.39593642418973,0.0</coordinates>
                                </LinearRing>
                            </outerBoundaryIs>
                        </Polygon>
                        <Polygon>
                            <outerBoundaryIs>
                                <LinearRing>
                                    <coordinates>-111.61975620570175,40.41851247697025,0.0 -111.61801511014555,40.41852179690964,0.0 -111.61799075798882,40.41586034734,0.0 -111.61973178494988,40.41585102827188,0.0 -111.6197195757951,40.41452030345723,0.0 -111.62842452687366,40.41447331709913,0.0 -111.62851120858336,40.42378836890844,0.0 -111.62502875040222,40.42380724826702,0.0 -111.62504106818692,40.42513796959491,0.0 -111.62155853810056,40.42515674494485,0.0 -111.62154628893585,40.42382602273939,0.0 -111.61980505697642,40.423835370643154,0.0 -111.61978062971042,40.42117392442734,0.0 -111.61803946554996,40.42118324523806,0.0 -111.61802728744176,40.419852521229,0.0 -111.61976841729896,40.419843200853954,0.0 -111.61975620570175,40.41851247697025,0.0</coordinates>
                                </LinearRing>
                            </outerBoundaryIs>
                        </Polygon>
                        <Polygon>
                            <outerBoundaryIs>
                                <LinearRing>
                                    <coordinates>-111.64765190608068,40.42235194179363,0.0 -111.64770296301701,40.42767480318905,0.0 -111.64422031736304,40.42769426214495,0.0 -111.64419492444307,40.425032830249464,0.0 -111.64245366897035,40.42504251948439,0.0 -111.64244100808948,40.423711802617916,0.0 -111.64418222925293,40.42370211383587,0.0 -111.64416953490925,40.422371397111704,0.0 -111.64765190608068,40.42235194179363,0.0</coordinates>
                                </LinearRing>
                            </outerBoundaryIs>
                        </Polygon>
                        <Polygon>
                            <outerBoundaryIs>
                                <LinearRing>
                                    <coordinates>-111.65639662513685,40.426294984279075,0.0 -111.66162047138216,40.426265207182524,0.0 -111.66165959404552,40.43025733983788,0.0 -111.65991820988368,40.43026729315558,0.0 -111.65993121819066,40.43159800388442,0.0 -111.65644837862683,40.43161783276574,0.0 -111.65639662513685,40.426294984279075,0.0</coordinates>
                                </LinearRing>
                            </outerBoundaryIs>
                        </Polygon>
                        <Polygon>
                            <outerBoundaryIs>
                                <LinearRing>
                                    <coordinates>-111.69998361917848,40.43136243122999,0.0 -111.69824222035938,40.43137296202269,0.0 -111.69822845702629,40.430042261812,0.0 -111.69996982152682,40.43003173151149,0.0 -111.69998361917848,40.43136243122999,0.0</coordinates>
                                </LinearRing>
                            </outerBoundaryIs>
                        </Polygon>
                        <Polygon>
                            <outerBoundaryIs>
                                <LinearRing>
                                    <coordinates>-111.65820277369332,40.43293864232128,0.0 -111.65822872599304,40.43560006315329,0.0 -111.65648720280423,40.43560996586828,0.0 -111.65646131915634,40.43294854411064,0.0 -111.65820277369332,40.43293864232128,0.0</coordinates>
                                </LinearRing>
                            </outerBoundaryIs>
                        </Polygon>
                        <Polygon>
                            <outerBoundaryIs>
                                <LinearRing>
                                    <coordinates>-111.6548102313069,40.44227339361619,0.0 -111.65306853472394,40.442283246169474,0.0 -111.65305565682974,40.44095253607745,0.0 -111.65479731907405,40.44094268398463,0.0 -111.6548102313069,40.44227339361619,0.0</coordinates>
                                </LinearRing>
                            </outerBoundaryIs>
                        </Polygon>
                        <Polygon>
                            <outerBoundaryIs>
                                <LinearRing>
                                    <coordinates>-111.63936193241163,40.466313916082505,0.0 -111.63413496171388,40.46634271080565,0.0 -111.63412244653408,40.46501200131879,0.0 -111.63934931409028,40.464983207941195,0.0 -111.63936193241163,40.466313916082505,0.0</coordinates>
                                </LinearRing>
                            </outerBoundaryIs>
                        </Polygon>
                        <Polygon>
                            <outerBoundaryIs>
                                <LinearRing>
                                    <coordinates>-111.6725853853888,40.47810234137397,0.0 -111.67259866578148,40.47943303762745,0.0 -111.67085601551885,40.47944316580374,0.0 -111.67084276952833,40.47811246907702,0.0 -111.66387229727442,40.4781527171802,0.0 -111.66388540565568,40.47948341578762,0.0 -111.65691478180229,40.47952324541558,0.0 -111.65688884112564,40.4768618441678,0.0 -111.68825529889439,40.47667931761393,0.0 -111.68826888799701,40.47801000986409,0.0 -111.69175410088687,40.4779892027746,0.0 -111.69178141942186,40.48065058439698,0.0 -111.69003874462618,40.48066100205046,0.0 -111.69005237085439,40.48199169288167,0.0 -111.6865669497265,40.482012450339816,0.0 -111.68655339231049,40.480681758538715,0.0 -111.68306803637768,40.480702409935105,0.0 -111.68305454867385,40.47937171685794,0.0 -111.67608396364685,40.479412702458745,0.0 -111.67607061445005,40.47808200715544,0.0 -111.6725853853888,40.47810234137397,0.0</coordinates>
                                </LinearRing>
                            </outerBoundaryIs>
                        </Polygon>
                        <Polygon>
                            <outerBoundaryIs>
                                <LinearRing>
                                    <coordinates>-111.66575953550371,40.49278035699149,0.0 -111.66401653757016,40.49279038476354,0.0 -111.663990304189,40.490128993455436,0.0 -111.66747616148197,40.49010891350335,0.0 -111.66748934658116,40.49143960837461,0.0 -111.66574638395026,40.4914496619614,0.0 -111.66575953550371,40.49278035699149,0.0</coordinates>
                                </LinearRing>
                            </outerBoundaryIs>
                        </Polygon>
                        <Polygon>
                            <outerBoundaryIs>
                                <LinearRing>
                                    <coordinates>-111.68497305046323,40.4966603842508,0.0 -111.67451448833647,40.4967219000059,0.0 -111.6745011619905,40.495391208269844,0.0 -111.66752890715637,40.4954316911228,0.0 -111.66748934658116,40.49143960837461,0.0 -111.66923230833248,40.4914295285046,0.0 -111.66925875002238,40.49409091637238,0.0 -111.6901750478188,40.49396789636034,0.0 -111.69018868313947,40.495298584079876,0.0 -111.69193173652742,40.49528816107073,0.0 -111.69195907876254,40.497949534602284,0.0 -111.6849865843022,40.49799107280165,0.0 -111.68497305046323,40.4966603842508,0.0</coordinates>
                                </LinearRing>
                            </outerBoundaryIs>
                        </Polygon>
                        <Polygon>
                            <outerBoundaryIs>
                                <LinearRing>
                                    <coordinates>-111.62604154200274,40.5329253661606,0.0 -111.62602915748634,40.53159466998153,0.0 -111.63126120308922,40.53156620407395,0.0 -111.63127369109266,40.532896898923276,0.0 -111.63301773912576,40.532887357199925,0.0 -111.63303026246037,40.53421805129288,0.0 -111.63477434415567,40.534208482800516,0.0 -111.63482458386547,40.53953125427785,0.0 -111.63308036415594,40.5395408245582,0.0 -111.63304278663061,40.535548745075204,0.0 -111.62955455173491,40.53556780398028,0.0 -111.62954209656505,40.53423710930771,0.0 -111.62779801236965,40.53424659883009,0.0 -111.62778559252884,40.53291590340365,0.0 -111.62604154200274,40.5329253661606,0.0</coordinates>
                                </LinearRing>
                            </outerBoundaryIs>
                        </Polygon>
                        <Polygon>
                            <outerBoundaryIs>
                                <LinearRing>
                                    <coordinates>-111.60174380829744,40.54636208622342,0.0 -111.5999994005239,40.54637115838023,0.0 -111.59998752552968,40.54504045882177,0.0 -111.59824315148342,40.545049504221026,0.0 -111.59821947290474,40.54238810332807,0.0 -111.59996377791843,40.54237905877378,0.0 -111.59995190530127,40.54104835828428,0.0 -111.603440443924,40.54103019103033,0.0 -111.60345238556667,40.542360890671205,0.0 -111.60694099002731,40.54234261724353,0.0 -111.60695300149672,40.54367331572047,0.0 -111.61218600571506,40.54364570680543,0.0 -111.61219812153726,40.54497640368232,0.0 -111.61568685601151,40.544957865211344,0.0 -111.6156990416807,40.54628856091183,0.0 -111.61918784194062,40.54626991623605,0.0 -111.61922461096992,40.550261998861764,0.0 -111.61399109864537,40.550289930287,0.0 -111.61400325303931,40.551620625179126,0.0 -111.60876962982947,40.55164832085196,0.0 -111.60875757902114,40.55031762466625,0.0 -111.60526856191366,40.55033595589306,0.0 -111.60525658096228,40.549005258540724,0.0 -111.60351210573454,40.54901438421995,0.0 -111.6035001601068,40.54768368613097,0.0 -111.6017557186061,40.54769278504777,0.0 -111.60174380829744,40.54636208622342,0.0</coordinates>
                                </LinearRing>
                            </outerBoundaryIs>
                        </Polygon>
                        <Polygon>
                            <outerBoundaryIs>
                                <LinearRing>
                                    <coordinates>-111.62271361510018,40.55024324621986,0.0 -111.6209691134452,40.55025263570996,0.0 -111.62094453089156,40.54759124847799,0.0 -111.62268896349713,40.547581859864984,0.0 -111.62271361510018,40.55024324621986,0.0</coordinates>
                                </LinearRing>
                            </outerBoundaryIs>
                        </Polygon>
                        <Polygon>
                            <outerBoundaryIs>
                                <LinearRing>
                                    <coordinates>-111.6994846870725,40.5511347064985,0.0 -111.6994569955745,40.548473361793825,0.0 -111.70120142340919,40.54846278761296,0.0 -111.70118754452544,40.54713211528744,0.0 -111.70467632837297,40.5471108889113,0.0 -111.70470422515324,40.54977223126798,0.0 -111.70644868472516,40.54976157758372,0.0 -111.70654659450535,40.55907626253802,0.0 -111.70829129486697,40.55906557902504,0.0 -111.70830532025356,40.56039624655938,0.0 -111.70656058535089,40.56040693057134,0.0 -111.70657457713016,40.56173759829316,0.0 -111.70482980675031,40.56174825645664,0.0 -111.7047600298847,40.55509491224408,0.0 -111.70301543126783,40.55510554157754,0.0 -111.70298759610175,40.552444200719506,0.0 -111.70124306561782,40.55245480272113,0.0 -111.7012291839553,40.5511241313298,0.0 -111.6994846870725,40.5511347064985,0.0</coordinates>
                                </LinearRing>
                            </outerBoundaryIs>
                        </Polygon>
                        <Polygon>
                            <outerBoundaryIs>
                                <LinearRing>
                                    <coordinates>-111.68555582166925,40.553879710957375,0.0 -111.68730039493816,40.553869345524056,0.0 -111.68731400219465,40.55520002020997,0.0 -111.68905860908815,40.555189627950725,0.0 -111.68908589539762,40.55785097541803,0.0 -111.69083057045269,40.55784055584378,0.0 -111.69088529217034,40.563163245096256,0.0 -111.68739566480616,40.56318406178911,0.0 -111.68736844030234,40.56052271584112,0.0 -111.68562369434702,40.56053308369534,0.0 -111.68558296802269,40.55654106098627,0.0 -111.68383832478025,40.55655140104486,0.0 -111.68379771020695,40.55255937408592,0.0 -111.68554224985117,40.552549035476076,0.0 -111.68555582166925,40.553879710957375,0.0</coordinates>
                                </LinearRing>
                            </outerBoundaryIs>
                        </Polygon>
                        <Polygon>
                            <outerBoundaryIs>
                                <LinearRing>
                                    <coordinates>-111.66348088956742,40.61522308485699,0.0 -111.66173471289424,40.61523310301566,0.0 -111.66174784240465,40.61656377052715,0.0 -111.65825541715131,40.61658372858294,0.0 -111.65817706884454,40.60859971325741,0.0 -111.65992307410349,40.60858975022054,0.0 -111.6599361646037,40.609920419753855,0.0 -111.6616822036171,40.6099104298589,0.0 -111.66165595423624,40.607249091414054,0.0 -111.66340192311924,40.60723907606156,0.0 -111.66348088956742,40.61522308485699,0.0</coordinates>
                                </LinearRing>
                            </outerBoundaryIs>
                        </Polygon>
                        <Polygon>
                            <outerBoundaryIs>
                                <LinearRing>
                                    <coordinates>-111.70537486620894,40.61364407405902,0.0 -111.70534687991058,40.610982761605705,0.0 -111.70360082886782,40.61099341180727,0.0 -111.70357291556134,40.60833209711324,0.0 -111.7053188973486,40.608321447906185,0.0 -111.70530490746859,40.6069907905891,0.0 -111.70705085369768,40.60698011548987,0.0 -111.7070648782019,40.608310772308485,0.0 -111.7105568370974,40.60828934194141,0.0 -111.71057093179071,40.60961999744783,0.0 -111.71231694445459,40.60960924217637,0.0 -111.7123310747175,40.610939896869,0.0 -111.71407712106662,40.61092911470242,0.0 -111.71410545368657,40.61359042214588,0.0 -111.71585156835394,40.61357961257707,0.0 -111.71586577071798,40.61491026532663,0.0 -111.7141196214152,40.61492107540015,0.0 -111.71413379008969,40.61625172834275,0.0 -111.71587997403022,40.6162409177645,0.0 -111.7158941782907,40.61757156989068,0.0 -111.71065551971333,40.61760392394256,0.0 -111.71064141937318,40.61627327030582,0.0 -111.70889523260176,40.61628400169053,0.0 -111.70888116784086,40.61495334724113,0.0 -111.70713501476847,40.61496405172811,0.0 -111.7071209855822,40.61363339646733,0.0 -111.70537486620894,40.61364407405902,0.0</coordinates>
                                </LinearRing>
                            </outerBoundaryIs>
                        </Polygon>
                        <Polygon>
                            <outerBoundaryIs>
                                <LinearRing>
                                    <coordinates>-111.72635705767902,40.616175499943324,0.0 -111.72461087946272,40.61618646890756,0.0 -111.72459650296295,40.61485581901182,0.0 -111.72110421292801,40.61487767672702,0.0 -111.72103269112853,40.60822441746961,0.0 -111.72277866347221,40.60821350435818,0.0 -111.72279300054818,40.609544156323565,0.0 -111.72628501161357,40.60952224990736,0.0 -111.72635705767902,40.616175499943324,0.0</coordinates>
                                </LinearRing>
                            </outerBoundaryIs>
                        </Polygon>
                        <Polygon>
                            <outerBoundaryIs>
                                <LinearRing>
                                    <coordinates>-111.59539118410241,40.6169249163246,0.0 -111.5936449403165,40.61693390536222,0.0 -111.59362138408535,40.61427253546616,0.0 -111.59187520879534,40.61428149726644,0.0 -111.59186346649687,40.61295081143439,0.0 -111.59011732506063,40.61295974641948,0.0 -111.59010561818148,40.611629059859844,0.0 -111.58835951059915,40.61163796803219,0.0 -111.5882778267083,40.60232315051344,0.0 -111.590023691907,40.60231424525227,0.0 -111.5900353933167,40.603644933984434,0.0 -111.59178129235352,40.60363600191926,0.0 -111.59182824430465,40.60895875207588,0.0 -111.59357428105784,40.60894979194922,0.0 -111.59356250726618,40.607619105294,0.0 -111.59530850860499,40.607610119193886,0.0 -111.59532031702499,40.60894080542951,0.0 -111.60055842018714,40.60891368751254,0.0 -111.60058224718256,40.611575056520074,0.0 -111.60407445051105,40.611556844243545,0.0 -111.6040864344719,40.61288752743123,0.0 -111.60757870387012,40.61286920871824,0.0 -111.60756665063944,40.61153852638586,0.0 -111.60931274949782,40.61152932786417,0.0 -111.60930066243928,40.61019864565074,0.0 -111.61104672585826,40.61018942116459,0.0 -111.61109521747808,40.615512146431975,0.0 -111.60760281274565,40.61553057245137,0.0 -111.60761486839063,40.61686125385213,0.0 -111.6058686301742,40.61687042769179,0.0 -111.60589267458833,40.61953179041836,0.0 -111.60763898209532,40.61952261572202,0.0 -111.60767515869011,40.623514656197734,0.0 -111.60418233496678,40.62353298175441,0.0 -111.60419432613057,40.6248636621475,0.0 -111.60070142989326,40.62488188292934,0.0 -111.60068950804119,40.62355120168557,0.0 -111.59894309338333,40.62356027204148,0.0 -111.59893120698081,40.62222959006376,0.0 -111.597184826183,40.62223863359094,0.0 -111.59716112505905,40.619577267859654,0.0 -111.59541481277053,40.61958628413957,0.0 -111.59539118410241,40.6169249163246,0.0</coordinates>
                                </LinearRing>
                            </outerBoundaryIs>
                        </Polygon>
                        <Polygon>
                            <outerBoundaryIs>
                                <LinearRing>
                                    <coordinates>-111.68798187153224,40.62040269848563,0.0 -111.68796821969806,40.61907203905405,0.0 -111.68622195161531,40.61908242823256,0.0 -111.686208335336,40.61775176800456,0.0 -111.68446210098772,40.61776213029834,0.0 -111.68444852025866,40.616431469275184,0.0 -111.68270231964496,40.616441804686666,0.0 -111.68267523018231,40.6137804807413,0.0 -111.68092909794007,40.61379078879162,0.0 -111.6809020813607,40.6111294626385,0.0 -111.67915601748328,40.61113974333264,0.0 -111.6791425451761,40.609809079309144,0.0 -111.68088857442368,40.60979879909502,0.0 -111.6808750683883,40.60846813524025,0.0 -111.6843670549212,40.60844749659846,0.0 -111.68438063021148,40.609778159489544,0.0 -111.68787268237412,40.609757414314736,0.0 -111.68789997419678,40.61241873722564,0.0 -111.68964606817424,40.61240832407747,0.0 -111.68967343291173,40.6150696447705,0.0 -111.69141959524632,40.61505920425276,0.0 -111.69144703291754,40.617720522725264,0.0 -111.6931932636159,40.617710054832976,0.0 -111.69320701846867,40.61904071311337,0.0 -111.69495328289196,40.619030218331574,0.0 -111.69496707330856,40.62036087581054,0.0 -111.69671337145662,40.620350354136775,0.0 -111.69675485218121,40.624342323231154,0.0 -111.69326204706378,40.62436334312065,0.0 -111.69324828853726,40.62303268608598,0.0 -111.69150191925199,40.62304315593338,0.0 -111.6914881962942,40.621712498098475,0.0 -111.68974186074296,40.62172294105381,0.0 -111.6897281733493,40.620392282419935,0.0 -111.68798187153224,40.62040269848563,0.0</coordinates>
                                </LinearRing>
                            </outerBoundaryIs>
                        </Polygon>
                        <Polygon>
                            <outerBoundaryIs>
                                <LinearRing>
                                    <coordinates>-111.63903433722223,40.615360936867,0.0 -111.64078052510968,40.61535126188236,0.0 -111.6407932389375,40.61668193491084,0.0 -111.64428568144487,40.616662504839745,0.0 -111.64432403589254,40.62065451933821,0.0 -111.6460703598024,40.620644763337154,0.0 -111.64608318097518,40.6219754337593,0.0 -111.64433682241562,40.621985190215874,0.0 -111.64437518710741,40.62597720098336,0.0 -111.64088225950297,40.62599663740566,0.0 -111.64084410273767,40.62200462391603,0.0 -111.63909774162393,40.62201430115952,0.0 -111.6390850590503,40.62068362892273,0.0 -111.63733873173973,40.620693279311226,0.0 -111.63730079303481,40.61670125938408,0.0 -111.6390470164094,40.61669161034721,0.0 -111.63903433722223,40.615360936867,0.0</coordinates>
                                </LinearRing>
                            </outerBoundaryIs>
                        </Polygon>
                        <Polygon>
                            <outerBoundaryIs>
                                <LinearRing>
                                    <coordinates>-111.6164316721895,40.62612973463924,0.0 -111.61817814809685,40.626120399348714,0.0 -111.61819041814331,40.627451075668446,0.0 -111.6216834368178,40.62743232498634,0.0 -111.6216957770079,40.62876300011995,0.0 -111.62518886171094,40.62874414291858,0.0 -111.62515163565384,40.62475211922662,0.0 -111.62689807278471,40.62474265233563,0.0 -111.62693540282076,40.62873467470153,0.0 -111.62868194309966,40.62872518007363,0.0 -111.62871938461333,40.632717198312854,0.0 -111.61998615493317,40.632764413956,0.0 -111.61997384694014,40.631433739316094,0.0 -111.6164806186375,40.63145243979768,0.0 -111.61646838079996,40.630121763974046,0.0 -111.61472180008874,40.63013107415988,0.0 -111.61469739619179,40.62746972071137,0.0 -111.61644390757603,40.627460411394814,0.0 -111.6164316721895,40.62612973463924,0.0</coordinates>
                                </LinearRing>
                            </outerBoundaryIs>
                        </Polygon>
                        <Polygon>
                            <outerBoundaryIs>
                                <LinearRing>
                                    <coordinates>-111.6635862273815,40.62586841249572,0.0 -111.66362574356926,40.62986040522679,0.0 -111.66537230052776,40.629850355510456,0.0 -111.66541192863396,40.633842344033724,0.0 -111.66017194311414,40.633872418160614,0.0 -111.66015883687302,40.63254175422668,0.0 -111.65841220794975,40.63255172564001,0.0 -111.65835993039202,40.6272290649314,0.0 -111.66010642065847,40.62721909538,0.0 -111.66009331879197,40.62588842989061,0.0 -111.6635862273815,40.62586841249572,0.0</coordinates>
                                </LinearRing>
                            </outerBoundaryIs>
                        </Polygon>
                        <Polygon>
                            <outerBoundaryIs>
                                <LinearRing>
                                    <coordinates>-111.6444519395481,40.633961214123346,0.0 -111.64095859596573,40.63398065599093,0.0 -111.64093314708019,40.631319317706094,0.0 -111.64442635198473,40.63129987765374,0.0 -111.6444519395481,40.633961214123346,0.0</coordinates>
                                </LinearRing>
                            </outerBoundaryIs>
                        </Polygon>
                        <Polygon>
                            <outerBoundaryIs>
                                <LinearRing>
                                    <coordinates>-111.71646312710052,40.67079739933441,0.0 -111.71471552102068,40.6708082306237,0.0 -111.71464449292425,40.6641550266931,0.0 -111.716391925364,40.66414419793135,0.0 -111.71646312710052,40.67079739933441,0.0</coordinates>
                                </LinearRing>
                            </outerBoundaryIs>
                        </Polygon>
                        <Polygon>
                            <outerBoundaryIs>
                                <LinearRing>
                                    <coordinates>-111.72014447570025,40.68807393138421,0.0 -111.72015880080302,40.68940456566081,0.0 -111.71841071012904,40.689415456960965,0.0 -111.71839641979126,40.68808482217608,0.0 -111.72014447570025,40.68807393138421,0.0</coordinates>
                                </LinearRing>
                            </outerBoundaryIs>
                        </Polygon>
                        <Polygon>
                            <outerBoundaryIs>
                                <LinearRing>
                                    <coordinates>-111.64155762427019,40.696521747640354,0.0 -111.64330592862173,40.696512018593715,0.0 -111.64331872912747,40.69784267220067,0.0 -111.64856374138819,40.69781332485057,0.0 -111.64857664710144,40.69914397677684,0.0 -111.6503250175847,40.69913414091858,0.0 -111.65035090117257,40.701795442919796,0.0 -111.64685402019381,40.70181508999421,0.0 -111.64686689370252,40.70314574144504,0.0 -111.6398729822798,40.70318471967264,0.0 -111.63984751444266,40.700523412822,0.0 -111.6380991040349,40.70053309027642,0.0 -111.63807370917111,40.69787178127853,0.0 -111.63982205000775,40.697862104727335,0.0 -111.63979658897455,40.695200795388665,0.0 -111.64154485939908,40.69519109326832,0.0 -111.64155762427019,40.696521747640354,0.0</coordinates>
                                </LinearRing>
                            </outerBoundaryIs>
                        </Polygon>
                        <Polygon>
                            <outerBoundaryIs>
                                <LinearRing>
                                    <coordinates>-111.6068691770087,40.727315936788976,0.0 -111.6051200546354,40.727325119735355,0.0 -111.60515621843597,40.731317087299,0.0 -111.60690544532648,40.73130790306706,0.0 -111.60691753638127,40.73263855787164,0.0 -111.60516827464704,40.73264774253211,0.0 -111.60518033166365,40.73397839745453,0.0 -111.60343103427776,40.733987556034705,0.0 -111.60341901210725,40.732656900684944,0.0 -111.60166974876425,40.73266603233012,0.0 -111.6016577622408,40.73133537624361,0.0 -111.60340699073997,40.73132624502451,0.0 -111.6033589133018,40.72600361927585,0.0 -111.60685708918479,40.72598528074152,0.0 -111.6068691770087,40.727315936788976,0.0</coordinates>
                                </LinearRing>
                            </outerBoundaryIs>
                        </Polygon>
                        <Polygon>
                            <outerBoundaryIs>
                                <LinearRing>
                                    <coordinates>-111.6996132568109,40.73078320908468,0.0 -111.69962719449134,40.73211383940636,0.0 -111.69787797878196,40.732124428918226,0.0 -111.69786407594178,40.73079379810244,0.0 -111.6996132568109,40.73078320908468,0.0</coordinates>
                                </LinearRing>
                            </outerBoundaryIs>
                        </Polygon>
                        <Polygon>
                            <outerBoundaryIs>
                                <LinearRing>
                                    <coordinates>-111.68739635981234,40.73351804281285,0.0 -111.68564710280641,40.73352844727,0.0 -111.68563344293727,40.73219781334172,0.0 -111.68738266510013,40.73218740937003,0.0 -111.68739635981234,40.73351804281285,0.0</coordinates>
                                </LinearRing>
                            </outerBoundaryIs>
                        </Polygon>
                        <Polygon>
                            <outerBoundaryIs>
                                <LinearRing>
                                    <coordinates>-111.67869063258837,40.73756170573127,0.0 -111.6751918995066,40.737582225938226,0.0 -111.67515154168595,40.73359031736166,0.0 -111.67865006567916,40.73356980002685,0.0 -111.67869063258837,40.73756170573127,0.0</coordinates>
                                </LinearRing>
                            </outerBoundaryIs>
                        </Polygon>
                        <Polygon>
                            <outerBoundaryIs>
                                <LinearRing>
                                    <coordinates>-111.61924871356449,40.741888076724294,0.0 -111.61926105511876,40.74321872600754,0.0 -111.61751152025833,40.74322809971873,0.0 -111.617499213566,40.74189744999814,0.0 -111.61924871356449,40.741888076724294,0.0</coordinates>
                                </LinearRing>
                            </outerBoundaryIs>
                        </Polygon>
                        <Polygon>
                            <outerBoundaryIs>
                                <LinearRing>
                                    <coordinates>-111.63348461643754,40.76709435183481,0.0 -111.63173446033574,40.7671039457363,0.0 -111.63172185960252,40.76577330514726,0.0 -111.63347198080096,40.765763711693324,0.0 -111.63348461643754,40.76709435183481,0.0</coordinates>
                                </LinearRing>
                            </outerBoundaryIs>
                        </Polygon>
                        <Polygon>
                            <outerBoundaryIs>
                                <LinearRing>
                                    <coordinates>-111.64100975345208,40.82161161482974,0.0 -111.63575499364907,40.821640690939525,0.0 -111.63572958387694,40.81897943675419,0.0 -111.6409841336933,40.818950363356386,0.0 -111.64100975345208,40.82161161482974,0.0</coordinates>
                                </LinearRing>
                            </outerBoundaryIs>
                        </Polygon>
                        <Polygon>
                            <outerBoundaryIs>
                                <LinearRing>
                                    <coordinates>-111.5378511930707,39.97042815538411,0.0 -111.53786162434542,39.97175900185455,0.0 -111.53613189211218,39.97176701498293,0.0 -111.5361214943799,39.970436168136885,0.0 -111.5378511930707,39.97042815538411,0.0</coordinates>
                                </LinearRing>
                            </outerBoundaryIs>
                        </Polygon>
                        <Polygon>
                            <outerBoundaryIs>
                                <LinearRing>
                                    <coordinates>-111.53960182139807,39.9730818087019,0.0 -111.53787205631384,39.97308984801626,0.0 -111.53786162434542,39.97175900185455,0.0 -111.53959135588501,39.971750962917014,0.0 -111.53960182139807,39.9730818087019,0.0</coordinates>
                                </LinearRing>
                            </outerBoundaryIs>
                        </Polygon>
                        <Polygon>
                            <outerBoundaryIs>
                                <LinearRing>
                                    <coordinates>-111.53289987370962,40.001061532762215,0.0 -111.53116940090665,40.00106947664969,0.0 -111.5311590887257,39.999738635476106,0.0 -111.53288952793697,39.99973069196091,0.0 -111.53289987370962,40.001061532762215,0.0</coordinates>
                                </LinearRing>
                            </outerBoundaryIs>
                        </Polygon>
                        <Polygon>
                            <outerBoundaryIs>
                                <LinearRing>
                                    <coordinates>-111.58144314224232,40.0114752426114,0.0 -111.58143184991602,40.01014441519898,0.0 -111.5779704733959,40.01016172960408,0.0 -111.57793680254504,40.00616924307761,0.0 -111.57966739036844,40.006160600011995,0.0 -111.57967864684036,40.007491428758286,0.0 -111.58140926751652,40.00748275944654,0.0 -111.58142055834077,40.00881358747736,0.0 -111.58315121186958,40.00880489191706,0.0 -111.58317386298498,40.0114665462361,0.0 -111.58490458297427,40.01145782401614,0.0 -111.5849159432722,40.01278865030309,0.0 -111.58664669611609,40.01277990182855,0.0 -111.58665809078204,40.01411072739627,0.0 -111.58838887648044,40.01410195266476,0.0 -111.58840030551887,40.015432777512046,0.0 -111.59013112407163,40.01542397652114,0.0 -111.59014258748705,40.01675480064672,0.0 -111.58495002869991,40.01678112730843,0.0 -111.58493866613495,40.01545030194923,0.0 -111.58147702372804,40.01546772299338,0.0 -111.58145443531971,40.01280606971461,0.0 -111.57799292436259,40.012823385742514,0.0 -111.57798169850592,40.011492557827886,0.0 -111.58144314224232,40.0114752426114,0.0</coordinates>
                                </LinearRing>
                            </outerBoundaryIs>
                        </Polygon>
                        <Polygon>
                            <outerBoundaryIs>
                                <LinearRing>
                                    <coordinates>-111.57658706696542,40.05142589172655,0.0 -111.57485533394362,40.05143449681011,0.0 -111.57484415376115,40.05010367705535,0.0 -111.57657585310756,40.05009507237494,0.0 -111.57658706696542,40.05142589172655,0.0</coordinates>
                                </LinearRing>
                            </outerBoundaryIs>
                        </Polygon>
                        <Polygon>
                            <outerBoundaryIs>
                                <LinearRing>
                                    <coordinates>-111.58005053076862,40.05140860391609,0.0 -111.57831879924116,40.05141726076187,0.0 -111.57830755170797,40.05008644181459,0.0 -111.5817709466618,40.050069103054255,0.0 -111.58179357718201,40.05273073901488,0.0 -111.58006181272764,40.052739422148534,0.0 -111.58005053076862,40.05140860391609,0.0</coordinates>
                                </LinearRing>
                            </outerBoundaryIs>
                        </Polygon>
                        <Polygon>
                            <outerBoundaryIs>
                                <LinearRing>
                                    <coordinates>-111.56792839444059,40.05146865833218,0.0 -111.56793944065578,40.05279947937819,0.0 -111.56620767025935,40.05280795545261,0.0 -111.56619665772209,40.05147713400954,0.0 -111.56792839444059,40.05146865833218,0.0</coordinates>
                                </LinearRing>
                            </outerBoundaryIs>
                        </Polygon>
                        <Polygon>
                            <outerBoundaryIs>
                                <LinearRing>
                                    <coordinates>-111.58534819502829,40.06335982003271,0.0 -111.5870802267165,40.06335105596846,0.0 -111.58709165022312,40.06468186978235,0.0 -111.58016338414241,40.06471677232289,0.0 -111.58010694807027,40.058062691985576,0.0 -111.58183884725692,40.05805400722462,0.0 -111.58188412938081,40.06337727048553,0.0 -111.5836161625823,40.06336855820508,0.0 -111.58359345262558,40.06070692800948,0.0 -111.58532541768324,40.06069819065576,0.0 -111.58534819502829,40.06335982003271,0.0</coordinates>
                                </LinearRing>
                            </outerBoundaryIs>
                        </Polygon>
                        <Polygon>
                            <outerBoundaryIs>
                                <LinearRing>
                                    <coordinates>-111.53970838040313,40.20598316910701,0.0 -111.53797270980604,40.20599124856493,0.0 -111.53796218958392,40.20466045609728,0.0 -111.53969782624344,40.204652377017496,0.0 -111.53970838040313,40.20598316910701,0.0</coordinates>
                                </LinearRing>
                            </outerBoundaryIs>
                        </Polygon>
                        <Polygon>
                            <outerBoundaryIs>
                                <LinearRing>
                                    <coordinates>-111.53800427467598,40.209983624112695,0.0 -111.53798323072871,40.20732204072338,0.0 -111.54319034222856,40.20729772314312,0.0 -111.54320096567795,40.2086285138542,0.0 -111.54493670204138,40.208620355564335,0.0 -111.54494736014242,40.20995114558434,0.0 -111.53800427467598,40.209983624112695,0.0</coordinates>
                                </LinearRing>
                            </outerBoundaryIs>
                        </Polygon>
                        <Polygon>
                            <outerBoundaryIs>
                                <LinearRing>
                                    <coordinates>-111.58494996969668,40.219071770565485,0.0 -111.58147798678681,40.21908926480992,0.0 -111.5814666105686,40.21775848525707,0.0 -111.57973065193497,40.217767192920455,0.0 -111.57977602550474,40.22309031090448,0.0 -111.57803993026656,40.22309899416019,0.0 -111.57800600084644,40.21910665491753,0.0 -111.57627000674549,40.219115310919925,0.0 -111.57624745881336,40.21645374906681,0.0 -111.57798338499863,40.216445093874576,0.0 -111.57797207820423,40.21511431288876,0.0 -111.5849156395756,40.215079433434184,0.0 -111.58494996969668,40.219071770565485,0.0</coordinates>
                                </LinearRing>
                            </outerBoundaryIs>
                        </Polygon>
                        <Polygon>
                            <outerBoundaryIs>
                                <LinearRing>
                                    <coordinates>-111.53550804028109,40.33376203872127,0.0 -111.53724698083961,40.33375397517331,0.0 -111.5372575351034,40.33508473801592,0.0 -111.53899650911617,40.33507664794961,0.0 -111.5389859206948,40.33374588548536,0.0 -111.54246379828605,40.333729627689586,0.0 -111.5425064294933,40.33905267264846,0.0 -111.54076735440799,40.339060816139536,0.0 -111.54075672970507,40.33773005498319,0.0 -111.53901768807603,40.33773817194985,0.0 -111.53900709824323,40.33640741010445,0.0 -111.53379007161719,40.336431603011086,0.0 -111.5337376453687,40.329777783485994,0.0 -111.53547648416884,40.32976974720567,0.0 -111.53550804028109,40.33376203872127,0.0</coordinates>
                                </LinearRing>
                            </outerBoundaryIs>
                        </Polygon>
                        <Polygon>
                            <outerBoundaryIs>
                                <LinearRing>
                                    <coordinates>-111.57284794353069,40.430731518928035,0.0 -111.57285923575482,40.43206225135534,0.0 -111.57111777595075,40.43207086745554,0.0 -111.57110651804979,40.430740134625516,0.0 -111.57284794353069,40.430731518928035,0.0</coordinates>
                                </LinearRing>
                            </outerBoundaryIs>
                        </Polygon>
                        <Polygon>
                            <outerBoundaryIs>
                                <LinearRing>
                                    <coordinates>-111.5868603039309,40.43997674673693,0.0 -111.58511864423077,40.43998557515117,0.0 -111.58509557080035,40.437324119413354,0.0 -111.58161238643578,40.43734169588755,0.0 -111.58157798803757,40.43334950749129,0.0 -111.57635351472948,40.43337567177344,0.0 -111.57633079223126,40.43071420884696,0.0 -111.58155505959482,40.430688047010555,0.0 -111.58154359652009,40.42935731630519,0.0 -111.57980220914753,40.4293660627371,0.0 -111.57979078115547,40.42803533131299,0.0 -111.58327348649968,40.4280178130407,0.0 -111.58326199063764,40.426687082125426,0.0 -111.58674462428372,40.426669459772604,0.0 -111.58675618877753,40.42800018986415,0.0 -111.59023888797074,40.42798246178362,0.0 -111.5902505218718,40.42931319073649,0.0 -111.59199190462391,40.42930428694115,0.0 -111.59200357362101,40.43063501516781,0.0 -111.59026215654866,40.430643919379335,0.0 -111.59027379200135,40.4319746477121,0.0 -111.59201524339626,40.4319657430844,0.0 -111.5920269139497,40.43329647069089,0.0 -111.59550988305207,40.433278581910685,0.0 -111.59552162303784,40.434609308370966,0.0 -111.59726314074287,40.434600324214834,0.0 -111.59728669172388,40.43726177536522,0.0 -111.59902827730434,40.437252764134854,0.0 -111.59904008830652,40.438583488823674,0.0 -111.60078170743309,40.43857445093658,0.0 -111.6008527960391,40.446558790021285,0.0 -111.59388549061312,40.446594794251176,0.0 -111.59386206602153,40.443933345765046,0.0 -111.59212030639951,40.44394228037986,0.0 -111.59209695361587,40.44128082981816,0.0 -111.58861356940602,40.44129861866305,0.0 -111.5885903570866,40.43863716519824,0.0 -111.58684873249456,40.43864601943566,0.0 -111.5868603039309,40.43997674673693,0.0</coordinates>
                                </LinearRing>
                            </outerBoundaryIs>
                        </Polygon>
                        <Polygon>
                            <outerBoundaryIs>
                                <LinearRing>
                                    <coordinates>-111.56650806036978,40.50528645285185,0.0 -111.57173811820662,40.50526069581637,0.0 -111.57174941823595,40.5065914112891,0.0 -111.57000603192282,40.506600023667474,0.0 -111.57001729825211,40.50793073923257,0.0 -111.56653045446522,40.507947885894154,0.0 -111.56650806036978,40.50528645285185,0.0</coordinates>
                                </LinearRing>
                            </outerBoundaryIs>
                        </Polygon>
                        <Polygon>
                            <outerBoundaryIs>
                                <LinearRing>
                                    <coordinates>-111.56128908912893,40.50664269107771,0.0 -111.56130018318761,40.50797340863625,0.0 -111.559556757945,40.507981863616756,0.0 -111.5595456983406,40.506651145663184,0.0 -111.56128908912893,40.50664269107771,0.0</coordinates>
                                </LinearRing>
                            </outerBoundaryIs>
                        </Polygon>
                        <Polygon>
                            <outerBoundaryIs>
                                <LinearRing>
                                    <coordinates>-111.59967905364044,40.51044216137659,0.0 -111.59793557629962,40.510451195796286,0.0 -111.59792375713707,40.509120487437215,0.0 -111.59966720002028,40.50911145343959,0.0 -111.59967905364044,40.51044216137659,0.0</coordinates>
                                </LinearRing>
                            </outerBoundaryIs>
                        </Polygon>
                        <Polygon>
                            <outerBoundaryIs>
                                <LinearRing>
                                    <coordinates>-111.55610288173533,40.511990849037595,0.0 -111.55261581935119,40.512007577241604,0.0 -111.5526048953783,40.510676858649866,0.0 -111.55609188883966,40.510660131227354,0.0 -111.55610288173533,40.511990849037595,0.0</coordinates>
                                </LinearRing>
                            </outerBoundaryIs>
                        </Polygon>
                        <Polygon>
                            <outerBoundaryIs>
                                <LinearRing>
                                    <coordinates>-111.55991105518673,40.550564674483546,0.0 -111.55989997194278,40.549233966448384,0.0 -111.56164446640923,40.54922549921502,0.0 -111.56165558418111,40.55055620685469,0.0 -111.56340011243353,40.55054771288637,0.0 -111.56342241926588,40.55320912644215,0.0 -111.56167782195081,40.55321762120399,0.0 -111.56168894194873,40.55454832791363,0.0 -111.55819967602496,40.554565239201345,0.0 -111.55818862509676,40.55323453170185,0.0 -111.55469942529287,40.553251336831735,0.0 -111.55468844416748,40.55192062823735,0.0 -111.55643300990431,40.55191223923525,0.0 -111.55642199498132,40.55058153072273,0.0 -111.55991105518673,40.550564674483546,0.0</coordinates>
                                </LinearRing>
                            </outerBoundaryIs>
                        </Polygon>
                        <Polygon>
                            <outerBoundaryIs>
                                <LinearRing>
                                    <coordinates>-111.56344472907571,40.555870538757844,0.0 -111.56170006268877,40.55587903431325,0.0 -111.56168894194873,40.55454832791363,0.0 -111.56343357379858,40.55453983275501,0.0 -111.56344472907571,40.555870538757844,0.0</coordinates>
                                </LinearRing>
                            </outerBoundaryIs>
                        </Polygon>
                        <Polygon>
                            <outerBoundaryIs>
                                <LinearRing>
                                    <coordinates>-111.57749351322052,40.56644723702838,0.0 -111.58098338441316,40.56642973884065,0.0 -111.58100640029076,40.56909113688138,0.0 -111.57577138500471,40.56911734708018,0.0 -111.57575998036077,40.56778664699085,0.0 -111.5722700354798,40.56780398786472,0.0 -111.57225870071194,40.56647328665537,0.0 -111.57400363897433,40.566464629800365,0.0 -111.57399227040774,40.565133928685185,0.0 -111.57748207554371,40.5651165367255,0.0 -111.57749351322052,40.56644723702838,0.0</coordinates>
                                </LinearRing>
                            </outerBoundaryIs>
                        </Polygon>
                        <Polygon>
                            <outerBoundaryIs>
                                <LinearRing>
                                    <coordinates>-111.58824283100977,40.598331081207476,0.0 -111.58821950443732,40.595669700118535,0.0 -111.58996519657417,40.59566079693631,0.0 -111.58991841436304,40.5903380326974,0.0 -111.5916639673114,40.59032910480216,0.0 -111.59173435293816,40.59831324679672,0.0 -111.58824283100977,40.598331081207476,0.0</coordinates>
                                </LinearRing>
                            </outerBoundaryIs>
                        </Polygon>
                        <Polygon>
                            <outerBoundaryIs>
                                <LinearRing>
                                    <coordinates>-111.55888627615532,40.637068498685025,0.0 -111.5571394964115,40.63707693921552,0.0 -111.55715055923162,40.63840762757572,0.0 -111.5554037440686,40.63841604207942,0.0 -111.555392715929,40.6370853533264,0.0 -111.55364593471018,40.637093741017615,0.0 -111.55360196821393,40.63177098133837,0.0 -111.55534861073356,40.63176259521337,0.0 -111.55532656255279,40.62910121429633,0.0 -111.5588197067103,40.62908436437559,0.0 -111.55888627615532,40.637068498685025,0.0</coordinates>
                                </LinearRing>
                            </outerBoundaryIs>
                        </Polygon>
                        <Polygon>
                            <outerBoundaryIs>
                                <LinearRing>
                                    <coordinates>-111.56239100027909,40.63838222553958,0.0 -111.56064418733916,40.63839071930577,0.0 -111.56063305515816,40.63706003173492,0.0 -111.56237983341772,40.63705153836526,0.0 -111.56239100027909,40.63838222553958,0.0</coordinates>
                                </LinearRing>
                            </outerBoundaryIs>
                        </Polygon>
                        <Polygon>
                            <outerBoundaryIs>
                                <LinearRing>
                                    <coordinates>-111.56589586089186,40.63969584481235,0.0 -111.56590709861443,40.641026530569555,0.0 -111.5641602178007,40.64103507797527,0.0 -111.564149014763,40.63970439181902,0.0 -111.56589586089186,40.63969584481235,0.0</coordinates>
                                </LinearRing>
                            </outerBoundaryIs>
                        </Polygon>
                        <Polygon>
                            <outerBoundaryIs>
                                <LinearRing>
                                    <coordinates>-111.57465290328874,40.642314080627536,0.0 -111.57290599156329,40.64232276055393,0.0 -111.57291736954423,40.64365344408218,0.0 -111.57117042236976,40.64366209798831,0.0 -111.57115907907813,40.64233141405607,0.0 -111.56941216583554,40.6423400411339,0.0 -111.56938955089618,40.63967867153323,0.0 -111.57288323788057,40.639661392566644,0.0 -111.5728946143421,40.64099207671544,0.0 -111.57464149138063,40.64098339719424,0.0 -111.57465290328874,40.642314080627536,0.0</coordinates>
                                </LinearRing>
                            </outerBoundaryIs>
                        </Polygon>
                        <Polygon>
                            <outerBoundaryIs>
                                <LinearRing>
                                    <coordinates>-111.58170986267749,40.65026318096367,0.0 -111.57472139074233,40.650298174711516,0.0 -111.57470997426108,40.64896749313989,0.0 -111.57296288906635,40.64897617509256,0.0 -111.57295150804593,40.64764549280537,0.0 -111.5746985585422,40.647636811257996,0.0 -111.57468714358556,40.646306129065806,0.0 -111.58167519914053,40.64627114021839,0.0 -111.58170986267749,40.65026318096367,0.0</coordinates>
                                </LinearRing>
                            </outerBoundaryIs>
                        </Polygon>
                        <Polygon>
                            <outerBoundaryIs>
                                <LinearRing>
                                    <coordinates>-111.55727229902043,40.65304517907003,0.0 -111.557239088391,40.64905312329309,0.0 -111.55549199570038,40.64906154093995,0.0 -111.55546992837246,40.646400168085464,0.0 -111.55896397422308,40.64638330793526,0.0 -111.55899728451436,40.65037536439044,0.0 -111.56074441042561,40.650366893486726,0.0 -111.56076669040355,40.65302826211519,0.0 -111.56251388498032,40.6530197639862,0.0 -111.56252506079336,40.654350447438475,0.0 -111.56077783150843,40.65435894596417,0.0 -111.5608001159503,40.65702031273162,0.0 -111.55905281649797,40.65702878561271,0.0 -111.55904170861784,40.65569810198857,0.0 -111.5572944431366,40.65570654803729,0.0 -111.55728337070882,40.65437586370873,0.0 -111.55553613919876,40.65438428292753,0.0 -111.55552510221871,40.6530535978958,0.0 -111.55727229902043,40.65304517907003,0.0</coordinates>
                                </LinearRing>
                            </outerBoundaryIs>
                        </Polygon>
                        <Polygon>
                            <outerBoundaryIs>
                                <LinearRing>
                                    <coordinates>-111.59050409089616,40.656872228755766,0.0 -111.58875680440933,40.65688115107948,0.0 -111.58873340920881,40.6542197973037,0.0 -111.59048062627421,40.65421087581295,0.0 -111.59050409089616,40.656872228755766,0.0</coordinates>
                                </LinearRing>
                            </outerBoundaryIs>
                        </Polygon>
                        <Polygon>
                            <outerBoundaryIs>
                                <LinearRing>
                                    <coordinates>-111.59580514169458,40.663498673798934,0.0 -111.59405768397208,40.66350767753622,0.0 -111.59404587790434,40.66217700360912,0.0 -111.59579330090355,40.662168000292105,0.0 -111.59580514169458,40.663498673798934,0.0</coordinates>
                                </LinearRing>
                            </outerBoundaryIs>
                        </Polygon>
                        <Polygon>
                            <outerBoundaryIs>
                                <LinearRing>
                                    <coordinates>-111.56091158281673,40.67032712795795,0.0 -111.56090043277989,40.66899644783117,0.0 -111.55915282080755,40.66900492427255,0.0 -111.55913059243284,40.66634356229712,0.0 -111.56087813494005,40.66633508664703,0.0 -111.56085584007833,40.66367372422212,0.0 -111.56260331238528,40.663665222919015,0.0 -111.56256977150946,40.65967317814567,0.0 -111.56431713890366,40.65966465159247,0.0 -111.56430592538754,40.65833396977897,0.0 -111.56605325731552,40.65832541718455,0.0 -111.56610950599524,40.66497882115355,0.0 -111.56436200045748,40.664987375744346,0.0 -111.56438443572883,40.667648735958956,0.0 -111.56613201072673,40.66764018056952,0.0 -111.56618828570842,40.674293573680174,0.0 -111.56444053701956,40.67430213106653,0.0 -111.56442931526264,40.672971452665486,0.0 -111.56093388512457,40.672988487280904,0.0 -111.56092273359828,40.67165780777453,0.0 -111.55917505215155,40.67166628500724,0.0 -111.55916393610835,40.670335604794985,0.0 -111.56091158281673,40.67032712795795,0.0</coordinates>
                                </LinearRing>
                            </outerBoundaryIs>
                        </Polygon>
                        <Polygon>
                            <outerBoundaryIs>
                                <LinearRing>
                                    <coordinates>-111.59584066881264,40.66749069245635,0.0 -111.59409310690637,40.667499697454545,0.0 -111.59408129847303,40.66616902445894,0.0 -111.59582882564906,40.66616001988106,0.0 -111.59584066881264,40.66749069245635,0.0</coordinates>
                                </LinearRing>
                            </outerBoundaryIs>
                        </Polygon>
                        <Polygon>
                            <outerBoundaryIs>
                                <LinearRing>
                                    <coordinates>-111.56270397534244,40.67564134048786,0.0 -111.56095619041163,40.675649845363054,0.0 -111.56094503739567,40.674319166477076,0.0 -111.56269278758121,40.674310661998845,0.0 -111.56270397534244,40.67564134048786,0.0</coordinates>
                                </LinearRing>
                            </outerBoundaryIs>
                        </Polygon>
                        <Polygon>
                            <outerBoundaryIs>
                                <LinearRing>
                                    <coordinates>-111.5839560810227,40.70747329245096,0.0 -111.58393283516277,40.70481195978331,0.0 -111.58742991438876,40.70479421753712,0.0 -111.58744160652631,40.706124883198186,0.0 -111.58569303250479,40.70613376797692,0.0 -111.58570469062325,40.70746443374211,0.0 -111.5839560810227,40.70747329245096,0.0</coordinates>
                                </LinearRing>
                            </outerBoundaryIs>
                        </Polygon>
                        <Polygon>
                            <outerBoundaryIs>
                                <LinearRing>
                                    <coordinates>-111.55248097768518,40.70762822031776,0.0 -111.55597822339173,40.70761142986937,0.0 -111.5560003586223,40.71027277418859,0.0 -111.5577490499771,40.71026433844944,0.0 -111.55777125778394,40.712925680740426,0.0 -111.55602249681051,40.71293411726694,0.0 -111.55604463795684,40.71559545910438,0.0 -111.55079814172431,40.71562061209102,0.0 -111.55077620946241,40.71295926790613,0.0 -111.54727868089705,40.712975902548315,0.0 -111.54728957703561,40.714306575572124,0.0 -111.54903837649648,40.7142982711086,0.0 -111.54904930817838,40.71562894343473,0.0 -111.54730047390211,40.7156372482858,0.0 -111.54731137149665,40.716967920689314,0.0 -111.5455625016746,40.716976199434036,0.0 -111.54550819504716,40.71032283238351,0.0 -111.5490055858322,40.71030625226923,0.0 -111.54901651532343,40.71163692552584,0.0 -111.55076524443031,40.711628595348415,0.0 -111.55072139162628,40.70630590201582,0.0 -111.55246998078137,40.70629754690927,0.0 -111.55248097768518,40.70762822031776,0.0</coordinates>
                                </LinearRing>
                            </outerBoundaryIs>
                        </Polygon>
                        <Polygon>
                            <outerBoundaryIs>
                                <LinearRing>
                                    <coordinates>-111.53858846431179,40.71967039718847,0.0 -111.53683952124122,40.719678544223505,0.0 -111.53677539126082,40.711694495076024,0.0 -111.53852412543003,40.71168635032178,0.0 -111.53858846431179,40.71967039718847,0.0</coordinates>
                                </LinearRing>
                            </outerBoundaryIs>
                        </Polygon>
                        <Polygon>
                            <outerBoundaryIs>
                                <LinearRing>
                                    <coordinates>-111.56151479215964,40.74218339409881,0.0 -111.56150360182848,40.74085273072605,0.0 -111.55975411078614,40.74086122855553,0.0 -111.55970949636074,40.73553857037539,0.0 -111.5614588479801,40.73553007413177,0.0 -111.56144766138682,40.73419940920741,0.0 -111.56494629268123,40.73418233798388,0.0 -111.56493503714034,40.732851673545746,0.0 -111.5666843168132,40.7328430985696,0.0 -111.5666956072015,40.73417376260761,0.0 -111.56844492096737,40.734165160721716,0.0 -111.56846757370889,40.73682648706389,0.0 -111.57196633837121,40.73680920215041,0.0 -111.57197773558569,40.73813986404942,0.0 -111.57372715162997,40.738131181419554,0.0 -111.57375001805896,40.74079250347605,0.0 -111.57200053229937,40.74080118691619,0.0 -111.57201193179867,40.74213184788396,0.0 -111.57026241041622,40.742140505212326,0.0 -111.5702737758137,40.74347116627362,0.0 -111.56852421880825,40.74347979748773,0.0 -111.56853555009926,40.74481045864133,0.0 -111.5667859574707,40.74481906373865,0.0 -111.56677466104568,40.74348840218356,0.0 -111.5632755432585,40.74350553202037,0.0 -111.56326431731576,40.74217486935567,0.0 -111.56151479215964,40.74218339409881,0.0</coordinates>
                                </LinearRing>
                            </outerBoundaryIs>
                        </Polygon>
                        <Polygon>
                            <outerBoundaryIs>
                                <LinearRing>
                                    <coordinates>-111.5720347330825,40.744793168888236,0.0 -111.57028514197064,40.74480182702451,0.0 -111.5702737758137,40.74347116627362,0.0 -111.57202333205971,40.743462508541306,0.0 -111.5720347330825,40.744793168888236,0.0</coordinates>
                                </LinearRing>
                            </outerBoundaryIs>
                        </Polygon>
                        <Polygon>
                            <outerBoundaryIs>
                                <LinearRing>
                                    <coordinates>-111.47214048944643,39.97337621619706,0.0 -111.4756000685908,39.97336207338722,0.0 -111.47561851908792,39.97602379030531,0.0 -111.47388866272176,39.97603087528011,0.0 -111.47389785533744,39.97736173360882,0.0 -111.47216796480683,39.977368793100624,0.0 -111.47214048944643,39.97337621619706,0.0</coordinates>
                                </LinearRing>
                            </outerBoundaryIs>
                        </Polygon>
                        <Polygon>
                            <outerBoundaryIs>
                                <LinearRing>
                                    <coordinates>-111.48254729877587,39.977326048924176,0.0 -111.48257538365354,39.98131861704263,0.0 -111.48084539552968,39.981325806620426,0.0 -111.4808547248389,39.98265666238023,0.0 -111.47912470253274,39.98266382647521,0.0 -111.47911540678545,39.981332970379626,0.0 -111.47738541742304,39.981340108320204,0.0 -111.47734837484053,39.976016679516675,0.0 -111.48080808449632,39.976002380498024,0.0 -111.48081741132422,39.97733323749109,0.0 -111.48254729877587,39.977326048924176,0.0</coordinates>
                                </LinearRing>
                            </outerBoundaryIs>
                        </Polygon>
                        <Polygon>
                            <outerBoundaryIs>
                                <LinearRing>
                                    <coordinates>-111.50532997829585,40.017155669916946,0.0 -111.50359909150248,40.01716320466208,0.0 -111.50355018545183,40.01050898526251,0.0 -111.50701162223724,40.01049389345781,0.0 -111.50700177576245,40.009163049359444,0.0 -111.50873245956579,40.00915546504529,0.0 -111.50872258014006,40.007824620993766,0.0 -111.51045322968052,40.00781701119268,0.0 -111.51043340559538,40.00515532287703,0.0 -111.51389456828672,40.00514002718154,0.0 -111.51391452678125,40.00780171406352,0.0 -111.51218387856166,40.00780937554924,0.0 -111.51220377249771,40.010471061914785,0.0 -111.51393448793091,40.01046339971095,0.0 -111.51398440242379,40.01711760842842,0.0 -111.51571528526594,40.01710991857836,0.0 -111.51572530377798,40.01844075903557,0.0 -111.51745621957501,40.01843304297322,0.0 -111.51747632584753,40.021094722238495,0.0 -111.51401435908865,40.02111012995516,0.0 -111.51402434597208,40.02244096984676,0.0 -111.51229332796707,40.02244863528272,0.0 -111.51228337471167,40.021117795031934,0.0 -111.50882140397385,40.02113304762222,0.0 -111.50881151863224,40.0198022063481,0.0 -111.50708056590182,40.01980979350601,0.0 -111.50707071484143,40.01847895156776,0.0 -111.50533979507948,40.01848651251808,0.0 -111.50532997829585,40.017155669916946,0.0</coordinates>
                                </LinearRing>
                            </outerBoundaryIs>
                        </Polygon>
                        <Polygon>
                            <outerBoundaryIs>
                                <LinearRing>
                                    <coordinates>-111.46901766847931,40.02263186803022,0.0 -111.467286633987,40.02263886121081,0.0 -111.46727755507732,40.02130801204655,0.0 -111.46900855594036,40.02130101919365,0.0 -111.46901766847931,40.02263186803022,0.0</coordinates>
                                </LinearRing>
                            </outerBoundaryIs>
                        </Polygon>
                        <Polygon>
                            <outerBoundaryIs>
                                <LinearRing>
                                    <coordinates>-111.46421263186313,40.079879020426624,0.0 -111.46423070860318,40.08254069261702,0.0 -111.46249815666532,40.08254762282353,0.0 -111.46248014738347,40.07988594998394,0.0 -111.46421263186313,40.079879020426624,0.0</coordinates>
                                </LinearRing>
                            </outerBoundaryIs>
                        </Polygon>
                        <Polygon>
                            <outerBoundaryIs>
                                <LinearRing>
                                    <coordinates>-111.50582161834751,40.083697421911275,0.0 -111.50408904773293,40.08370497432716,0.0 -111.50407923262676,40.08237414649578,0.0 -111.50754430573792,40.08235901646119,0.0 -111.50756407153314,40.0850206703978,0.0 -111.5058314678404,40.08502824908019,0.0 -111.50582161834751,40.083697421911275,0.0</coordinates>
                                </LinearRing>
                            </outerBoundaryIs>
                        </Polygon>
                        <Polygon>
                            <outerBoundaryIs>
                                <LinearRing>
                                    <coordinates>-111.50432480633278,40.11564474966614,0.0 -111.50259142483796,40.11565228463537,0.0 -111.50260122249951,40.11698310510152,0.0 -111.50086780656504,40.11699061448171,0.0 -111.50087757108884,40.118321434990776,0.0 -111.49914412071462,40.118328918779454,0.0 -111.49912465989442,40.11566727675168,0.0 -111.49739127645019,40.115674733898686,0.0 -111.49736219142603,40.11168226749408,0.0 -111.49909547352067,40.11167481139467,0.0 -111.49906629297362,40.10768234325932,0.0 -111.50426583137681,40.10765982250277,0.0 -111.50432480633278,40.11564474966614,0.0</coordinates>
                                </LinearRing>
                            </outerBoundaryIs>
                        </Polygon>
                        <Polygon>
                            <outerBoundaryIs>
                                <LinearRing>
                                    <coordinates>-111.51817163306889,40.112921900630354,0.0 -111.5181817334721,40.114252718494626,0.0 -111.51991507521241,40.114244950424066,0.0 -111.51992521007271,40.11557576761568,0.0 -111.51819183454757,40.11558353605003,0.0 -111.51820193629531,40.116914353296586,0.0 -111.51993534560758,40.11690658449843,0.0 -111.51999617298478,40.12489147930829,0.0 -111.51826256090266,40.12489925028958,0.0 -111.51825245512012,40.12356843489628,0.0 -111.51478529654155,40.123583898287826,0.0 -111.51471504797703,40.11426817681801,0.0 -111.51644839105958,40.11426046062594,0.0 -111.51643832443902,40.11292964239911,0.0 -111.51817163306889,40.112921900630354,0.0</coordinates>
                                </LinearRing>
                            </outerBoundaryIs>
                        </Polygon>
                        <Polygon>
                            <outerBoundaryIs>
                                <LinearRing>
                                    <coordinates>-111.50627537412835,40.14491515212827,0.0 -111.50280712410246,40.14493026356687,0.0 -111.50279731273656,40.14359944958487,0.0 -111.50626549509289,40.1435843388538,0.0 -111.50627537412835,40.14491515212827,0.0</coordinates>
                                </LinearRing>
                            </outerBoundaryIs>
                        </Polygon>
                        <Polygon>
                            <outerBoundaryIs>
                                <LinearRing>
                                    <coordinates>-111.50975356889072,40.14623074907331,0.0 -111.50801941168605,40.14623837006789,0.0 -111.508009498156,40.14490755745786,0.0 -111.50974362152375,40.14489993682009,0.0 -111.50975356889072,40.14623074907331,0.0</coordinates>
                                </LinearRing>
                            </outerBoundaryIs>
                        </Polygon>
                        <Polygon>
                            <outerBoundaryIs>
                                <LinearRing>
                                    <coordinates>-111.45951655925273,40.15442614073657,0.0 -111.45950758959374,40.15309532048007,0.0 -111.45777324494043,40.1531021899825,0.0 -111.45776430972805,40.151771369095904,0.0 -111.46123293073856,40.15175760476006,0.0 -111.46125093716071,40.15441924493585,0.0 -111.45951655925273,40.15442614073657,0.0</coordinates>
                                </LinearRing>
                            </outerBoundaryIs>
                        </Polygon>
                        <Polygon>
                            <outerBoundaryIs>
                                <LinearRing>
                                    <coordinates>-111.46646317295114,40.15572922032333,0.0 -111.46472876299423,40.155736194380346,0.0 -111.46471969117624,40.15440537540457,0.0 -111.4629853144693,40.15441232315851,0.0 -111.46297627710686,40.15308150354893,0.0 -111.46471061996213,40.15307455612027,0.0 -111.4647015493519,40.15174373652746,0.0 -111.46643585775398,40.15173676344994,0.0 -111.46642675390044,40.150405943875086,0.0 -111.46989530119014,40.150391920454354,0.0 -111.46990447273775,40.15172273937262,0.0 -111.47163877931493,40.15171568837285,0.0 -111.47168481548097,40.15836977668495,0.0 -111.47341929071374,40.15836269805427,0.0 -111.47343777719426,40.16102433055618,0.0 -111.47517231953478,40.16101722528015,0.0 -111.47520015547255,40.165009670720494,0.0 -111.47346551153056,40.16501677699455,0.0 -111.47344702135759,40.16235514634424,0.0 -111.47171244453672,40.1623622259692,0.0 -111.47172165544828,40.16369304178011,0.0 -111.46825243223476,40.16370712373798,0.0 -111.46822500452971,40.1597146734018,0.0 -111.46649049360401,40.15972167441984,0.0 -111.46646317295114,40.15572922032333,0.0</coordinates>
                                </LinearRing>
                            </outerBoundaryIs>
                        </Polygon>
                        <Polygon>
                            <outerBoundaryIs>
                                <LinearRing>
                                    <coordinates>-111.50850598403765,40.21144780958161,0.0 -111.51024180201334,40.21144017108597,0.0 -111.51025178254997,40.21277096789342,0.0 -111.51198763381073,40.21276330301089,0.0 -111.51199764896396,40.21409409915063,0.0 -111.51373353350971,40.21408640787877,0.0 -111.51374358328405,40.21541720334954,0.0 -111.51200766478415,40.21542489498138,0.0 -111.51201768127136,40.21675569050313,0.0 -111.51375363372767,40.2167479985113,0.0 -111.51376368484063,40.21807879336404,0.0 -111.51029171134354,40.21809415203345,0.0 -111.510281728148,40.216763356461925,0.0 -111.5085457743598,40.21677099638767,0.0 -111.50853582578559,40.21544020014961,0.0 -111.50679990529142,40.21544781368594,0.0 -111.50678007803674,40.21278621957027,0.0 -111.50851593062455,40.21277860674657,0.0 -111.50850598403765,40.21144780958161,0.0</coordinates>
                                </LinearRing>
                            </outerBoundaryIs>
                        </Polygon>
                        <Polygon>
                            <outerBoundaryIs>
                                <LinearRing>
                                    <coordinates>-111.52245382841592,40.2193707338177,0.0 -111.52249472156882,40.22469390162831,0.0 -111.5190224151471,40.22470952429466,0.0 -111.51901225877711,40.22337873207454,0.0 -111.52074837835752,40.223370934126415,0.0 -111.52073818869637,40.22204014196214,0.0 -111.51900210308348,40.22204793954535,0.0 -111.5189817937251,40.21938635355979,0.0 -111.52245382841592,40.2193707338177,0.0</coordinates>
                                </LinearRing>
                            </outerBoundaryIs>
                        </Polygon>
                        <Polygon>
                            <outerBoundaryIs>
                                <LinearRing>
                                    <coordinates>-111.52422061548022,40.223355260113266,0.0 -111.53290119629224,40.22331561940004,0.0 -111.53291162441909,40.22464640866648,0.0 -111.53464777247653,40.22463840203276,0.0 -111.5346582352695,40.225969190615295,0.0 -111.52424113272181,40.22601684204741,0.0 -111.52422061548022,40.223355260113266,0.0</coordinates>
                                </LinearRing>
                            </outerBoundaryIs>
                        </Polygon>
                        <Polygon>
                            <outerBoundaryIs>
                                <LinearRing>
                                    <coordinates>-111.5177424674411,40.284602642928824,0.0 -111.51948015265414,40.28459485427371,0.0 -111.51949034019161,40.285925632274,0.0 -111.52122805879999,40.28591781715821,0.0 -111.52123828109248,40.2872485944837,0.0 -111.51950052840782,40.2872564099651,0.0 -111.51954128806112,40.2925795176376,0.0 -111.5178033983696,40.29258730847916,0.0 -111.517833872969,40.296579637080406,0.0 -111.51609588033072,40.29658740290927,0.0 -111.5160756314366,40.29392585009111,0.0 -111.51433770630612,40.29393358908974,0.0 -111.51430744028022,40.289941256457716,0.0 -111.51604526315415,40.28993351854509,0.0 -111.51601490094089,40.285941184216604,0.0 -111.51775262090449,40.28593342129348,0.0 -111.5177424674411,40.284602642928824,0.0</coordinates>
                                </LinearRing>
                            </outerBoundaryIs>
                        </Polygon>
                        <Polygon>
                            <outerBoundaryIs>
                                <LinearRing>
                                    <coordinates>-111.48311180901803,40.302053122065395,0.0 -111.4831023294704,40.300722340376545,0.0 -111.48136422147807,40.300729585093585,0.0 -111.48133588891798,40.29673723715689,0.0 -111.48307389461691,40.296729993456466,0.0 -111.48306441759537,40.295399210531954,0.0 -111.4848023885696,40.2953919410649,0.0 -111.48479287808854,40.2940611581715,0.0 -111.48305494120524,40.29406842729849,0.0 -111.48304546544647,40.292737643756126,0.0 -111.48825917192734,40.29271575908628,0.0 -111.48826874995198,40.294046541604885,0.0 -111.48653081433821,40.29405386294029,0.0 -111.48654035891018,40.295384645492405,0.0 -111.4882783286148,40.295377323814506,0.0 -111.48828790791583,40.296708105715176,0.0 -111.49002591107529,40.29670075758816,0.0 -111.49003552510993,40.29803153883613,0.0 -111.48829748785512,40.29803888730689,0.0 -111.48830706843273,40.299369668589655,0.0 -111.49004513978517,40.29936231977514,0.0 -111.4900836048929,40.30468544044135,0.0 -111.48834539712729,40.304692790631016,0.0 -111.4883549808972,40.30602357036894,0.0 -111.48661673838403,40.306030894787284,0.0 -111.48664539118484,40.31002323317505,0.0 -111.48838373603873,40.31001590772885,0.0 -111.48841249692896,40.31400824230791,0.0 -111.48493560186223,40.31402286913381,0.0 -111.48488801142038,40.30736897320336,0.0 -111.48314973352542,40.30737624573147,0.0 -111.48312128919729,40.3033839034453,0.0 -111.481383112998,40.303391148840134,0.0 -111.48137366692336,40.302060367121314,0.0 -111.48311180901803,40.302053122065395,0.0</coordinates>
                                </LinearRing>
                            </outerBoundaryIs>
                        </Polygon>
                        <Polygon>
                            <outerBoundaryIs>
                                <LinearRing>
                                    <coordinates>-111.51973504483121,40.317864211519776,0.0 -111.5214735818974,40.317856387625454,0.0 -111.52148382054956,40.31918715752943,0.0 -111.5232223910643,40.31917930714234,0.0 -111.52323266453178,40.32051007636988,0.0 -111.52497126849492,40.320502199487585,0.0 -111.52500219541794,40.32449450420923,0.0 -111.52326348904218,40.32450238219682,0.0 -111.52328404213954,40.327163917868354,0.0 -111.51980649076278,40.32717959691503,0.0 -111.5197758669969,40.323187290744,0.0 -111.51803719271362,40.32319508997169,0.0 -111.51802702028976,40.32186432026474,0.0 -111.51628837946633,40.321872092998326,0.0 -111.51627824185579,40.320541322618595,0.0 -111.51975545455392,40.32052575175039,0.0 -111.51973504483121,40.317864211519776,0.0</coordinates>
                                </LinearRing>
                            </outerBoundaryIs>
                        </Polygon>
                        <Polygon>
                            <outerBoundaryIs>
                                <LinearRing>
                                    <coordinates>-111.47134274001526,40.359326710446105,0.0 -111.46786350936125,40.35934083726404,0.0 -111.46785431041378,40.358010065850145,0.0 -111.47133347266666,40.35799593969278,0.0 -111.47134274001526,40.359326710446105,0.0</coordinates>
                                </LinearRing>
                            </outerBoundaryIs>
                        </Polygon>
                        <Polygon>
                            <outerBoundaryIs>
                                <LinearRing>
                                    <coordinates>-111.53396845159384,40.359054531538156,0.0 -111.53397895082915,40.36038528925495,0.0 -111.53223932528293,40.36039330801914,0.0 -111.53222886024865,40.35906254992738,0.0 -111.53396845159384,40.359054531538156,0.0</coordinates>
                                </LinearRing>
                            </outerBoundaryIs>
                        </Polygon>
                        <Polygon>
                            <outerBoundaryIs>
                                <LinearRing>
                                    <coordinates>-111.47481263244885,40.357981708882974,0.0 -111.47482196819836,40.35931247897083,0.0 -111.47656158135763,40.359305323986774,0.0 -111.47657095193208,40.36063609343109,0.0 -111.48005024477985,40.360621704297415,0.0 -111.48005968438868,40.36195247275989,0.0 -111.48179936407476,40.361945238606644,0.0 -111.48181831359659,40.36460677392798,0.0 -111.4783388167622,40.36462121741851,0.0 -111.47832941010431,40.363290449237006,0.0 -111.47658969495488,40.363297631392776,0.0 -111.47658032313115,40.36196686256642,0.0 -111.473100959375,40.36198114770617,0.0 -111.47307305286775,40.35798883736942,0.0 -111.47481263244885,40.357981708882974,0.0</coordinates>
                                </LinearRing>
                            </outerBoundaryIs>
                        </Polygon>
                        <Polygon>
                            <outerBoundaryIs>
                                <LinearRing>
                                    <coordinates>-111.4835770815412,40.36726104633529,0.0 -111.48358659272897,40.368591812574785,0.0 -111.48184674261636,40.36859907459228,0.0 -111.48183726564476,40.36726830801323,0.0 -111.4835770815412,40.36726104633529,0.0</coordinates>
                                </LinearRing>
                            </outerBoundaryIs>
                        </Polygon>
                        <Polygon>
                            <outerBoundaryIs>
                                <LinearRing>
                                    <coordinates>-111.49068112709466,40.387193178488225,0.0 -111.48894080026865,40.38720055002006,0.0 -111.48893117745635,40.385869789134,0.0 -111.49067147003446,40.385862417946804,0.0 -111.49068112709466,40.387193178488225,0.0</coordinates>
                                </LinearRing>
                            </outerBoundaryIs>
                        </Polygon>
                        <Polygon>
                            <outerBoundaryIs>
                                <LinearRing>
                                    <coordinates>-111.51511660862573,40.396402507588704,0.0 -111.51685716534902,40.39639474067257,0.0 -111.5168978742158,40.401717749817045,0.0 -111.51515718041703,40.40172551818572,0.0 -111.51516732505557,40.403056270061604,0.0 -111.51168586688203,40.403071728913204,0.0 -111.51167579079282,40.40174097631466,0.0 -111.50993509497194,40.401748666074866,0.0 -111.50990497354515,40.39775640534488,0.0 -111.51164556655556,40.39774871666309,0.0 -111.51162542042216,40.3950872086821,0.0 -111.51510646736835,40.395071754166075,0.0 -111.51511660862573,40.396402507588704,0.0</coordinates>
                                </LinearRing>
                            </outerBoundaryIs>
                        </Polygon>
                        <Polygon>
                            <outerBoundaryIs>
                                <LinearRing>
                                    <coordinates>-111.50647364851868,40.404425474024045,0.0 -111.50646367458884,40.403094720659965,0.0 -111.5047229424915,40.40310233216726,0.0 -111.5046831905071,40.397779314194935,0.0 -111.5081643798654,40.39776406782749,0.0 -111.50821441422819,40.404417835955535,0.0 -111.50647364851868,40.404425474024045,0.0</coordinates>
                                </LinearRing>
                            </outerBoundaryIs>
                        </Polygon>
                        <Polygon>
                            <outerBoundaryIs>
                                <LinearRing>
                                    <coordinates>-111.5212115222797,40.509491945214634,0.0 -111.52469847239534,40.509476165437185,0.0 -111.52470884428641,40.51080689041363,0.0 -111.52645235276741,40.5107989607014,0.0 -111.52646275981273,40.51212968499775,0.0 -111.52471921686947,40.51213761508046,0.0 -111.5247295901446,40.513468339437665,0.0 -111.51949885377763,40.513491972962925,0.0 -111.5194885838965,40.512161247501616,0.0 -111.5177450381988,40.51216907236625,0.0 -111.51772456941463,40.50950761978379,0.0 -111.51946804618969,40.509499795650264,0.0 -111.51945777836389,40.50816906926022,0.0 -111.52120121999609,40.508161219191344,0.0 -111.5212115222797,40.509491945214634,0.0</coordinates>
                                </LinearRing>
                            </outerBoundaryIs>
                        </Polygon>
                        <Polygon>
                            <outerBoundaryIs>
                                <LinearRing>
                                    <coordinates>-111.53026444795661,40.55203530846545,0.0 -111.52677529428468,40.552051269896914,0.0 -111.52676486638582,40.550720554890674,0.0 -111.52502032303612,40.55072849572353,0.0 -111.52500993036215,40.54939778003667,0.0 -111.52326542084792,40.54940569415973,0.0 -111.52325506339422,40.54807497779355,0.0 -111.52499953838168,40.54806706404015,0.0 -111.52497875650113,40.54540563111804,0.0 -111.51451231053613,40.54545271417367,0.0 -111.51450212775578,40.5441219950489,0.0 -111.51275775222325,40.54412974968891,0.0 -111.51274760464024,40.54279902989232,0.0 -111.50925892058179,40.54281445944904,0.0 -111.50922868897528,40.53882229603976,0.0 -111.51097292780189,40.53881459550707,0.0 -111.5109628174358,40.53748387411127,0.0 -111.51270702107902,40.53747614761022,0.0 -111.5126968768812,40.53614542626576,0.0 -111.51618521312191,40.53612989500509,0.0 -111.51619542633236,40.53746061562401,0.0 -111.52491642749851,40.537421324919436,0.0 -111.5249268139327,40.53875204339337,0.0 -111.52667104660425,40.53874410589809,0.0 -111.5266606256618,40.53741338779491,0.0 -111.52840482312973,40.537405424342595,0.0 -111.52841527858041,40.538736142073766,0.0 -111.53015950985886,40.53872815192046,0.0 -111.53020147669487,40.54405101825514,0.0 -111.52845710736071,40.5440590099015,0.0 -111.52846756630045,40.545389726084174,0.0 -111.52672316174862,40.54539769176869,0.0 -111.52673358686428,40.54672840801374,0.0 -111.52847802593816,40.546720441957135,0.0 -111.5284884862739,40.54805115752038,0.0 -111.53197743137379,40.5480351456502,0.0 -111.53198796146074,40.5493658601558,0.0 -111.53547697280284,40.54934974218261,0.0 -111.53548757265007,40.55068045562562,0.0 -111.5337430328028,40.55068852815863,0.0 -111.53375359882638,40.55201924166893,0.0 -111.54945474256944,40.551945637198536,0.0 -111.5494656200964,40.55327634696107,0.0 -111.54248720301536,40.553309325009906,0.0 -111.54249794312705,40.554640036002894,0.0 -111.54947649834929,40.5546070564137,0.0 -111.54948737732819,40.55593776555642,0.0 -111.55472138974226,40.555912753090674,0.0 -111.55474335712348,40.5585741681098,0.0 -111.55299861796705,40.55858253272428,0.0 -111.55300956821297,40.559913240159595,0.0 -111.5460304661249,40.55994643669752,0.0 -111.54604127891476,40.56127714537341,0.0 -111.54429646703612,40.56128537902159,0.0 -111.54428568879311,40.55995466996116,0.0 -111.54079613197393,40.55997105744322,0.0 -111.5407747158197,40.55730963686203,0.0 -111.53379586997269,40.557342092612416,0.0 -111.53378530112822,40.5560113803412,0.0 -111.53029594304402,40.556027449389205,0.0 -111.53026444795661,40.55203530846545,0.0</coordinates>
                                </LinearRing>
                            </outerBoundaryIs>
                        </Polygon>
                        <Polygon>
                            <outerBoundaryIs>
                                <LinearRing>
                                    <coordinates>-111.47284287123381,40.573576771203975,0.0 -111.47286160791411,40.57623821224343,0.0 -111.46239027683022,40.57628060037755,0.0 -111.46237195502978,40.57361915537903,0.0 -111.46760741591427,40.573598081920494,0.0 -111.46761668022548,40.57492880359017,0.0 -111.4693618671922,40.574921726049425,0.0 -111.46935256830886,40.57359100471028,0.0 -111.47284287123381,40.573576771203975,0.0</coordinates>
                                </LinearRing>
                            </outerBoundaryIs>
                        </Polygon>
                        <Polygon>
                            <outerBoundaryIs>
                                <LinearRing>
                                    <coordinates>-111.4711350576427,40.57890678331175,0.0 -111.47288034709577,40.57889965204557,0.0 -111.47288971762472,40.58023037148266,0.0 -111.47638036381464,40.58021602918001,0.0 -111.47638980413612,40.58154674763795,0.0 -111.46766301105802,40.58158240729926,0.0 -111.4676537436545,40.58025168717602,0.0 -111.46590841775755,40.580258739670874,0.0 -111.46589918555398,40.57892801890898,0.0 -111.46938976756653,40.57891388821107,0.0 -111.46939906893286,40.58024460831303,0.0 -111.47114439359038,40.5802375030819,0.0 -111.4711350576427,40.57890678331175,0.0</coordinates>
                                </LinearRing>
                            </outerBoundaryIs>
                        </Polygon>
                        <Polygon>
                            <outerBoundaryIs>
                                <LinearRing>
                                    <coordinates>-111.52710935478562,40.59463398655883,0.0 -111.52187230040028,40.594657766658365,0.0 -111.52186195402118,40.593327060453454,0.0 -111.52709890459096,40.59330328146435,0.0 -111.52710935478562,40.59463398655883,0.0</coordinates>
                                </LinearRing>
                            </outerBoundaryIs>
                        </Polygon>
                        <Polygon>
                            <outerBoundaryIs>
                                <LinearRing>
                                    <coordinates>-111.46615792034876,40.61618808332832,0.0 -111.46613942324892,40.61352665819767,0.0 -111.46788561443199,40.613519597464816,0.0 -111.46787633216903,40.61218888476517,0.0 -111.4731147980734,40.61216754516938,0.0 -111.47310541251979,40.610836833156775,0.0 -111.47659765072017,40.61082247544176,0.0 -111.47660710554707,40.61215318678395,0.0 -111.48009941049578,40.612138722808176,0.0 -111.48010893523167,40.61346943316559,0.0 -111.47836274843525,40.61347667869056,0.0 -111.47837223916588,40.61480738907683,0.0 -111.48011846060346,40.61480014321355,0.0 -111.48012798661122,40.61613085295208,0.0 -111.47838173053016,40.6161380991537,0.0 -111.47839122252816,40.61746880892113,0.0 -111.47664493116757,40.617476029058594,0.0 -111.4766354738154,40.61614531895404,0.0 -111.47488921646928,40.61615251235313,0.0 -111.47489863917556,40.61748322279355,0.0 -111.47140605330648,40.6174975310558,0.0 -111.4713966998921,40.616166819947324,0.0 -111.46615792034876,40.61618808332832,0.0</coordinates>
                                </LinearRing>
                            </outerBoundaryIs>
                        </Polygon>
                        <Polygon>
                            <outerBoundaryIs>
                                <LinearRing>
                                    <coordinates>-111.48022328167731,40.6294379333177,0.0 -111.47847667903432,40.629445182903346,0.0 -111.4784671813309,40.628114475920874,0.0 -111.48021374930728,40.62810722667369,0.0 -111.48022328167731,40.6294379333177,0.0</coordinates>
                                </LinearRing>
                            </outerBoundaryIs>
                        </Polygon>
                        <Polygon>
                            <outerBoundaryIs>
                                <LinearRing>
                                    <coordinates>-111.46454994633451,40.636155772285825,0.0 -111.45930959958469,40.63617673352405,0.0 -111.45930048017303,40.63484602444644,0.0 -111.4645407228869,40.634825064186785,0.0 -111.46454994633451,40.636155772285825,0.0</coordinates>
                                </LinearRing>
                            </outerBoundaryIs>
                        </Polygon>
                        <Polygon>
                            <outerBoundaryIs>
                                <LinearRing>
                                    <coordinates>-111.50301893455855,40.64131759033311,0.0 -111.50302892425809,40.642648289368374,0.0 -111.5047758645661,40.64264066643752,0.0 -111.5047858896241,40.64397136480726,0.0 -111.50653286395405,40.6439637150938,0.0 -111.50654292437517,40.64529441279672,0.0 -111.50479591535156,40.645302062867295,0.0 -111.50480594174851,40.64663276061767,0.0 -111.49956480658177,40.646655553325594,0.0 -111.49955488427302,40.645324854511195,0.0 -111.49780787258533,40.64533239886979,0.0 -111.49775844442495,40.638678898392456,0.0 -111.50125212024584,40.63866378677506,0.0 -111.50127202827258,40.64132518648382,0.0 -111.50301893455855,40.64131759033311,0.0</coordinates>
                                </LinearRing>
                            </outerBoundaryIs>
                        </Polygon>
                        <Polygon>
                            <outerBoundaryIs>
                                <LinearRing>
                                    <coordinates>-111.45596091512004,40.65748188909854,0.0 -111.45770825437329,40.657474976117626,0.0 -111.45772644508442,40.66013638409394,0.0 -111.46122126064355,40.66012247751441,0.0 -111.46121209554342,40.658791774330076,0.0 -111.46295946768564,40.658784781703375,0.0 -111.46295026847953,40.65745407853609,0.0 -111.46469760528939,40.65744705979607,0.0 -111.4647160737543,40.66010846516596,0.0 -111.46821088439813,40.66009434704879,0.0 -111.46822949422484,40.66275574986296,0.0 -111.46997696806316,40.66274865047842,0.0 -111.4699956498323,40.66541005139206,0.0 -111.4682481065374,40.66541715143942,0.0 -111.46826672133619,40.668078551778144,0.0 -111.46477149395206,40.66809267385,0.0 -111.46478073281095,40.6694233742144,0.0 -111.4577901317107,40.66945130226646,0.0 -111.45778103179826,40.66812060059845,0.0 -111.45603341473468,40.6681275161614,0.0 -111.45600622283986,40.66413540833288,0.0 -111.45425870936728,40.66414229648146,0.0 -111.45423162709548,40.66015018490432,0.0 -111.45597903639252,40.66014329772028,0.0 -111.45596091512004,40.65748188909854,0.0</coordinates>
                                </LinearRing>
                            </outerBoundaryIs>
                        </Polygon>
                        <Polygon>
                            <outerBoundaryIs>
                                <LinearRing>
                                    <coordinates>-111.49621858588304,40.66663107192628,0.0 -111.49272344837806,40.66664603967817,0.0 -111.4927136550491,40.66531534410641,0.0 -111.49620872309195,40.66530037705318,0.0 -111.49621858588304,40.66663107192628,0.0</coordinates>
                                </LinearRing>
                            </outerBoundaryIs>
                        </Polygon>
                        <Polygon>
                            <outerBoundaryIs>
                                <LinearRing>
                                    <coordinates>-111.51753926879404,40.711782339081935,0.0 -111.517498061198,40.706459617052985,0.0 -111.51574945783914,40.70646744247447,0.0 -111.51573919246061,40.70513676082733,0.0 -111.51748776101938,40.705128935771015,0.0 -111.51747746152881,40.703798254179176,0.0 -111.5157289277678,40.70380607887031,0.0 -111.51571866376068,40.70247539660343,0.0 -111.51397016410948,40.70248319444854,0.0 -111.51394970773607,40.69982182825737,0.0 -111.51220127698569,40.69982959889624,0.0 -111.51214013295711,40.69184549071089,0.0 -111.51563657638184,40.69182992731344,0.0 -111.51562631854347,40.69049924225786,0.0 -111.52087087421226,40.690475699728175,0.0 -111.52086051274259,40.68914501546151,0.0 -111.52435681018765,40.68912918883206,0.0 -111.52436724120136,40.690459872360044,0.0 -111.52611542365192,40.69045191897157,0.0 -111.52610495786625,40.689121235814774,0.0 -111.52960125112402,40.689105250375235,0.0 -111.52959071649833,40.68777456765457,0.0 -111.53133882730339,40.68776653560727,0.0 -111.53132825861418,40.686435852951504,0.0 -111.53307633394618,40.6864277948133,0.0 -111.5330657311981,40.68509711222366,0.0 -111.5348137710572,40.68508902799704,0.0 -111.5348031342549,40.68375834547474,0.0 -111.53655113864114,40.6837502351622,0.0 -111.53651912822359,40.67975818687086,0.0 -111.5347712281104,40.679766296047866,0.0 -111.53476059414953,40.67843561228559,0.0 -111.53301272807919,40.6784436946258,0.0 -111.53300212957933,40.67711301017633,0.0 -111.53125429755192,40.67712106568221,0.0 -111.53124373450842,40.67579038054676,0.0 -111.52949593652406,40.67579840922079,0.0 -111.52948540893229,40.67446772340066,0.0 -111.52598988034906,40.67448370063514,0.0 -111.52597942294841,40.67315301375934,0.0 -111.52248396105959,40.67316888443403,0.0 -111.52247357384093,40.67183819650756,0.0 -111.51723048003603,40.67186180301581,0.0 -111.51722019772988,40.670531113677626,0.0 -111.51022953534546,40.67056221723597,0.0 -111.51018896873123,40.665239450978135,0.0 -111.511936496413,40.665231716209746,0.0 -111.51192632172436,40.663901024231926,0.0 -111.51367381399838,40.663893263379464,0.0 -111.51363298314844,40.65857049381945,0.0 -111.51538033585119,40.65856270797581,0.0 -111.51537009512627,40.657232015174785,0.0 -111.51362277714007,40.657239800655,0.0 -111.51361257181325,40.655909107180776,0.0 -111.51186528785982,40.655916865859886,0.0 -111.51185511792649,40.65458617171372,0.0 -111.51010786800592,40.65459390359418,0.0 -111.51009773346144,40.65326320877733,0.0 -111.50835051757382,40.6532709138616,0.0 -111.50834041841352,40.65194021837532,0.0 -111.506593236559,40.651947896665845,0.0 -111.5065731096696,40.6492865040473,0.0 -111.50482599655115,40.64929415518935,0.0 -111.50481596881504,40.647963458058356,0.0 -111.50831012497882,40.647948130058204,0.0 -111.50830002851579,40.64661743333308,0.0 -111.51004707088931,40.646609730047054,0.0 -111.51005720205053,40.64794042641257,0.0 -111.51180427844567,40.647932696336596,0.0 -111.51179411258632,40.64660200033194,0.0 -111.5170352335952,40.64657865261231,0.0 -111.51707631752409,40.65190143041235,0.0 -111.51882349529754,40.651893593517876,0.0 -111.51886472904474,40.65721636489775,0.0 -111.52061204497237,40.657208500100985,0.0 -111.52063273541191,40.65986988319774,0.0 -111.52238012008377,40.65986199122542,0.0 -111.5223905010609,40.66119268194064,0.0 -111.52413791976046,40.661184763157465,0.0 -111.52416917102859,40.665176832335014,0.0 -111.52591669320914,40.66516888599669,0.0 -111.52590624069622,40.66383819695162,0.0 -111.53639115067249,40.66378996580599,0.0 -111.53644446218765,40.67044339667446,0.0 -111.53819211836597,40.67043526369569,0.0 -111.53820281754452,40.6717659485598,0.0 -111.53645512662712,40.67177408191821,0.0 -111.53646579177887,40.673104766851964,0.0 -111.53821351743767,40.67309663311391,0.0 -111.53823491936794,40.675758001292124,0.0 -111.53998271380173,40.675749840338966,0.0 -111.53999345058727,40.67708052358213,0.0 -111.54523693382149,40.67705588083822,0.0 -111.54524777557572,40.67838656262113,0.0 -111.55049135654416,40.678361680604034,0.0 -111.55048041053888,40.677030999982456,0.0 -111.5539760580324,40.677014280461336,0.0 -111.5539870735381,40.67834496030251,0.0 -111.5557349309326,40.67833656046481,0.0 -111.55572388067678,40.677005881015695,0.0 -111.55921952374916,40.676989002754404,0.0 -111.5592751299564,40.68364239295895,0.0 -111.55577913933716,40.683659275159606,0.0 -111.5557901932839,40.684989953057865,0.0 -111.55404216210394,40.68499835485606,0.0 -111.55405318202497,40.68632903283629,0.0 -111.55055704793101,40.68634575782086,0.0 -111.5505679990552,40.68767643627155,0.0 -111.54881989614334,40.68768475945417,0.0 -111.54885264959158,40.691676794110855,0.0 -111.54710444163682,40.691685091988546,0.0 -111.54712621136149,40.694346447650254,0.0 -111.54537793312551,40.694354719829626,0.0 -111.54539963619519,40.69701607502307,0.0 -111.54365128767078,40.69702432149921,0.0 -111.5437162055329,40.70500838194634,0.0 -111.53672196924298,40.70504111225989,0.0 -111.53673265221909,40.70637178944322,0.0 -111.53498405655725,40.70637990619304,0.0 -111.53500535504455,40.70904126038716,0.0 -111.53150802237684,40.70905741594185,0.0 -111.53156093293447,40.715710799771486,0.0 -111.52981209148278,40.715718839694425,0.0 -111.52980154277326,40.714388163173346,0.0 -111.52805273543282,40.71439617622937,0.0 -111.52806324932635,40.715726853124394,0.0 -111.52456556290852,40.71574280050523,0.0 -111.52458645352466,40.71840415485375,0.0 -111.52283753962863,40.71841208954509,0.0 -111.52282712879246,40.71708141215555,0.0 -111.52107824902174,40.717089319982286,0.0 -111.5210678736996,40.71575864191377,0.0 -111.51931902805428,40.71576652287836,0.0 -111.51928801068819,40.71177448571006,0.0 -111.51753926879404,40.711782339081935,0.0</coordinates>
                                </LinearRing>
                            </outerBoundaryIs>
                        </Polygon>
                        <Polygon>
                            <outerBoundaryIs>
                                <LinearRing>
                                    <coordinates>-111.46849029298383,40.700015259293274,0.0 -111.46674184528594,40.700022341482814,0.0 -111.46670469759657,40.69469956795377,0.0 -111.4649563884239,40.69470662234706,0.0 -111.46491938976727,40.68938384254969,0.0 -111.46841572927558,40.68936970992747,0.0 -111.4684250475602,40.690700404681365,0.0 -111.47366965646933,40.69067900622975,0.0 -111.47367907970386,40.69200969967547,0.0 -111.47542731619356,40.69200251358196,0.0 -111.47546515455294,40.697325282927906,0.0 -111.47896190388632,40.697310828627835,0.0 -111.47900956397459,40.70396427997235,0.0 -111.48075811164671,40.70395701141159,0.0 -111.48076768037359,40.705287700412555,0.0 -111.47901909790265,40.705294969312526,0.0 -111.47903816766957,40.70795634706416,0.0 -111.477289514957,40.70796359015621,0.0 -111.47730851765796,40.71062496734556,0.0 -111.47381107110282,40.710639375414964,0.0 -111.47380163905144,40.70930868630271,0.0 -111.47205294963581,40.70931585026963,0.0 -111.47204355302051,40.70798516051352,0.0 -111.47029489778315,40.70799229765959,0.0 -111.4702761760407,40.70533091655262,0.0 -111.46852758978314,40.70533802654848,0.0 -111.46849029298383,40.700015259293274,0.0</coordinates>
                                </LinearRing>
                            </outerBoundaryIs>
                        </Polygon>
                        <Polygon>
                            <outerBoundaryIs>
                                <LinearRing>
                                    <coordinates>-111.34754697358193,39.96450042600228,0.0 -111.34927656680493,39.964495227697334,0.0 -111.34926979462821,39.96316434556294,0.0 -111.3509993538672,39.96315912169821,0.0 -111.35101296574051,39.965820885169805,0.0 -111.34755371267306,39.96583130807292,0.0 -111.34754697358193,39.96450042600228,0.0</coordinates>
                                </LinearRing>
                            </outerBoundaryIs>
                        </Polygon>
                        <Polygon>
                            <outerBoundaryIs>
                                <LinearRing>
                                    <coordinates>-111.39943456532046,39.964333251912606,0.0 -111.3994423104742,39.96566412614658,0.0 -111.39598308437597,39.965675994161835,0.0 -111.39597540629204,39.96434511937155,0.0 -111.39943456532046,39.964333251912606,0.0</coordinates>
                                </LinearRing>
                            </outerBoundaryIs>
                        </Polygon>
                        <Polygon>
                            <outerBoundaryIs>
                                <LinearRing>
                                    <coordinates>-111.3666649145747,39.98174323261268,0.0 -111.36320486459215,39.98175412614544,0.0 -111.36319781805804,39.98042325000197,0.0 -111.36665780091583,39.980412356979805,0.0 -111.3666649145747,39.98174323261268,0.0</coordinates>
                                </LinearRing>
                            </outerBoundaryIs>
                        </Polygon>
                        <Polygon>
                            <outerBoundaryIs>
                                <LinearRing>
                                    <coordinates>-111.3701321439259,39.983063110609095,0.0 -111.36840208655396,39.98306862218423,0.0 -111.36838779163627,39.98040687174026,0.0 -111.3701177818814,39.980401360681746,0.0 -111.3701321439259,39.983063110609095,0.0</coordinates>
                                </LinearRing>
                            </outerBoundaryIs>
                        </Polygon>
                        <Polygon>
                            <outerBoundaryIs>
                                <LinearRing>
                                    <coordinates>-111.43588240701104,39.984165401123605,0.0 -111.43591624162536,39.98948885319826,0.0 -111.43418603612237,39.98949534749078,0.0 -111.43415233579151,39.98417189419871,0.0 -111.43588240701104,39.984165401123605,0.0</coordinates>
                                </LinearRing>
                            </outerBoundaryIs>
                        </Polygon>
                        <Polygon>
                            <outerBoundaryIs>
                                <LinearRing>
                                    <coordinates>-111.38948031657505,40.03889712049892,0.0 -111.38774885286878,40.03890292752598,0.0 -111.38774131493612,40.03757206829145,0.0 -111.39120417452895,40.03756042891074,0.0 -111.39122699179278,40.04155300405478,0.0 -111.38949546126757,40.041558837500425,0.0 -111.38948031657505,40.03889712049892,0.0</coordinates>
                                </LinearRing>
                            </outerBoundaryIs>
                        </Polygon>
                        <Polygon>
                            <outerBoundaryIs>
                                <LinearRing>
                                    <coordinates>-111.39473610355715,40.04952639821497,0.0 -111.39127263998428,40.049538146031374,0.0 -111.39126503068694,40.048207289804864,0.0 -111.39472842690815,40.04819554253886,0.0 -111.39473610355715,40.04952639821497,0.0</coordinates>
                                </LinearRing>
                            </outerBoundaryIs>
                        </Polygon>
                        <Polygon>
                            <outerBoundaryIs>
                                <LinearRing>
                                    <coordinates>-111.33939307146463,40.06434142258912,0.0 -111.33938646762832,40.06301056207206,0.0 -111.3376543840428,40.06301562306865,0.0 -111.33764781434522,40.06168476200693,0.0 -111.33591576402198,40.06168979687321,0.0 -111.33589615863634,40.05769721113511,0.0 -111.33762810787489,40.05769217697638,0.0 -111.33762153992548,40.05636131468444,0.0 -111.33935345503663,40.056356254873194,0.0 -111.33936005667643,40.05768711692809,0.0 -111.34455590043665,40.05767178144596,0.0 -111.34456930719608,40.06033350319614,0.0 -111.34630132161446,40.06032833910591,0.0 -111.34631479755421,40.06299005914182,0.0 -111.34804687892044,40.062984868673375,0.0 -111.34805365126424,40.06431572798675,0.0 -111.3497857658813,40.06431051137963,0.0 -111.34981299459098,40.06963394457928,0.0 -111.34634849525011,40.06964435384834,0.0 -111.34634175481405,40.068313495522276,0.0 -111.34460953818017,40.06831866106423,0.0 -111.34460283190079,40.066987802188564,0.0 -111.3428706485289,40.06699294159056,0.0 -111.34285730471838,40.0643312224349,0.0 -111.33939307146463,40.06434142258912,0.0</coordinates>
                                </LinearRing>
                            </outerBoundaryIs>
                        </Polygon>
                        <Polygon>
                            <outerBoundaryIs>
                                <LinearRing>
                                    <coordinates>-111.31866965250305,40.07770906418725,0.0 -111.3169371929749,40.077713816897884,0.0 -111.31693102315793,40.07638295646791,0.0 -111.31866344896166,40.0763782039799,0.0 -111.31866965250305,40.07770906418725,0.0</coordinates>
                                </LinearRing>
                            </outerBoundaryIs>
                        </Polygon>
                        <Polygon>
                            <outerBoundaryIs>
                                <LinearRing>
                                    <coordinates>-111.32559948646512,40.07768979426511,0.0 -111.32040211161838,40.077704285568636,0.0 -111.32039587435261,40.07637342558513,0.0 -111.32559314802643,40.076358934960396,0.0 -111.32559948646512,40.07768979426511,0.0</coordinates>
                                </LinearRing>
                            </outerBoundaryIs>
                        </Polygon>
                        <Polygon>
                            <outerBoundaryIs>
                                <LinearRing>
                                    <coordinates>-111.35882364796738,40.136149905703526,0.0 -111.35881664830653,40.13481906449288,0.0 -111.35708274659831,40.13482442386449,0.0 -111.35706881631263,40.13216274001786,0.0 -111.36053648398654,40.132151996321106,0.0 -111.3605575830322,40.13614452012,0.0 -111.35882364796738,40.136149905703526,0.0</coordinates>
                                </LinearRing>
                            </outerBoundaryIs>
                        </Polygon>
                        <Polygon>
                            <outerBoundaryIs>
                                <LinearRing>
                                    <coordinates>-111.31719669639917,40.13360967726568,0.0 -111.3206644519483,40.13360012716935,0.0 -111.32067070708895,40.134930973927986,0.0 -111.31893679570042,40.13493576217984,0.0 -111.3189430174342,40.13626660885507,0.0 -111.31720907180822,40.13627137136974,0.0 -111.31719669639917,40.13360967726568,0.0</coordinates>
                                </LinearRing>
                            </outerBoundaryIs>
                        </Polygon>
                        <Polygon>
                            <outerBoundaryIs>
                                <LinearRing>
                                    <coordinates>-111.3172152601306,40.137602217960364,0.0 -111.32068321861945,40.13759266652239,0.0 -111.32068947500935,40.13892351235818,0.0 -111.32242348745798,40.138918697469805,0.0 -111.32242977809433,40.14024954277251,0.0 -111.31722763801118,40.14026391021886,0.0 -111.3172152601306,40.137602217960364,0.0</coordinates>
                                </LinearRing>
                            </outerBoundaryIs>
                        </Polygon>
                        <Polygon>
                            <outerBoundaryIs>
                                <LinearRing>
                                    <coordinates>-111.3623056536519,40.13880078906216,0.0 -111.362319791557,40.14146246831748,0.0 -111.35538350911975,40.14148396275515,0.0 -111.35536964185795,40.13882228148701,0.0 -111.3623056536519,40.13880078906216,0.0</coordinates>
                                </LinearRing>
                            </outerBoundaryIs>
                        </Polygon>
                        <Polygon>
                            <outerBoundaryIs>
                                <LinearRing>
                                    <coordinates>-111.34169099661527,40.17745833467411,0.0 -111.34342598586416,40.177453201255986,0.0 -111.34341927677606,40.176122367371114,0.0 -111.34168432141989,40.17612750054894,0.0 -111.34165095210862,40.169473325306285,0.0 -111.33991616573798,40.16947843129112,0.0 -111.33990952708784,40.1681475950802,0.0 -111.34164427957926,40.1681424893344,0.0 -111.3416376074941,40.166811653054744,0.0 -111.34337232566436,40.166806521558826,0.0 -111.34337903162645,40.16813735759825,0.0 -111.34858328508017,40.168121806447786,0.0 -111.34859009312609,40.16945264145135,0.0 -111.35205966092421,40.169442143574784,0.0 -111.35206653718599,40.170772977779045,0.0 -111.35380135428073,40.170767689605995,0.0 -111.35384282480165,40.17875268688138,0.0 -111.35210780437208,40.17875797654001,0.0 -111.35213532498952,40.184081302890306,0.0 -111.35040016850009,40.18408656753467,0.0 -111.35040701589367,40.18541739859904,0.0 -111.34693663373707,40.18542785036238,0.0 -111.34694341376978,40.18675868160817,0.0 -111.34520818810476,40.18676386872345,0.0 -111.34522168170088,40.18942553077717,0.0 -111.34348638776291,40.18943069236831,0.0 -111.34347296199056,40.18676902983138,0.0 -111.34173773542939,40.18677416493194,0.0 -111.34173105712216,40.18544333296137,0.0 -111.33999586402489,40.18544844181536,0.0 -111.33998257655468,40.182786776472526,0.0 -111.34171770184162,40.182781668096816,0.0 -111.34169099661527,40.17745833467411,0.0</coordinates>
                                </LinearRing>
                            </outerBoundaryIs>
                        </Polygon>
                        <Polygon>
                            <outerBoundaryIs>
                                <LinearRing>
                                    <coordinates>-111.39899996364456,40.18659097482649,0.0 -111.39726475250535,40.18659694215308,0.0 -111.39728028078142,40.1892585885783,0.0 -111.40075083818363,40.1892466267986,0.0 -111.40074300596336,40.18791580429997,0.0 -111.40247824997151,40.18790978467822,0.0 -111.40248611610357,40.189240606895055,0.0 -111.40422139349975,40.18923456098242,0.0 -111.40424509678765,40.19322702493485,0.0 -111.40077433797367,40.193239092445516,0.0 -111.4007586709254,40.19057744898906,0.0 -111.39728804569494,40.1905894113287,0.0 -111.3972958111255,40.19192023377097,0.0 -111.39556046381712,40.19192617620339,0.0 -111.39551408245342,40.183941235259006,0.0 -111.39898436962373,40.183929327727405,0.0 -111.39899996364456,40.18659097482649,0.0</coordinates>
                                </LinearRing>
                            </outerBoundaryIs>
                        </Polygon>
                        <Polygon>
                            <outerBoundaryIs>
                                <LinearRing>
                                    <coordinates>-111.42045581972017,40.28898954849914,0.0 -111.42043932759266,40.28632795578196,0.0 -111.4221770812665,40.28632162820096,0.0 -111.42218536113447,40.28765242441776,0.0 -111.42392314833556,40.287646070441674,0.0 -111.42393146283632,40.28897686605274,0.0 -111.42045581972017,40.28898954849914,0.0</coordinates>
                                </LinearRing>
                            </outerBoundaryIs>
                        </Polygon>
                        <Polygon>
                            <outerBoundaryIs>
                                <LinearRing>
                                    <coordinates>-111.42220192252543,40.29031401592594,0.0 -111.42915334065482,40.29028844103482,0.0 -111.42916175852038,40.29161923512977,0.0 -111.43089964574186,40.29161277585128,0.0 -111.43092500497407,40.2956051553784,0.0 -111.43266299390247,40.29559866908709,0.0 -111.43268846049457,40.29959104492702,0.0 -111.42921227749342,40.29960399322035,0.0 -111.42918701548243,40.29561161556345,0.0 -111.42744902542978,40.29561804964222,0.0 -111.42743225507664,40.292956462393,0.0 -111.42569433264782,40.29296286976597,0.0 -111.4256859823971,40.291632075378885,0.0 -111.42221020404851,40.291644811217324,0.0 -111.42220192252543,40.29031401592594,0.0</coordinates>
                                </LinearRing>
                            </outerBoundaryIs>
                        </Polygon>
                        <Polygon>
                            <outerBoundaryIs>
                                <LinearRing>
                                    <coordinates>-111.35094940355249,40.29055207966695,0.0 -111.35790090527806,40.29053078549054,0.0 -111.35790792560327,40.2918615909228,0.0 -111.36138374184296,40.29185078671515,0.0 -111.36139083081463,40.29318159133388,0.0 -111.36312877231646,40.29317614982024,0.0 -111.36313589585204,40.294506953876315,0.0 -111.3648738709708,40.2945014860022,0.0 -111.36488102907482,40.295832289494356,0.0 -111.36314301986225,40.29583775762427,0.0 -111.36315726930674,40.2984993641958,0.0 -111.35968111307079,40.29851022315006,0.0 -111.35969522800703,40.30117182950509,0.0 -111.35274263709553,40.30119323610056,0.0 -111.35274955884776,40.30252403981727,0.0 -111.34927319240494,40.30253458693553,0.0 -111.34925948577884,40.299872978207304,0.0 -111.34752137007997,40.29987821210664,0.0 -111.34748728198672,40.2932241836712,0.0 -111.34922522720363,40.29321895099592,0.0 -111.34921837685803,40.29188814462954,0.0 -111.35095628752896,40.291882886095394,0.0 -111.35094940355249,40.29055207966695,0.0</coordinates>
                                </LinearRing>
                            </outerBoundaryIs>
                        </Polygon>
                        <Polygon>
                            <outerBoundaryIs>
                                <LinearRing>
                                    <coordinates>-111.37009505384174,40.29581572846195,0.0 -111.37010231471072,40.29714653087125,0.0 -111.37184035609779,40.29714095805228,0.0 -111.37184765154878,40.298471759892706,0.0 -111.37358572654797,40.298466160703555,0.0 -111.37360038711145,40.30112776293604,0.0 -111.37012410022061,40.30113893625015,0.0 -111.37013136302501,40.30246973742678,0.0 -111.36839318474755,40.30247528517544,0.0 -111.36838595604819,40.3011444837393,0.0 -111.36664781139415,40.30115000511648,0.0 -111.36662623048744,40.29715759818433,0.0 -111.36836427283986,40.29715207758194,0.0 -111.36835704606683,40.29582127491317,0.0 -111.37009505384174,40.29581572846195,0.0</coordinates>
                                </LinearRing>
                            </outerBoundaryIs>
                        </Polygon>
                        <Polygon>
                            <outerBoundaryIs>
                                <LinearRing>
                                    <coordinates>-111.43983073334276,40.32884214600491,0.0 -111.43461421254224,40.32886186287737,0.0 -111.43459714104485,40.32620029348022,0.0 -111.43981345695822,40.326180578452,0.0 -111.43983073334276,40.32884214600491,0.0</coordinates>
                                </LinearRing>
                            </outerBoundaryIs>
                        </Polygon>
                        <Polygon>
                            <outerBoundaryIs>
                                <LinearRing>
                                    <coordinates>-111.30437312929455,40.367871515782575,0.0 -111.30263326031478,40.36787608166758,0.0 -111.30260350384492,40.361222102055414,0.0 -111.30434320175817,40.3612175372378,0.0 -111.30433721744772,40.35988674060506,0.0 -111.30607688075564,40.35988214983444,0.0 -111.30607086263991,40.35855135310846,0.0 -111.3095501196418,40.35854209350088,0.0 -111.30955620616575,40.359872889793856,0.0 -111.31651485209917,40.35985405571579,0.0 -111.3165273000237,40.36251564561641,0.0 -111.31478757074213,40.36252039382953,0.0 -111.31480614310144,40.3665127770367,0.0 -111.31306631076787,40.36651749974347,0.0 -111.31308478418164,40.370509880841304,0.0 -111.31134484877768,40.370514578034445,0.0 -111.31133872478489,40.36918378442353,0.0 -111.30785892119916,40.36919309984563,0.0 -111.30785286605465,40.367862305491165,0.0 -111.30611299787526,40.36786692372377,0.0 -111.30610697735217,40.3665361288454,0.0 -111.30436714298929,40.366540720689486,0.0 -111.30437312929455,40.367871515782575,0.0</coordinates>
                                </LinearRing>
                            </outerBoundaryIs>
                        </Polygon>
                        <Polygon>
                            <outerBoundaryIs>
                                <LinearRing>
                                    <coordinates>-111.48883498460677,40.37256216327222,0.0 -111.48885421804715,40.3752236909174,0.0 -111.48189413695127,40.37525290285207,0.0 -111.48190361771397,40.376583667576895,0.0 -111.47842350490524,40.37659811714683,0.0 -111.47848940859656,40.385913466297005,0.0 -111.48022970498931,40.38590625224142,0.0 -111.48024860876343,40.38856777711413,0.0 -111.48198897302468,40.388560536192834,0.0 -111.4819984601097,40.38989129782706,0.0 -111.48373885799118,40.38988403037491,0.0 -111.48374837996364,40.391214791360284,0.0 -111.48722924232979,40.391200177195905,0.0 -111.48721006200469,40.3885386562825,0.0 -111.4906907847987,40.38852393872053,0.0 -111.4907101021384,40.39118545825771,0.0 -111.4924505310779,40.39117805949849,0.0 -111.49250870412975,40.39916260861484,0.0 -111.49076806961396,40.39917000944975,0.0 -111.49077773311447,40.40050076689973,0.0 -111.48903706368371,40.40050814187866,0.0 -111.48902743445396,40.399177384083906,0.0 -111.48728679865197,40.399184732517284,0.0 -111.48729639361092,40.40051549065559,0.0 -111.48033370694539,40.400544623742704,0.0 -111.48034316545123,40.40187538293384,0.0 -111.47512104100281,40.401896958635426,0.0 -111.47511168531707,40.40056619843565,0.0 -111.47337101019046,40.40057333759555,0.0 -111.47335236923023,40.39791181560141,0.0 -111.47161176202233,40.397918927894025,0.0 -111.47159319207854,40.39525740399881,0.0 -111.46985265278272,40.39526448942908,0.0 -111.46984340300146,40.39393372668671,0.0 -111.46810289735112,40.39394078558955,0.0 -111.46807525447986,40.38994849451856,0.0 -111.46633485098813,40.389955526238865,0.0 -111.46632567217932,40.38862476160187,0.0 -111.46284493186869,40.38863874581095,0.0 -111.46285404217117,40.38996951110178,0.0 -111.46111363685048,40.38997646424433,0.0 -111.46110456080125,40.38864569862843,0.0 -111.45762381685348,40.38865952568909,0.0 -111.4576148099113,40.38732875911783,0.0 -111.45239379224519,40.38734930231223,0.0 -111.45237598564833,40.3846877663222,0.0 -111.45411625697149,40.38468094541885,0.0 -111.45408051393572,40.37935787100815,0.0 -111.44886010907938,40.37937825134266,0.0 -111.44885127751526,40.37804748101497,0.0 -111.44711117561793,40.3780542217786,0.0 -111.44710237887557,40.37672345082696,0.0 -111.4453623106249,40.3767301650948,0.0 -111.44534478735862,40.37406862163726,0.0 -111.44360478698329,40.37407530909907,0.0 -111.44358733450335,40.371413763781085,0.0 -111.44010746891063,40.371427058926706,0.0 -111.44009881198673,40.3700962851829,0.0 -111.43835891254545,40.370102893183024,0.0 -111.43835029041819,40.368772118821525,0.0 -111.43661042462176,40.368778700339284,0.0 -111.43660183728655,40.36744792536134,0.0 -111.4331221724135,40.36746100926476,0.0 -111.43311365408093,40.36613023336631,0.0 -111.42441465307759,40.36616248360211,0.0 -111.42440630637775,40.364831705887,0.0 -111.42266653871192,40.364838077122904,0.0 -111.42265822677926,40.3635072988013,0.0 -111.42091849277026,40.36351364357056,0.0 -111.42089366291519,40.35952130586408,0.0 -111.41915403097352,40.359527623578266,0.0 -111.41912930868156,40.35553528220828,0.0 -111.41738977878924,40.35554157287482,0.0 -111.41737336839513,40.35288000983035,0.0 -111.41563390634369,40.35288627374957,0.0 -111.41562573615742,40.351555491471586,0.0 -111.41214687880418,40.35156794025076,0.0 -111.41213877753898,40.35023715708209,0.0 -111.41039938223959,40.35024334194567,0.0 -111.41039131570038,40.34891255817928,0.0 -111.41213067681373,40.34890637360492,0.0 -111.41212257662836,40.34757558981924,0.0 -111.41386190301807,40.34756937937991,0.0 -111.41385376919112,40.34623859557614,0.0 -111.41559306085729,40.346232359274296,0.0 -111.41557672647359,40.34357079132447,0.0 -111.41731594923948,40.34356452945541,0.0 -111.41730774868955,40.34223374531055,0.0 -111.42078612423039,40.34222114371046,0.0 -111.42073652240826,40.334236435897736,0.0 -111.42421448574768,40.33422373326587,0.0 -111.42423948915751,40.33821608677836,0.0 -111.42597857248413,40.33820969535305,0.0 -111.42598694223253,40.33954047894116,0.0 -111.42946517554499,40.33952761705277,0.0 -111.4294567374617,40.33819683406616,0.0 -111.43119581910813,40.338190364204635,0.0 -111.43120429135878,40.33952114688866,0.0 -111.43642163540312,40.339501579516934,0.0 -111.43641306065058,40.338170797747985,0.0 -111.44336937469632,40.33814434310528,0.0 -111.44336066385577,40.336813562264865,0.0 -111.44162162037428,40.33682021483225,0.0 -111.44160426875744,40.33415865160312,0.0 -111.44856016590069,40.334131886973495,0.0 -111.44857779080807,40.33679344769905,0.0 -111.45031683195386,40.33678669055597,0.0 -111.45033452754213,40.339448249414545,0.0 -111.45381274472535,40.3394346554254,0.0 -111.45383057935345,40.34209621177741,0.0 -111.45209140271737,40.34210302248211,0.0 -111.45210028674927,40.34343380051345,0.0 -111.45383949755899,40.34342698949024,0.0 -111.45384841635894,40.34475776689428,0.0 -111.45732690454463,40.34474406575739,0.0 -111.45737184928868,40.35139794494176,0.0 -111.45911126339729,40.3513910535355,0.0 -111.4591293138703,40.354052602402945,0.0 -111.45738983138052,40.35405949445375,0.0 -111.45739882332538,40.35539026874651,0.0 -111.45565930604222,40.35539713495876,0.0 -111.4556772233351,40.358058683259955,0.0 -111.45915639409186,40.35804492338778,0.0 -111.45916542203577,40.3593756964317,0.0 -111.46090504071353,40.3593687769271,0.0 -111.46093223077212,40.363361093235,0.0 -111.46267195146177,40.36335414659148,0.0 -111.46268105023282,40.36468491775154,0.0 -111.46094129533327,40.36469186471989,0.0 -111.46097755962067,40.370014947570716,0.0 -111.46271745138255,40.37000799930291,0.0 -111.46272655318658,40.37133876891854,0.0 -111.46098662720344,40.37134571751123,0.0 -111.46099569539066,40.37267648714285,0.0 -111.46621557418817,40.37265556185998,0.0 -111.46622474565727,40.37398633020426,0.0 -111.48362464382059,40.37391487444236,0.0 -111.48360561700656,40.37125334412669,0.0 -111.48534553492422,40.37124605525489,0.0 -111.4853550822371,40.37257682022644,0.0 -111.48883498460677,40.37256216327222,0.0</coordinates>
                                </LinearRing>
                            </outerBoundaryIs>
                        </Polygon>
                        <Polygon>
                            <outerBoundaryIs>
                                <LinearRing>
                                    <coordinates>-111.32879592930384,40.38111274796325,0.0 -111.32183510479783,40.38113232934245,0.0 -111.32182877209557,40.37980153953193,0.0 -111.3235689446207,40.379796683692945,0.0 -111.32356257810252,40.378465893801426,0.0 -111.32704285340121,40.37845610402733,0.0 -111.3270492883954,40.379786893461095,0.0 -111.32878945964039,40.379781959068275,0.0 -111.32879592930384,40.38111274796325,0.0</coordinates>
                                </LinearRing>
                            </outerBoundaryIs>
                        </Polygon>
                        <Polygon>
                            <outerBoundaryIs>
                                <LinearRing>
                                    <coordinates>-111.4541520095397,40.390004014887815,0.0 -111.4524116012164,40.39001083706688,0.0 -111.45240269643398,40.38868006984399,0.0 -111.45414307050382,40.388673247983874,0.0 -111.4541520095397,40.390004014887815,0.0</coordinates>
                                </LinearRing>
                            </outerBoundaryIs>
                        </Polygon>
                        <Polygon>
                            <outerBoundaryIs>
                                <LinearRing>
                                    <coordinates>-111.34977473662428,40.399682462064696,0.0 -111.34976784965555,40.39835168034873,0.0 -111.34628655822937,40.398362158233354,0.0 -111.34627974025888,40.39703137571933,0.0 -111.34453912813237,40.39703657511628,0.0 -111.34453234488376,40.39570579205097,0.0 -111.34279176657233,40.39571096500574,0.0 -111.34277152232802,40.39171861323521,0.0 -111.35147389539932,40.391692490134744,0.0 -111.35148081433303,40.39302327314509,0.0 -111.35322132183298,40.39301796969094,0.0 -111.35322827549058,40.394348752145106,0.0 -111.35496881678951,40.39434342224523,0.0 -111.3549758051756,40.39567420414197,0.0 -111.35845695490313,40.395663465246955,0.0 -111.35847107014602,40.39832502711151,0.0 -111.36021171284155,40.39831961785984,0.0 -111.36021880544045,40.39965039807682,0.0 -111.36195948193469,40.39964496236968,0.0 -111.36198086539729,40.40363730040851,0.0 -111.36024008607461,40.40364273687808,0.0 -111.36023299205695,40.40231195758595,0.0 -111.3550107540956,40.40232810900191,0.0 -111.35500376337953,40.400997328646426,0.0 -111.35326305073345,40.40100265979234,0.0 -111.35325609475743,40.39967187887937,0.0 -111.34977473662428,40.399682462064696,0.0</coordinates>
                                </LinearRing>
                            </outerBoundaryIs>
                        </Polygon>
                        <Polygon>
                            <outerBoundaryIs>
                                <LinearRing>
                                    <coordinates>-111.3114796799574,40.3997919595532,0.0 -111.30799830099004,40.39980128499818,0.0 -111.30798010889495,40.39580892226142,0.0 -111.31320186830156,40.39579489675651,0.0 -111.31322653649366,40.40111804383312,0.0 -111.31844870345589,40.401103779866105,0.0 -111.31845497436294,40.4024345651983,0.0 -111.3201957301275,40.4024297579093,0.0 -111.3202020357319,40.4037605427087,0.0 -111.32542440333158,40.40374596292727,0.0 -111.32543081220076,40.40507674673699,0.0 -111.32717163483052,40.40507183416683,0.0 -111.32718452242051,40.4077334004026,0.0 -111.32196184754245,40.407748060860015,0.0 -111.32195550639064,40.406417277210856,0.0 -111.31499207112228,40.40643645664548,0.0 -111.31498586752849,40.405105671791624,0.0 -111.31324504195548,40.40511040090619,0.0 -111.31323887305693,40.40377961552319,0.0 -111.31149808135426,40.4037843182099,0.0 -111.3114796799574,40.3997919595532,0.0</coordinates>
                                </LinearRing>
                            </outerBoundaryIs>
                        </Polygon>
                        <Polygon>
                            <outerBoundaryIs>
                                <LinearRing>
                                    <coordinates>-111.33416782899158,40.411705830431444,0.0 -111.33242683665338,40.41171084900585,0.0 -111.3324333852672,40.413041630040716,0.0 -111.33069235819734,40.41304662263456,0.0 -111.33068584387853,40.41171584136632,0.0 -111.32894485066936,40.41172080751282,0.0 -111.3289189348945,40.40639767842989,0.0 -111.33065979094637,40.40639271321193,0.0 -111.33066630352802,40.40772349571272,0.0 -111.33414808289855,40.407713486181734,0.0 -111.33416782899158,40.411705830431444,0.0</coordinates>
                                </LinearRing>
                            </outerBoundaryIs>
                        </Polygon>
                        <Polygon>
                            <outerBoundaryIs>
                                <LinearRing>
                                    <coordinates>-111.3481026089718,40.412995517016235,0.0 -111.34808889489418,40.41033395894948,0.0 -111.34982984890748,40.410328704696184,0.0 -111.34982295826434,40.408997925446066,0.0 -111.35504571466825,40.4089820061554,0.0 -111.35505270818149,40.4103127846613,0.0 -111.3585346120364,40.41030204024243,0.0 -111.3585628651181,40.41562514917401,0.0 -111.3603039535228,40.41561973663397,0.0 -111.36031105227205,40.4169505128431,0.0 -111.35856992956602,40.41695592563617,0.0 -111.358576994485,40.41828670179003,0.0 -111.35683583700427,40.41829208861636,0.0 -111.35684286808842,40.41962286471372,0.0 -111.35510167583291,40.41962822557086,0.0 -111.35508768274308,40.416966672566666,0.0 -111.35160543405416,40.41697731462286,0.0 -111.35159158003152,40.41431575939064,0.0 -111.34985052359376,40.41432104059706,0.0 -111.34984363157214,40.41299026227166,0.0 -111.3481026089718,40.412995517016235,0.0</coordinates>
                                </LinearRing>
                            </outerBoundaryIs>
                        </Polygon>
                        <Polygon>
                            <outerBoundaryIs>
                                <LinearRing>
                                    <coordinates>-111.30810145829093,40.422424621476665,0.0 -111.30636018521577,40.422429248570154,0.0 -111.30635414821332,40.42109846631939,0.0 -111.30809538697702,40.42109383944219,0.0 -111.30810145829093,40.422424621476665,0.0</coordinates>
                                </LinearRing>
                            </outerBoundaryIs>
                        </Polygon>
                        <Polygon>
                            <outerBoundaryIs>
                                <LinearRing>
                                    <coordinates>-111.31159014357061,40.423746069907864,0.0 -111.31333144973799,40.42374136392247,0.0 -111.31331910083001,40.42107980147403,0.0 -111.31506033796069,40.42107506970584,0.0 -111.31507896488115,40.425067412252794,0.0 -111.31159628432627,40.42507685088995,0.0 -111.31159014357061,40.423746069907864,0.0</coordinates>
                                </LinearRing>
                            </outerBoundaryIs>
                        </Polygon>
                        <Polygon>
                            <outerBoundaryIs>
                                <LinearRing>
                                    <coordinates>-111.35166086862418,40.42762352322102,0.0 -111.35165393768561,40.426292748225215,0.0 -111.35339530243648,40.426287438569325,0.0 -111.35338833764258,40.42495666351343,0.0 -111.34816434495835,40.42497251305861,0.0 -111.34813690216811,40.41964940678893,0.0 -111.35161928992447,40.41963886862204,0.0 -111.35164007719493,40.423631197308765,0.0 -111.35686396415409,40.42361519115601,0.0 -111.35687803054257,40.42627674057602,0.0 -111.35861939389324,40.42627135223865,0.0 -111.3586405999596,40.43026367330067,0.0 -111.36038206580469,40.43025825797686,0.0 -111.36038916976275,40.43158903079444,0.0 -111.3638721686824,40.43157812094458,0.0 -111.36387934177168,40.43290889294384,0.0 -111.36213780822116,40.432914361240364,0.0 -111.3621449474578,40.43424513318688,0.0 -111.35866181026873,40.4342559915878,0.0 -111.35864766959118,40.431594446371385,0.0 -111.35516466783594,40.43160519882919,0.0 -111.3551506663458,40.42894365137433,0.0 -111.35340923341762,40.42894898775625,0.0 -111.35340226769482,40.42761821331693,0.0 -111.35166086862418,40.42762352322102,0.0</coordinates>
                                </LinearRing>
                            </outerBoundaryIs>
                        </Polygon>
                        <Polygon>
                            <outerBoundaryIs>
                                <LinearRing>
                                    <coordinates>-111.36389368938534,40.435570436017315,0.0 -111.36737689237738,40.43555941969497,0.0 -111.36738413557288,40.43689019025424,0.0 -111.369125770681,40.43688464248036,0.0 -111.36914032719898,40.43954618215511,0.0 -111.3708820304995,40.439540607623364,0.0 -111.37088934382889,40.44087137673756,0.0 -111.36914760618606,40.44087695152988,0.0 -111.36915488565859,40.44220772059625,0.0 -111.3656713402296,40.44221879197687,0.0 -111.36566412944636,40.44088802239304,0.0 -111.36392239035408,40.44089351846386,0.0 -111.36391521439413,40.439562748314785,0.0 -111.36217350916571,40.439568217889416,0.0 -111.3621592273594,40.43690667615485,0.0 -111.36390086390979,40.4369012070915,0.0 -111.36389368938534,40.435570436017315,0.0</coordinates>
                                </LinearRing>
                            </outerBoundaryIs>
                        </Polygon>
                        <Polygon>
                            <outerBoundaryIs>
                                <LinearRing>
                                    <coordinates>-111.32739095777652,40.45031829254649,0.0 -111.32564896821839,40.450323212930215,0.0 -111.32563612181463,40.44766166595626,0.0 -111.32389420054425,40.44766655963295,0.0 -111.32388142456088,40.445005010968856,0.0 -111.32213957157153,40.44500987794345,0.0 -111.32212686599003,40.44234832759177,0.0 -111.32038508127495,40.4423531678692,0.0 -111.32037876346521,40.44102239200492,0.0 -111.31863701267437,40.441027205815075,0.0 -111.31862444700315,40.438365652712115,0.0 -111.31688276447761,40.438370439833704,0.0 -111.31687026915745,40.435708885050744,0.0 -111.31512865489049,40.43571364548868,0.0 -111.31511622990286,40.433052089028294,0.0 -111.31337468388776,40.4330568227875,0.0 -111.31336850634499,40.431726043873894,0.0 -111.32033455059228,40.43170695232713,0.0 -111.32032823615219,40.430376173997786,0.0 -111.31858676004356,40.430380986008274,0.0 -111.31858048034952,40.4290502071459,0.0 -111.32032192213319,40.42904539536035,0.0 -111.32031560853521,40.42771461641477,0.0 -111.31857420107423,40.42771942797542,0.0 -111.31856792221765,40.42638864849682,0.0 -111.32030929535823,40.42638383716107,0.0 -111.32030298260221,40.425053057599264,0.0 -111.31856164377974,40.42505786871012,0.0 -111.31855536576049,40.423727088615315,0.0 -111.32029667026714,40.42372227772935,0.0 -111.32029035835296,40.42239149755131,0.0 -111.32203162812522,40.42238666066635,0.0 -111.32203797435287,40.42371744061828,0.0 -111.32377927801544,40.42371257728214,0.0 -111.32378565898205,40.42504335669861,0.0 -111.32204432100374,40.425048220262084,0.0 -111.32205066807784,40.42637899959777,0.0 -111.32379204037419,40.42637413580695,0.0 -111.32379842219187,40.427704914607155,0.0 -111.32728123414624,40.4276951078846,0.0 -111.32730704028111,40.43301821817035,0.0 -111.32382395371869,40.43302802672663,0.0 -111.32383033766457,40.43435880398615,0.0 -111.32905506985908,40.43434405111176,0.0 -111.3290615572327,40.435674827373546,0.0 -111.32731994593013,40.43567977146426,0.0 -111.32733285330053,40.43834132352553,0.0 -111.32907453327793,40.43833637897261,0.0 -111.32908102194958,40.43966715430987,0.0 -111.33082273583508,40.439662183286124,0.0 -111.33081621282263,40.4383314081812,0.0 -111.33255789193232,40.43832641115132,0.0 -111.33256444928556,40.439657186022686,0.0 -111.33778958700394,40.43964203679435,0.0 -111.33780290908726,40.44230358419626,0.0 -111.34128646939199,40.44229335255617,0.0 -111.34130666194767,40.44628566991258,0.0 -111.33956477896926,40.44629079957284,0.0 -111.33955138551843,40.44362925449737,0.0 -111.33606775562785,40.44363943412908,0.0 -111.33605450134887,40.440977886869085,0.0 -111.33257100707611,40.44098796058582,0.0 -111.33259724261211,40.4463110557564,0.0 -111.33433912736335,40.44630603107918,0.0 -111.3343589116791,40.45029834851635,0.0 -111.33610089906081,40.45029329688508,0.0 -111.33613405354781,40.45694715193518,0.0 -111.33439189433655,40.45695220474706,0.0 -111.33441168921117,40.46094451478663,0.0 -111.33266942643453,40.460949542047686,0.0 -111.3326562981639,40.458288001859664,0.0 -111.33091410370201,40.458293002393994,0.0 -111.33090104592588,40.45563146050567,0.0 -111.329158919772,40.4556364343182,0.0 -111.32914593247185,40.45297489073213,0.0 -111.32740387461921,40.4529798378278,0.0 -111.32739095777652,40.45031829254649,0.0</coordinates>
                                </LinearRing>
                            </outerBoundaryIs>
                        </Polygon>
                        <Polygon>
                            <outerBoundaryIs>
                                <LinearRing>
                                    <coordinates>-111.40230400669924,40.45141264598481,0.0 -111.4023119429457,40.45274340742177,0.0 -111.40405398010724,40.45273733150931,0.0 -111.40407789512301,40.45672961311652,0.0 -111.40059361406983,40.45674174039052,0.0 -111.40058571060442,40.455410979596685,0.0 -111.39884360365511,40.455417003569956,0.0 -111.39883573508365,40.45408624218596,0.0 -111.40057780766611,40.45408021849421,0.0 -111.40056200337062,40.451418695363444,0.0 -111.40230400669924,40.45141264598481,0.0</coordinates>
                                </LinearRing>
                            </outerBoundaryIs>
                        </Polygon>
                        <Polygon>
                            <outerBoundaryIs>
                                <LinearRing>
                                    <coordinates>-111.34312299644644,40.460918984592475,0.0 -111.33963847489109,40.460929275447846,0.0 -111.33963177302743,40.45959850645506,0.0 -111.34311622582828,40.45958821608062,0.0 -111.34312299644644,40.460918984592475,0.0</coordinates>
                                </LinearRing>
                            </outerBoundaryIs>
                        </Polygon>
                        <Polygon>
                            <outerBoundaryIs>
                                <LinearRing>
                                    <coordinates>-111.34837039938681,40.464895652859404,0.0 -111.34662803705028,40.46490089092854,0.0 -111.34662119630909,40.46357012382745,0.0 -111.34836352426159,40.463564886003105,0.0 -111.34837039938681,40.464895652859404,0.0</coordinates>
                                </LinearRing>
                            </outerBoundaryIs>
                        </Polygon>
                        <Polygon>
                            <outerBoundaryIs>
                                <LinearRing>
                                    <coordinates>-111.33792288783467,40.46625745532961,0.0 -111.33791621856923,40.464926687331285,0.0 -111.33965858316427,40.46492158057652,0.0 -111.33964517720176,40.46226004413235,0.0 -111.34312976751622,40.46224975279604,0.0 -111.34315008343543,40.46624205555693,0.0 -111.33792288783467,40.46625745532961,0.0</coordinates>
                                </LinearRing>
                            </outerBoundaryIs>
                        </Polygon>
                        <Polygon>
                            <outerBoundaryIs>
                                <LinearRing>
                                    <coordinates>-111.28388779083203,40.045858364739196,0.0 -111.28215613229976,40.04586259452818,0.0 -111.28213967373092,40.04186997759821,0.0 -111.28733434520348,40.04185721238806,0.0 -111.28733993202812,40.04318808440719,0.0 -111.28907152211191,40.04318377738425,0.0 -111.28907714297709,40.04451464889431,0.0 -111.29080876635578,40.04451031579161,0.0 -111.29081442126599,40.045841186791364,0.0 -111.29254607793953,40.0458368276065,0.0 -111.29255176689924,40.0471676980947,0.0 -111.29428345686756,40.047163312825255,0.0 -111.29430062705096,40.05115592182952,0.0 -111.29256883604944,40.05116030771537,0.0 -111.2925745265233,40.05249117697427,0.0 -111.29084270146096,40.05249553718042,0.0 -111.29083704466935,40.05116466771724,0.0 -111.28910525291292,40.05116900183512,0.0 -111.28909963017767,40.049838131861556,0.0 -111.28563611290491,40.04984672204281,0.0 -111.2856305578994,40.04851585135949,0.0 -111.28389883238539,40.04852010742648,0.0 -111.28388779083203,40.045858364739196,0.0</coordinates>
                                </LinearRing>
                            </outerBoundaryIs>
                        </Polygon>
                        <Polygon>
                            <outerBoundaryIs>
                                <LinearRing>
                                    <coordinates>-111.30133917271993,40.076424563052576,0.0 -111.29614188213384,40.076437965589804,0.0 -111.29613611739568,40.075107102275595,0.0 -111.29440372015266,40.07511151776721,0.0 -111.29438079990314,40.069788060609284,0.0 -111.2995775858763,40.06977473891355,0.0 -111.29958341650743,40.07110560304003,0.0 -111.30131571143907,40.071101110462536,0.0 -111.30133917271993,40.076424563052576,0.0</coordinates>
                                </LinearRing>
                            </outerBoundaryIs>
                        </Polygon>
                        <Polygon>
                            <outerBoundaryIs>
                                <LinearRing>
                                    <coordinates>-111.25802329341808,40.07519825882706,0.0 -111.25803333942402,40.07785999368864,0.0 -111.25630086686161,40.07786383960932,0.0 -111.25629088830416,40.07520210438745,0.0 -111.25802329341808,40.07519825882706,0.0</coordinates>
                                </LinearRing>
                            </outerBoundaryIs>
                        </Polygon>
                        <Polygon>
                            <outerBoundaryIs>
                                <LinearRing>
                                    <coordinates>-111.23206880809133,40.08456930674601,0.0 -111.22860351585425,40.08457619703221,0.0 -111.22859461351803,40.08191445944686,0.0 -111.23205977081174,40.081907569806134,0.0 -111.23206880809133,40.08456930674601,0.0</coordinates>
                                </LinearRing>
                            </outerBoundaryIs>
                        </Polygon>
                        <Polygon>
                            <outerBoundaryIs>
                                <LinearRing>
                                    <coordinates>-111.22176363795828,40.11253785035303,0.0 -111.22003028123427,40.11254115621426,0.0 -111.22002599261396,40.11121029323902,0.0 -111.22175931555371,40.111206987532604,0.0 -111.22176363795828,40.11253785035303,0.0</coordinates>
                                </LinearRing>
                            </outerBoundaryIs>
                        </Polygon>
                        <Polygon>
                            <outerBoundaryIs>
                                <LinearRing>
                                    <coordinates>-111.18892559260962,40.14719862252366,0.0 -111.1889219057345,40.14586776495335,0.0 -111.18718769862448,40.14587058123964,0.0 -111.18718404583569,40.14453972323035,0.0 -111.19065239212854,40.14453406495171,0.0 -111.19065983331738,40.14719578013327,0.0 -111.18892559260962,40.14719862252366,0.0</coordinates>
                                </LinearRing>
                            </outerBoundaryIs>
                        </Polygon>
                        <Polygon>
                            <outerBoundaryIs>
                                <LinearRing>
                                    <coordinates>-111.2583000463806,40.14839551968211,0.0 -111.2600343092679,40.148391638230564,0.0 -111.26003938437037,40.149722488732465,0.0 -111.26524227253641,40.149710687987785,0.0 -111.2652474495237,40.15104153762979,0.0 -111.26698177874172,40.151037551913404,0.0 -111.26700262555579,40.15636094666101,0.0 -111.2652681609195,40.15636493312392,0.0 -111.2652629825535,40.15503408471147,0.0 -111.26352855143044,40.15503804500877,0.0 -111.26352340726486,40.15370719610352,0.0 -111.25658581479361,40.15372277677332,0.0 -111.25657079056664,40.14973022602489,0.0 -111.25830508763632,40.14972637036576,0.0 -111.2583000463806,40.14839551968211,0.0</coordinates>
                                </LinearRing>
                            </outerBoundaryIs>
                        </Polygon>
                        <Polygon>
                            <outerBoundaryIs>
                                <LinearRing>
                                    <coordinates>-111.27220601737358,40.15634883139136,0.0 -111.27047155378507,40.15635289579471,0.0 -111.27046627384533,40.155022047945835,0.0 -111.27220070357596,40.15501798373278,0.0 -111.27220601737358,40.15634883139136,0.0</coordinates>
                                </LinearRing>
                            </outerBoundaryIs>
                        </Polygon>
                        <Polygon>
                            <outerBoundaryIs>
                                <LinearRing>
                                    <coordinates>-111.21324656116843,40.160465004659045,0.0 -111.21325072489367,40.16179585687633,0.0 -111.21151611516119,40.16179903854297,0.0 -111.21151198530363,40.16046818617672,0.0 -111.21324656116843,40.160465004659045,0.0</coordinates>
                                </LinearRing>
                            </outerBoundaryIs>
                        </Polygon>
                        <Polygon>
                            <outerBoundaryIs>
                                <LinearRing>
                                    <coordinates>-111.22019776027912,40.164444572652314,0.0 -111.21846308392705,40.16444785856835,0.0 -111.21845881803094,40.163117007419686,0.0 -111.22019346051091,40.16311372165748,0.0 -111.22019776027912,40.164444572652314,0.0</coordinates>
                                </LinearRing>
                            </outerBoundaryIs>
                        </Polygon>
                        <Polygon>
                            <outerBoundaryIs>
                                <LinearRing>
                                    <coordinates>-111.22368021640399,40.16843047306377,0.0 -111.22021066130144,40.16843712379338,0.0 -111.22020636067435,40.16710627372026,0.0 -111.2184716165713,40.16710955994398,0.0 -111.21846735010716,40.1657787094098,0.0 -111.22193677027373,40.16577211128099,0.0 -111.22194110449108,40.16710296150626,0.0 -111.22367584801925,40.167099623302,0.0 -111.22368021640399,40.16843047306377,0.0</coordinates>
                                </LinearRing>
                            </outerBoundaryIs>
                        </Polygon>
                        <Polygon>
                            <outerBoundaryIs>
                                <LinearRing>
                                    <coordinates>-111.22542379892657,40.17108880699847,0.0 -111.22543260550557,40.173750504056116,0.0 -111.22369769285167,40.1737538690382,0.0 -111.2236933233034,40.172423020505484,0.0 -111.22022356490075,40.17242967216924,0.0 -111.22021496221484,40.16976797355926,0.0 -111.22715420678087,40.16975456750659,0.0 -111.22715864351393,40.171085416337554,0.0 -111.22542379892657,40.17108880699847,0.0</coordinates>
                                </LinearRing>
                            </outerBoundaryIs>
                        </Polygon>
                        <Polygon>
                            <outerBoundaryIs>
                                <LinearRing>
                                    <coordinates>-111.22550750879468,40.19637487941972,0.0 -111.23244946220575,40.19636114860571,0.0 -111.23245400663622,40.19769199080692,0.0 -111.23418952816648,40.197688492897264,0.0 -111.23419410683019,40.19901933462737,0.0 -111.22898743954185,40.19902975078935,0.0 -111.22898296267006,40.19769890857168,0.0 -111.22204087117862,40.19771243188268,0.0 -111.22203653031876,40.19638158872469,0.0 -111.22377201970237,40.196378247080716,0.0 -111.22376764520531,40.19504740377185,0.0 -111.22550310037141,40.19504403626848,0.0 -111.22550750879468,40.19637487941972,0.0</coordinates>
                                </LinearRing>
                            </outerBoundaryIs>
                        </Polygon>
                        <Polygon>
                            <outerBoundaryIs>
                                <LinearRing>
                                    <coordinates>-111.21512821892401,40.20704143669807,0.0 -111.21165669404958,40.20704783619417,0.0 -111.21164841589025,40.20438615204686,0.0 -111.21338411057981,40.20438296561053,0.0 -111.21337993797366,40.2030521232251,0.0 -111.21858691854645,40.20304240822446,0.0 -111.21858264440532,40.20171156598646,0.0 -111.22726076994964,40.20169485463805,0.0 -111.22728299205298,40.208349058843595,0.0 -111.22554719781688,40.20835245395154,0.0 -111.22553837597843,40.20569077287351,0.0 -111.2238026493394,40.205694141638105,0.0 -111.22380702616748,40.20702498248847,0.0 -111.2220712652927,40.20702832538399,0.0 -111.22207560846567,40.20835916608348,0.0 -111.2151324263105,40.20837227801127,0.0 -111.21512821892401,40.20704143669807,0.0</coordinates>
                                </LinearRing>
                            </outerBoundaryIs>
                        </Polygon>
                        <Polygon>
                            <outerBoundaryIs>
                                <LinearRing>
                                    <coordinates>-111.24464091775994,40.20831367622849,0.0 -111.24463613328334,40.206982837658096,0.0 -111.24637189019262,40.20697915641562,0.0 -111.24636707209062,40.20564831771014,0.0 -111.24810279473506,40.20564461061458,0.0 -111.24811249915017,40.20830628737111,0.0 -111.24464091775994,40.20831367622849,0.0</coordinates>
                                </LinearRing>
                            </outerBoundaryIs>
                        </Polygon>
                        <Polygon>
                            <outerBoundaryIs>
                                <LinearRing>
                                    <coordinates>-111.23943354329055,40.20832456430583,0.0 -111.23769775117404,40.20832814160922,0.0 -111.23769310248277,40.2069973023618,0.0 -111.2411646185112,40.206990122063225,0.0 -111.2411740519933,40.20965179957852,0.0 -111.23943822624004,40.209655403078436,0.0 -111.23943354329055,40.20832456430583,0.0</coordinates>
                                </LinearRing>
                            </outerBoundaryIs>
                        </Polygon>
                        <Polygon>
                            <outerBoundaryIs>
                                <LinearRing>
                                    <coordinates>-111.251608685471,40.2149529791603,0.0 -111.25334464479424,40.21494919274836,0.0 -111.25333473340906,40.212287520121976,0.0 -111.2550706244896,40.21228370803305,0.0 -111.25506563533911,40.21095287143711,0.0 -111.25680149213447,40.210949033496405,0.0 -111.25679646936557,40.209618196772645,0.0 -111.26026811404934,40.20961044316368,0.0 -111.2602782957286,40.21227211557793,0.0 -111.26201418546651,40.212268199363486,0.0 -111.26201931076979,40.2135990349261,0.0 -111.26375523412148,40.21359509249581,0.0 -111.26376039372342,40.214925927566426,0.0 -111.2654963506888,40.21492195891785,0.0 -111.26551193344191,40.21891446172745,0.0 -111.26377587459105,40.218918430933286,0.0 -111.26378103556762,40.220249264773926,0.0 -111.2620449424067,40.22025320812689,0.0 -111.26205006975836,40.22158404184457,0.0 -111.25510555784784,40.22159955559587,0.0 -111.25510056637098,40.22026872115214,0.0 -111.2516283763496,40.220276321432586,0.0 -111.25162345313818,40.21894548632569,0.0 -111.24988739160109,40.218949247231784,0.0 -111.24988250268181,40.217618411641425,0.0 -111.25161853025462,40.217614650911344,0.0 -111.251608685471,40.2149529791603,0.0</coordinates>
                                </LinearRing>
                            </outerBoundaryIs>
                        </Polygon>
                        <Polygon>
                            <outerBoundaryIs>
                                <LinearRing>
                                    <coordinates>-111.24641526755234,40.218956690931385,0.0 -111.24642008886404,40.2202875265627,0.0 -111.2446839923903,40.220291209528526,0.0 -111.24467920504523,40.21896037372485,0.0 -111.24641526755234,40.218956690931385,0.0</coordinates>
                                </LinearRing>
                            </outerBoundaryIs>
                        </Polygon>
                        <Polygon>
                            <outerBoundaryIs>
                                <LinearRing>
                                    <coordinates>-111.23947570106509,40.22030210219321,0.0 -111.23773960332957,40.220305681003786,0.0 -111.23773495185121,40.21897484452284,0.0 -111.23947101562001,40.218971265879745,0.0 -111.23947570106509,40.22030210219321,0.0</coordinates>
                                </LinearRing>
                            </outerBoundaryIs>
                        </Polygon>
                        <Polygon>
                            <outerBoundaryIs>
                                <LinearRing>
                                    <coordinates>-111.21170224363948,40.221687077033074,0.0 -111.20996610724943,40.22169023936851,0.0 -111.20995378322583,40.21769772238333,0.0 -111.21168981771466,40.217694560491864,0.0 -111.21169395941375,40.219025399646235,0.0 -111.21343002759156,40.21902221156896,0.0 -111.21343420353354,40.22035305026682,0.0 -111.21169810138868,40.2203562384933,0.0 -111.21170224363948,40.221687077033074,0.0</coordinates>
                                </LinearRing>
                            </outerBoundaryIs>
                        </Polygon>
                        <Polygon>
                            <outerBoundaryIs>
                                <LinearRing>
                                    <coordinates>-111.21170638616614,40.22301791526552,0.0 -111.2117105289687,40.22434875319066,0.0 -111.20997432463321,40.22435191582212,0.0 -111.2099702158045,40.22302107774896,0.0 -111.21170638616614,40.22301791526552,0.0</coordinates>
                                </LinearRing>
                            </outerBoundaryIs>
                        </Polygon>
                        <Polygon>
                            <outerBoundaryIs>
                                <LinearRing>
                                    <coordinates>-111.21522084618408,40.23631987459896,0.0 -111.21695735555097,40.23631663247418,0.0 -111.21696585093794,40.238978300967574,0.0 -111.21870242801701,40.23897503248328,0.0 -111.21870671013585,40.240305866116,0.0 -111.22044332093061,40.24030257142148,0.0 -111.22044763733784,40.241633404592626,0.0 -111.21697434745668,40.24163996823155,0.0 -111.2169785961405,40.2429708014025,0.0 -111.21524191676885,40.24297404428595,0.0 -111.2152377020905,40.24164321096326,0.0 -111.21176441051824,40.24164961825109,0.0 -111.21175611801215,40.238987950083995,0.0 -111.21349269593324,40.238984759767945,0.0 -111.2134885160957,40.23765392537269,0.0 -111.21522505973968,40.23765070915104,0.0 -111.21522084618408,40.23631987459896,0.0</coordinates>
                                </LinearRing>
                            </outerBoundaryIs>
                        </Polygon>
                        <Polygon>
                            <outerBoundaryIs>
                                <LinearRing>
                                    <coordinates>-111.1961345850334,40.24167716114697,0.0 -111.1978712333629,40.24167420505966,0.0 -111.19788285800433,40.24566670845708,0.0 -111.19614610765092,40.24566966495941,0.0 -111.19614226652257,40.24433883066256,0.0 -111.19440554992354,40.24434176096547,0.0 -111.19439793644808,40.24168009117564,0.0 -111.19266128760923,40.241682995145645,0.0 -111.19265751525529,40.2403521596539,0.0 -111.19613074467253,40.240346325928236,0.0 -111.1961345850334,40.24167716114697,0.0</coordinates>
                                </LinearRing>
                            </outerBoundaryIs>
                        </Polygon>
                        <Polygon>
                            <outerBoundaryIs>
                                <LinearRing>
                                    <coordinates>-111.22918022734835,40.256255675384566,0.0 -111.22917573763714,40.25492484638418,0.0 -111.22743875414413,40.2549282731283,0.0 -111.2274342987577,40.253597443660134,0.0 -111.23264514626018,40.25358708570062,0.0 -111.2326360322438,40.25092542681136,0.0 -111.23089915142143,40.25092890520837,0.0 -111.23089010665463,40.248267244763845,0.0 -111.23610054410261,40.248256732355884,0.0 -111.23609592012808,40.24692590216439,0.0 -111.24130625276119,40.24691515567914,0.0 -111.24130152705865,40.24558432568309,0.0 -111.24477501255339,40.2455770313849,0.0 -111.24477980627977,40.24690786103962,0.0 -111.24651658256123,40.24690417462508,0.0 -111.24652141062109,40.24823500379983,0.0 -111.24478460032547,40.24823869038687,0.0 -111.24478939469051,40.249569519426664,0.0 -111.2430525500591,40.2495731801206,0.0 -111.24304778971052,40.24824235090952,0.0 -111.2413109787785,40.24824598536776,0.0 -111.2413157051106,40.24957681474891,0.0 -111.23784201427137,40.24958400580859,0.0 -111.23784667288076,40.250914835218786,0.0 -111.23437291276267,40.2509219223474,0.0 -111.23437750364022,40.25225275178176,0.0 -111.23611441787438,40.2522492210857,0.0 -111.2361190430811,40.25358005004742,0.0 -111.23785599103054,40.253576493116796,0.0 -111.23786065057097,40.25490732160461,0.0 -111.23612366859592,40.254910878701686,0.0 -111.23612829441888,40.25624170704848,0.0 -111.23439127810781,40.25624523824021,0.0 -111.23440505532835,40.260237721931624,0.0 -111.230930817596,40.260244707080126,0.0 -111.23092629295272,40.258913879163615,0.0 -111.22918920766806,40.25891733246307,0.0 -111.22918471735866,40.25758650407754,0.0 -111.23092176861081,40.25758305093966,0.0 -111.23091724457028,40.256252222408264,0.0 -111.22918022734835,40.256255675384566,0.0</coordinates>
                                </LinearRing>
                            </outerBoundaryIs>
                        </Polygon>
                        <Polygon>
                            <outerBoundaryIs>
                                <LinearRing>
                                    <coordinates>-111.25351334049435,40.26019743922273,0.0 -111.25698756994773,40.26018977611435,0.0 -111.25698253478569,40.25885895076802,0.0 -111.25350837340116,40.25886661351784,0.0 -111.25349347410672,40.254874134558044,0.0 -111.25870440941266,40.254862602941074,0.0 -111.25869934156675,40.25353177654567,0.0 -111.26391017175854,40.25352001084586,0.0 -111.26390500218119,40.252189184693435,0.0 -111.25869427405843,40.25220094984272,0.0 -111.25868920688762,40.25087012283226,0.0 -111.26911045590994,40.25084635903464,0.0 -111.26911572720492,40.25217718493312,0.0 -111.27085263484692,40.252173132877296,0.0 -111.27085794051591,40.25350395827859,0.0 -111.27433182278307,40.25349577558059,0.0 -111.27434257128633,40.25615742469461,0.0 -111.27607957993648,40.256153293855505,0.0 -111.27609580747213,40.26014576463959,0.0 -111.2778329178575,40.260141607145485,0.0 -111.2778383617931,40.2614724299304,0.0 -111.2795755058522,40.26146824616546,0.0 -111.2795919419577,40.2654607120871,0.0 -111.26743121114755,40.26548945487292,0.0 -111.26742597038331,40.26415863186188,0.0 -111.25352824375932,40.2641899144922,0.0 -111.25352327567339,40.262859089709906,0.0 -111.25178609237351,40.26286288250606,0.0 -111.25178115865751,40.261532057238774,0.0 -111.25351830791841,40.26152826462008,0.0 -111.25351334049435,40.26019743922273,0.0</coordinates>
                                </LinearRing>
                            </outerBoundaryIs>
                        </Polygon>
                        <Polygon>
                            <outerBoundaryIs>
                                <LinearRing>
                                    <coordinates>-111.27265364191948,40.2681389369774,0.0 -111.26744169372347,40.26815109997222,0.0 -111.26743645226094,40.26682027757638,0.0 -111.2726482983135,40.26680811515062,0.0 -111.27265364191948,40.2681389369774,0.0</coordinates>
                                </LinearRing>
                            </outerBoundaryIs>
                        </Polygon>
                        <Polygon>
                            <outerBoundaryIs>
                                <LinearRing>
                                    <coordinates>-111.26399810728229,40.27614400837838,0.0 -111.26399293184723,40.2748131874548,0.0 -111.26225544411533,40.27481713838051,0.0 -111.26225030308431,40.27348631696449,0.0 -111.2692001156973,40.27347035747654,0.0 -111.2692106705847,40.27613199850759,0.0 -111.26399810728229,40.27614400837838,0.0</coordinates>
                                </LinearRing>
                            </outerBoundaryIs>
                        </Polygon>
                        <Polygon>
                            <outerBoundaryIs>
                                <LinearRing>
                                    <coordinates>-111.2379445753985,40.27886218180765,0.0 -111.23446938544241,40.278869275903276,0.0 -111.23446019175232,40.276207629025606,0.0 -111.23793524544716,40.27620053559375,0.0 -111.2379445753985,40.27886218180765,0.0</coordinates>
                                </LinearRing>
                            </outerBoundaryIs>
                        </Polygon>
                        <Polygon>
                            <outerBoundaryIs>
                                <LinearRing>
                                    <coordinates>-111.24838474826888,40.282832737240355,0.0 -111.24664705313153,40.28283645441099,0.0 -111.24663254480983,40.27884398994986,0.0 -111.25010773033513,40.27883653055953,0.0 -111.25009792347093,40.276174886745714,0.0 -111.25357297142905,40.276167323693436,0.0 -111.25358291455363,40.278828966799544,0.0 -111.25532050616717,40.278825145780964,0.0 -111.25532551229477,40.28015596669389,0.0 -111.25706313764324,40.28015211940295,0.0 -111.25704801806242,40.27615965628137,0.0 -111.26226058548885,40.27614795948895,0.0 -111.26227086926355,40.278809600783056,0.0 -111.26053327899764,40.27881352617104,0.0 -111.26054349600368,40.28147516660206,0.0 -111.26228115440857,40.28147124084677,0.0 -111.26229658469595,40.285463698635326,0.0 -111.2588210630947,40.285471525149525,0.0 -111.25883121534302,40.28813316286952,0.0 -111.25709338587221,40.28813703734145,0.0 -111.25708330178567,40.28547539925896,0.0 -111.2536077781622,40.28548306918242,0.0 -111.25361275187791,40.2868138887363,0.0 -111.25187495548816,40.286817684727886,0.0 -111.25187001585229,40.28548686499643,0.0 -111.24839449024746,40.28549437832891,0.0 -111.24838474826888,40.282832737240355,0.0</coordinates>
                                </LinearRing>
                            </outerBoundaryIs>
                        </Polygon>
                        <Polygon>
                            <outerBoundaryIs>
                                <LinearRing>
                                    <coordinates>-111.28142296685873,40.288080419559016,0.0 -111.28142848658382,40.28941123549011,0.0 -111.27969062760306,40.289415449469544,0.0 -111.2796961136097,40.2907462652901,0.0 -111.27795822017718,40.29075045336352,0.0 -111.27795276825681,40.28941963734706,0.0 -111.27447704847688,40.28942793479623,0.0 -111.27446628205739,40.28676630106394,0.0 -111.27794186550574,40.28675800439107,0.0 -111.27794731669967,40.2880888210229,0.0 -111.28142296685873,40.288080419559016,0.0</coordinates>
                                </LinearRing>
                            </outerBoundaryIs>
                        </Polygon>
                        <Polygon>
                            <outerBoundaryIs>
                                <LinearRing>
                                    <coordinates>-111.2710491801901,40.30141346785327,0.0 -111.27452551512272,40.301405271361816,0.0 -111.27453090209987,40.30273608499736,0.0 -111.27800730381028,40.302727783665745,0.0 -111.2780182152821,40.305389409237094,0.0 -111.28149475197891,40.305381002662415,0.0 -111.28150027648717,40.30671181459329,0.0 -111.27802367156333,40.30672022156122,0.0 -111.27802912820816,40.30805103357762,0.0 -111.27281411575368,40.30806344872656,0.0 -111.27280876145642,40.306732636129425,0.0 -111.27107045737088,40.30673672208312,0.0 -111.27105981807162,40.30407509558355,0.0 -111.26932158185664,40.30407915503956,0.0 -111.26931629684779,40.30274834113837,0.0 -111.27105449895366,40.30274428187225,0.0 -111.2710491801901,40.30141346785327,0.0</coordinates>
                                </LinearRing>
                            </outerBoundaryIs>
                        </Polygon>
                        <Polygon>
                            <outerBoundaryIs>
                                <LinearRing>
                                    <coordinates>-111.28501044417666,40.314688165888015,0.0 -111.27805641688694,40.3147050890439,0.0 -111.2780509584238,40.31337427856608,0.0 -111.28500484920502,40.313357356201756,0.0 -111.28501044417666,40.314688165888015,0.0</coordinates>
                                </LinearRing>
                            </outerBoundaryIs>
                        </Polygon>
                        <Polygon>
                            <outerBoundaryIs>
                                <LinearRing>
                                    <coordinates>-111.26941677226155,40.328033752647265,0.0 -111.26942206396605,40.32936456070235,0.0 -111.26768317889321,40.329368597628964,0.0 -111.26766215078678,40.32404536280722,0.0 -111.26940089926386,40.32404132663578,0.0 -111.26941148090972,40.32670294428449,0.0 -111.27462792909614,40.326690677820146,0.0 -111.27463332289805,40.32802148560921,0.0 -111.26941677226155,40.328033752647265,0.0</coordinates>
                                </LinearRing>
                            </outerBoundaryIs>
                        </Polygon>
                        <Polygon>
                            <outerBoundaryIs>
                                <LinearRing>
                                    <coordinates>-111.314731875942,40.35054322757749,0.0 -111.31299245404277,40.35054794763489,0.0 -111.31298630198178,40.34921714962412,0.0 -111.31124691386057,40.349221843304186,0.0 -111.3112407963954,40.34789104476598,0.0 -111.30254402064817,40.34791411973762,0.0 -111.30254996718388,40.349244919354966,0.0 -111.30081057665038,40.349249456095066,0.0 -111.30080466430063,40.34791865626558,0.0 -111.29558659290285,40.3479321089164,0.0 -111.2955749744812,40.34527050707557,0.0 -111.2938356849365,40.34527493856694,0.0 -111.2938241364197,40.342613335080216,0.0 -111.29208491484643,40.34261774000643,0.0 -111.29207343621609,40.339956134876346,0.0 -111.29033428260753,40.33996051324233,0.0 -111.29032287384527,40.337298906471396,0.0 -111.2885837881947,40.337303258282056,0.0 -111.2885781185495,40.33597245423133,0.0 -111.26770947191022,40.33602263423274,0.0 -111.26768843679574,40.330699405565134,0.0 -111.27290519341776,40.330687215799195,0.0 -111.27289983305143,40.32935640843313,0.0 -111.27637760070795,40.32934815160933,0.0 -111.27637217239433,40.3280173443217,0.0 -111.27811102152884,40.328013176896796,0.0 -111.27810555942702,40.32668236949633,0.0 -111.28506081570268,40.32666543921503,0.0 -111.28505521737445,40.32533463229867,0.0 -111.28853277498779,40.325326010744696,0.0 -111.2885157773836,40.321333589358616,0.0 -111.27808371465936,40.32135913681706,0.0 -111.27807825437722,40.32002832787789,0.0 -111.27286232048776,40.32004074825437,0.0 -111.2728516058261,40.317379128291,0.0 -111.27806733490448,40.31736670907635,0.0 -111.27806187571383,40.31603589921399,0.0 -111.28675457954648,40.31601467896383,0.0 -111.28674895007266,40.314683869786286,0.0 -111.29544147388049,40.31466199740197,0.0 -111.29544727400052,40.315992805556434,0.0 -111.29370873587365,40.31599723249038,0.0 -111.29371450224875,40.31732804054411,0.0 -111.29545307450707,40.31732361340308,0.0 -111.29545887540017,40.31865442094192,0.0 -111.29372026900809,40.318658848290035,0.0 -111.29372603615177,40.31998965572815,0.0 -111.29198739523936,40.319994057153465,0.0 -111.29199886240079,40.32265567151804,0.0 -111.29026015282736,40.32266004722275,0.0 -111.29027155322918,40.32532166076547,0.0 -111.29374910856998,40.32531288240257,0.0 -111.29375487763556,40.326643688301644,0.0 -111.29723249973334,40.32663480498415,0.0 -111.2972383374827,40.327965610159914,0.0 -111.2989771820988,40.32796112908764,0.0 -111.29898892707072,40.330622738096494,0.0 -111.30072783960149,40.33061823046541,0.0 -111.30073965445403,40.333279837821195,0.0 -111.30247863490615,40.333275303626415,0.0 -111.3024964626276,40.33726771171492,0.0 -111.30423554517323,40.33726315073821,0.0 -111.30424750063898,40.339924754164564,0.0 -111.3059866511239,40.3399201666131,0.0 -111.30599266362667,40.34125096764987,0.0 -111.30773184788312,40.34124635373453,0.0 -111.30774394244212,40.343907954452824,0.0 -111.30948319464677,40.34390331395415,0.0 -111.30948927670988,40.345234113634405,0.0 -111.31470713341956,40.3452200345696,0.0 -111.31470094881955,40.34388923554774,0.0 -111.31644019938915,40.343884490442214,0.0 -111.31644641816806,40.34521528924214,0.0 -111.31818570250208,40.34521051776181,0.0 -111.31819195587661,40.346541316030645,0.0 -111.31993127397499,40.34653651817306,0.0 -111.31993756194971,40.34786731590954,0.0 -111.32167691381237,40.347862491672274,0.0 -111.32168955939277,40.35052408577009,0.0 -111.32342897920753,40.35051923492386,0.0 -111.32344805331641,40.35451162308005,0.0 -111.3251875752847,40.354506745391866,0.0 -111.32521315016514,40.35982992437551,0.0 -111.32173383220149,40.35983965541052,0.0 -111.32172750624976,40.358508860671606,0.0 -111.31998788083817,40.35851368671399,0.0 -111.31998158950968,40.35718289144141,0.0 -111.31650240583397,40.357192464583235,0.0 -111.31649618332354,40.355861668554994,0.0 -111.3147566250618,40.35586641565807,0.0 -111.314731875942,40.35054322757749,0.0</coordinates>
                                </LinearRing>
                            </outerBoundaryIs>
                        </Polygon>
                        <Polygon>
                            <outerBoundaryIs>
                                <LinearRing>
                                    <coordinates>-111.28341665001696,40.349293384873796,0.0 -111.28863483200922,40.34928048088675,0.0 -111.28864050543442,40.35061128185925,0.0 -111.29037993286708,40.35060692801294,0.0 -111.29038564086117,40.35193772847399,0.0 -111.29212510210412,40.35193334826481,0.0 -111.29213658762198,40.35459494785371,0.0 -111.2816994041726,40.35462083914095,0.0 -111.28169386639432,40.353290038289686,0.0 -111.27995436870962,40.35329426174051,0.0 -111.27994886549361,40.35196346038394,0.0 -111.27820940163528,40.35196765747791,0.0 -111.27820393297695,40.350636855617275,0.0 -111.28342222087663,40.35062418644976,0.0 -111.28341665001696,40.349293384873796,0.0</coordinates>
                                </LinearRing>
                            </outerBoundaryIs>
                        </Polygon>
                        <Polygon>
                            <outerBoundaryIs>
                                <LinearRing>
                                    <coordinates>-111.2869236383295,40.35593881116876,0.0 -111.28692927944589,40.357269610804494,0.0 -111.28518968028241,40.357273913340556,0.0 -111.28518407336594,40.355943113503635,0.0 -111.2869236383295,40.35593881116876,0.0</coordinates>
                                </LinearRing>
                            </outerBoundaryIs>
                        </Polygon>
                        <Polygon>
                            <outerBoundaryIs>
                                <LinearRing>
                                    <coordinates>-111.2939050083749,40.36124453362737,0.0 -111.29216530811611,40.36124894143843,0.0 -111.29215956325153,40.35991814333721,0.0 -111.29389922930368,40.35991373573226,0.0 -111.2939050083749,40.36124453362737,0.0</coordinates>
                                </LinearRing>
                            </outerBoundaryIs>
                        </Polygon>
                        <Polygon>
                            <outerBoundaryIs>
                                <LinearRing>
                                    <coordinates>-111.30088747306874,40.36654982585988,0.0 -111.29914763751563,40.36655433918613,0.0 -111.29915352116721,40.36788513491605,0.0 -111.29393390950999,40.367898518484715,0.0 -111.29392812851236,40.366567722129005,0.0 -111.29218829140422,40.3665721307646,0.0 -111.29217679899416,40.36391053671727,0.0 -111.2956563359667,40.363901694100406,0.0 -111.29566215040713,40.36523249086449,0.0 -111.3008815555937,40.365219030033096,0.0 -111.30088747306874,40.36654982585988,0.0</coordinates>
                                </LinearRing>
                            </outerBoundaryIs>
                        </Polygon>
                    </MultiGeometry>
                </Placemark>
            </Folder>
            <Folder>
                <Style>
                    <LineStyle>
                        <color>b4800080</color>
                        <colorMode>normal</colorMode>
                        <width>1</width>
                    </LineStyle>
                    <PolyStyle>
                        <color>41800080</color>
                        <colorMode>normal</colorMode>
                        <fill>1</fill>
                        <outline>1</outline>
                    </PolyStyle>
                </Style>
                <name>0.75-0.9 very good</name>
                <Placemark>
                    <name>0.75-0.9 very good</name>
                    <styleUrl>#1788</styleUrl>
                    <MultiGeometry>
                        <Polygon>
                            <outerBoundaryIs>
                                <LinearRing>
                                    <coordinates>-111.29554012850699,40.3372856941646,0.0 -111.2955285162784,40.33462408739819,0.0 -111.29726753206585,40.33461963142119,0.0 -111.2972792126233,40.33728123777078,0.0 -111.29554012850699,40.3372856941646,0.0</coordinates>
                                </LinearRing>
                            </outerBoundaryIs>
                        </Polygon>
                        <Polygon>
                            <outerBoundaryIs>
                                <LinearRing>
                                    <coordinates>-111.2972850534859,40.338612040483824,0.0 -111.29902417138078,40.33860755773461,0.0 -111.29903004680274,40.33993835993013,0.0 -111.29729089473777,40.339942842889,0.0 -111.2972850534859,40.338612040483824,0.0</coordinates>
                                </LinearRing>
                            </outerBoundaryIs>
                        </Polygon>
                        <Polygon>
                            <outerBoundaryIs>
                                <LinearRing>
                                    <coordinates>-111.4452922315747,40.36608398385403,0.0 -111.4418126408896,40.366097328855005,0.0 -111.44180395206091,40.364766554186446,0.0 -111.44006419006112,40.36477318712044,0.0 -111.44005553602199,40.36344241183301,0.0 -111.4383158076558,40.36344901828839,0.0 -111.43829856972204,40.36078746616953,0.0 -111.43655890919545,40.36079404584103,0.0 -111.43653315920726,40.35680171442451,0.0 -111.43479360071277,40.35680826701065,0.0 -111.43477650530572,40.35414671057673,0.0 -111.44347395007853,40.3541136891107,0.0 -111.44346523226845,40.35278291197487,0.0 -111.44520468529682,40.35277622951448,0.0 -111.44523969680577,40.35809933495531,0.0 -111.44697928603267,40.35809262508137,0.0 -111.44698807456969,40.35942340035594,0.0 -111.45046731966609,40.35940990148641,0.0 -111.45047617719567,40.36074067582098,0.0 -111.45221583306277,40.36073388682178,0.0 -111.45225140592167,40.36605697980219,0.0 -111.44877181992481,40.366070534169694,0.0 -111.44878064619213,40.367401307276594,0.0 -111.44530098941239,40.36741475758984,0.0 -111.4452922315747,40.36608398385403,0.0</coordinates>
                                </LinearRing>
                            </outerBoundaryIs>
                        </Polygon>
                    </MultiGeometry>
                </Placemark>
            </Folder>
        </Folder>
        <Folder>
            <Style>
                <IconStyle>
                    <colorMode>normal</colorMode>
                    <scale>1</scale>
                    <heading>0</heading>
                    <Icon>
                        <href>http://maps.google.com/mapfiles/kml/shapes/hiker.png</href>
                    </Icon>
                </IconStyle>
            </Style>
            <Style>
                <IconStyle>
                    <colorMode>normal</colorMode>
                    <scale>1</scale>
                    <heading>0</heading>
                    <Icon>
                        <href>http://maps.google.com/mapfiles/kml/shapes/hiker.png</href>
                    </Icon>
                </IconStyle>
            </Style>
            <Style>
                <IconStyle>
                    <colorMode>normal</colorMode>
                    <scale>1</scale>
                    <heading>0</heading>
                    <Icon>
                        <href>http://maps.google.com/mapfiles/kml/shapes/hiker.png</href>
                    </Icon>
                </IconStyle>
            </Style>
            <Style>
                <IconStyle>
                    <colorMode>normal</colorMode>
                    <scale>1</scale>
                    <heading>0</heading>
                    <Icon>
                        <href>http://maps.google.com/mapfiles/kml/shapes/hiker.png</href>
                    </Icon>
                </IconStyle>
            </Style>
            <Style>
                <IconStyle>
                    <colorMode>normal</colorMode>
                    <scale>1</scale>
                    <heading>0</heading>
                    <Icon>
                        <href>http://maps.google.com/mapfiles/kml/shapes/hiker.png</href>
                    </Icon>
                </IconStyle>
            </Style>
            <Style>
                <IconStyle>
                    <colorMode>normal</colorMode>
                    <scale>1</scale>
                    <heading>0</heading>
                    <Icon>
                        <href>http://maps.google.com/mapfiles/kml/shapes/hiker.png</href>
                    </Icon>
                </IconStyle>
            </Style>
            <Style>
                <IconStyle>
                    <colorMode>normal</colorMode>
                    <scale>1</scale>
                    <heading>0</heading>
                    <Icon>
                        <href>http://maps.google.com/mapfiles/kml/shapes/hiker.png</href>
                    </Icon>
                </IconStyle>
            </Style>
            <Style>
                <IconStyle>
                    <colorMode>normal</colorMode>
                    <scale>1</scale>
                    <heading>0</heading>
                    <Icon>
                        <href>http://maps.google.com/mapfiles/kml/shapes/hiker.png</href>
                    </Icon>
                </IconStyle>
            </Style>
            <Style>
                <IconStyle>
                    <colorMode>normal</colorMode>
                    <scale>1</scale>
                    <heading>0</heading>
                    <Icon>
                        <href>http://maps.google.com/mapfiles/kml/shapes/hiker.png</href>
                    </Icon>
                </IconStyle>
            </Style>
            <Style>
                <IconStyle>
                    <colorMode>normal</colorMode>
                    <scale>1</scale>
                    <heading>0</heading>
                    <Icon>
                        <href>http://maps.google.com/mapfiles/kml/shapes/hiker.png</href>
                    </Icon>
                </IconStyle>
            </Style>
            <Style>
                <IconStyle>
                    <colorMode>normal</colorMode>
                    <scale>1</scale>
                    <heading>0</heading>
                    <Icon>
                        <href>http://maps.google.com/mapfiles/kml/shapes/hiker.png</href>
                    </Icon>
                </IconStyle>
            </Style>
            <Style>
                <IconStyle>
                    <colorMode>normal</colorMode>
                    <scale>1</scale>
                    <heading>0</heading>
                    <Icon>
                        <href>http://maps.google.com/mapfiles/kml/shapes/hiker.png</href>
                    </Icon>
                </IconStyle>
            </Style>
            <name>4. Access Seeds Used</name>
            <Placemark>
                <name>Foot: Emigration Canyon</name>
                <styleUrl>#1794</styleUrl>
                <Point>
                    <coordinates>-111.771,40.759,0.0</coordinates>
                </Point>
            </Placemark>
            <Placemark>
                <name>Foot: Mill Creek Canyon</name>
                <styleUrl>#1799</styleUrl>
                <Point>
                    <coordinates>-111.759,40.681,0.0</coordinates>
                </Point>
            </Placemark>
            <Placemark>
                <name>Foot: Big Cottonwood Canyon</name>
                <styleUrl>#1804</styleUrl>
                <Point>
                    <coordinates>-111.766,40.62,0.0</coordinates>
                </Point>
            </Placemark>
            <Placemark>
                <name>Foot: Little Cottonwood Canyon</name>
                <styleUrl>#1809</styleUrl>
                <Point>
                    <coordinates>-111.761,40.574,0.0</coordinates>
                </Point>
            </Placemark>
            <Placemark>
                <name>Foot: Corner Canyon (Draper)</name>
                <styleUrl>#1814</styleUrl>
                <Point>
                    <coordinates>-111.818,40.514,0.0</coordinates>
                </Point>
            </Placemark>
            <Placemark>
                <name>Foot: American Fork Canyon</name>
                <styleUrl>#1819</styleUrl>
                <Point>
                    <coordinates>-111.699,40.431,0.0</coordinates>
                </Point>
            </Placemark>
            <Placemark>
                <name>Foot: Provo Canyon (US-189)</name>
                <styleUrl>#1824</styleUrl>
                <Point>
                    <coordinates>-111.646,40.318,0.0</coordinates>
                </Point>
            </Placemark>
            <Placemark>
                <name>Foot: Hobble Creek Canyon</name>
                <styleUrl>#1829</styleUrl>
                <Point>
                    <coordinates>-111.583,40.192,0.0</coordinates>
                </Point>
            </Placemark>
            <Placemark>
                <name>Foot: Diamond Fork Canyon</name>
                <styleUrl>#1834</styleUrl>
                <Point>
                    <coordinates>-111.478,40.108,0.0</coordinates>
                </Point>
            </Placemark>
            <Placemark>
                <name>Foot: Spanish Fork Canyon (US-6)</name>
                <styleUrl>#1839</styleUrl>
                <Point>
                    <coordinates>-111.55,40.106,0.0</coordinates>
                </Point>
            </Placemark>
            <Placemark>
                <name>Foot: Daniels Canyon (US-40, near Heber)</name>
                <styleUrl>#1844</styleUrl>
                <Point>
                    <coordinates>-111.371,40.454,0.0</coordinates>
                </Point>
            </Placemark>
            <Placemark>
                <name>Foot: Strawberry/Indian Creek Rd</name>
                <styleUrl>#1849</styleUrl>
                <Point>
                    <coordinates>-111.23,40.13,0.0</coordinates>
                </Point>
            </Placemark>
        </Folder>
    </Document>
</kml>
