{
"type": "FeatureCollection",
"name": "dwr_deer_habitat",
"crs": { "type": "name", "properties": { "name": "urn:ogc:def:crs:OGC:1.3:CRS84" } },
"features": [
{ "type": "Feature", "properties": { "FID": 40, "SEASON": "winter", "VALUE": "crucial", "SPECIES": "mule deer", "COMMENTS": " " }, "geometry": { "type": "Polygon", "coordinates": [ [ [ -111.557639201924999, 40.176885458924602 ], [ -111.555933127665, 40.177123404816903 ], [ -111.554165653027994, 40.1772941386673 ], [ -111.552424211512005, 40.177315975210497 ], [ -111.550688053844993, 40.177337760427399 ], [ -111.547268631403995, 40.177313431814198 ], [ -111.543551246548006, 40.177335538852603 ], [ -111.540344312108999, 40.177490197100802 ], [ -111.537166367528997, 40.1775546275327 ], [ -111.533266347771999, 40.1773699438764 ], [ -111.530084327674999, 40.177046701713003 ], [ -111.527441001027, 40.176513701496098 ], [ -111.525008274246005, 40.176204922622198 ], [ -111.522635986200001, 40.175810319925397 ], [ -111.519961333869006, 40.175160166941403 ], [ -111.517735547059004, 40.174530469315599 ], [ -111.515207408956996, 40.173564219424001 ], [ -111.514664426766004, 40.173219769713903 ], [ -111.514057672318003, 40.172470084212897 ], [ -111.513984998290994, 40.171118985708702 ], [ -111.514301346752006, 40.169743635766402 ], [ -111.515070188859994, 40.1686184479044 ], [ -111.516701009390999, 40.1666426101404 ], [ -111.518575085506001, 40.165210643354001 ], [ -111.520152831112995, 40.164059271666801 ], [ -111.521432121724004, 40.163044455183901 ], [ -111.522738622915995, 40.161754712245099 ], [ -111.523867419352996, 40.160695410389401 ], [ -111.524699411574005, 40.159844751133598 ], [ -111.526244049083999, 40.158373608861403 ], [ -111.528802721933005, 40.156411396585902 ], [ -111.530707759517995, 40.1551187376771 ], [ -111.531752551696997, 40.154609412572398 ], [ -111.533629188247005, 40.153451978288103 ], [ -111.534613289890999, 40.152875335748902 ], [ -111.535445682898995, 40.152254338946399 ], [ -111.536898887594006, 40.150688876366402 ], [ -111.537667794488996, 40.149631196920502 ], [ -111.537992008673001, 40.149057587600502 ], [ -111.538756289150996, 40.147567375837397 ], [ -111.539223729713996, 40.146416487992902 ], [ -111.539930714635005, 40.145066182093203 ], [ -111.540121753340003, 40.143231855758003 ], [ -111.539810587773005, 40.142066574762502 ], [ -111.538983036793994, 40.140263931522902 ], [ -111.537976577921995, 40.138439679300902 ], [ -111.536308223006998, 40.136478747196598 ], [ -111.535734005465997, 40.136003900299698 ], [ -111.534886575924006, 40.1351158745736 ], [ -111.534220612227998, 40.134479272258901 ], [ -111.533824448884005, 40.133818898829297 ], [ -111.532948783568997, 40.133066131588897 ], [ -111.533995210647007, 40.132870759583398 ], [ -111.536239124063997, 40.132451718681097 ], [ -111.537434816415995, 40.132238956715199 ], [ -111.540365862030001, 40.131648707380997 ], [ -111.543792866022997, 40.129686517290203 ], [ -111.544765439981006, 40.128145730886096 ], [ -111.545261356639998, 40.126724395246598 ], [ -111.545460727139996, 40.1256918644008 ], [ -111.545894025121001, 40.123635557728598 ], [ -111.546448757663001, 40.122736492236299 ], [ -111.546762278610004, 40.121131223696104 ], [ -111.547281988837995, 40.1192052309069 ], [ -111.547945981444997, 40.116661308356697 ], [ -111.548459068328995, 40.1140505240324 ], [ -111.548857807890997, 40.111962922768903 ], [ -111.549910703126997, 40.1095567906711 ], [ -111.550610101681002, 40.107512801859102 ], [ -111.551126030681004, 40.105289399879702 ], [ -111.551939359951007, 40.102834833954297 ], [ -111.552551546098002, 40.1010480197329 ], [ -111.553962167145997, 40.0984779674476 ], [ -111.554911805870006, 40.0975319209291 ], [ -111.555684547102004, 40.097023589829597 ], [ -111.556872287103999, 40.095918716922398 ], [ -111.557073821423998, 40.095183466961302 ], [ -111.556817524915999, 40.093517836274302 ], [ -111.555903413232002, 40.092058169137701 ], [ -111.554899175418001, 40.090459277478999 ], [ -111.554617867472999, 40.089316316588203 ], [ -111.554744872195997, 40.087072319662497 ], [ -111.555260271028004, 40.084803846589899 ], [ -111.555836377484994, 40.082490121219301 ], [ -111.555246185775999, 40.080456691096302 ], [ -111.553145257523994, 40.079753181246602 ], [ -111.554008163774, 40.078005338141899 ], [ -111.553068965807, 40.076702080948998 ], [ -111.552289579185995, 40.0752586752659 ], [ -111.551496720106002, 40.073798389974101 ], [ -111.550462548606006, 40.072222030549597 ], [ -111.549037391135002, 40.070449393420901 ], [ -111.547827233814999, 40.069171160870098 ], [ -111.545565282368997, 40.067560102261702 ], [ -111.543458297095, 40.066430287219298 ], [ -111.540597641554996, 40.064754275059002 ], [ -111.537797337797997, 40.063100525551 ], [ -111.536080682971999, 40.062054353941001 ], [ -111.533125799187005, 40.059991176651799 ], [ -111.530436813554999, 40.057372612565899 ], [ -111.528353032390996, 40.055530651117799 ], [ -111.525516425774001, 40.053214466673403 ], [ -111.523196909399005, 40.051603225941697 ], [ -111.521357461893999, 40.050237544594196 ], [ -111.518200315787993, 40.048724480068302 ], [ -111.515011440414995, 40.047026861811801 ], [ -111.511521533362995, 40.045168220187101 ], [ -111.506189479165997, 40.044683851920702 ], [ -111.503550409835, 40.046843166850202 ], [ -111.503482822532007, 40.046898419551702 ], [ -111.502488699050005, 40.047711803492703 ], [ -111.478536616751001, 40.0691972669322 ], [ -111.459225751144999, 40.083280450344603 ], [ -111.453708786739, 40.086873694086599 ], [ -111.448796225153998, 40.091079780448197 ], [ -111.444717345960996, 40.0990264903552 ], [ -111.443076121307001, 40.102223259755199 ], [ -111.442262247414007, 40.1081142297665 ], [ -111.442100110935996, 40.108715698222298 ], [ -111.441097329529995, 40.112436426013197 ], [ -111.438317540699003, 40.113563356606598 ], [ -111.437187973372005, 40.114021348399397 ], [ -111.435305905554998, 40.112850794843801 ], [ -111.435055206732002, 40.108625249654402 ], [ -111.434832787730002, 40.104874130061198 ], [ -111.434632873289999, 40.101502677830403 ], [ -111.434424580935996, 40.097991155309202 ], [ -111.434351646935994, 40.096760896640802 ], [ -111.430591220420993, 40.094812282963197 ], [ -111.428199504483999, 40.093774412148399 ], [ -111.425129798667996, 40.093262350539703 ], [ -111.421892922146995, 40.093274094987798 ], [ -111.419774916243, 40.093146285164998 ], [ -111.417802553862998, 40.093027281374802 ], [ -111.414738516151999, 40.093430751388098 ], [ -111.412383478587003, 40.093213198263101 ], [ -111.410647375392998, 40.093052778085301 ], [ -111.409970002915998, 40.092990218103203 ], [ -111.407145614759003, 40.0927291705163 ], [ -111.405271268850996, 40.092555821291697 ], [ -111.403747291632001, 40.0924149170161 ], [ -111.402150666994999, 40.092267307503 ], [ -111.401101825577996, 40.0921703065681 ], [ -111.397872610242004, 40.093489820523999 ], [ -111.396018963624002, 40.09702884395 ], [ -111.393490510668002, 40.101747776262599 ], [ -111.389607398181994, 40.108041227691402 ], [ -111.385544323076999, 40.112765040739298 ], [ -111.381119451098996, 40.113826420080699 ], [ -111.380256487268994, 40.111866606595903 ], [ -111.380577672005998, 40.108332888277701 ], [ -111.386504750537995, 40.101771207197302 ], [ -111.389538114765003, 40.095873172818798 ], [ -111.389347016862004, 40.092210323056399 ], [ -111.387944627680994, 40.091328481145403 ], [ -111.385414719992994, 40.0897374471622 ], [ -111.381319690864004, 40.088573350932499 ], [ -111.377465079561006, 40.091346435972703 ], [ -111.374562259436004, 40.0934344696701 ], [ -111.370649958661005, 40.0947354306401 ], [ -111.366589618400994, 40.096307016647103 ], [ -111.363095823207999, 40.097651445090499 ], [ -111.360027146348997, 40.099746840672999 ], [ -111.357675685971998, 40.101677678772802 ], [ -111.355950240054995, 40.1031740851503 ], [ -111.354531398036997, 40.104055972930297 ], [ -111.351668809689002, 40.1058352682292 ], [ -111.346717203126005, 40.105891460229103 ], [ -111.343087834591998, 40.105672702628901 ], [ -111.342577800734006, 40.101721153802998 ], [ -111.34573881675, 40.096629344371102 ], [ -111.347673868563007, 40.091541130889198 ], [ -111.354459445024006, 40.086752216457398 ], [ -111.363070827851999, 40.083211426347702 ], [ -111.367887983692, 40.080297375310003 ], [ -111.373842383652999, 40.079314550992301 ], [ -111.377914571760996, 40.078337576156102 ], [ -111.380424626422993, 40.078449819590901 ], [ -111.384029635646996, 40.078076548097798 ], [ -111.387638020281003, 40.0783055381238 ], [ -111.390769119276001, 40.077331256784603 ], [ -111.393436536674002, 40.077563146369798 ], [ -111.395949957772004, 40.078277516953399 ], [ -111.398772830620999, 40.078267834229301 ], [ -111.401134472132995, 40.079825826875798 ], [ -111.404745141706002, 40.080415652481697 ], [ -111.407353944891, 40.079345262765301 ], [ -111.410761826346004, 40.078896351766602 ], [ -111.413064057579007, 40.0784737221908 ], [ -111.415663032924996, 40.077865284862398 ], [ -111.417484577324998, 40.077309146565298 ], [ -111.425025565886997, 40.075598003120199 ], [ -111.431412925226994, 40.073839585966297 ], [ -111.434285606162007, 40.0718049258547 ], [ -111.437662253081001, 40.0701538141656 ], [ -111.439417838679006, 40.070050765347901 ], [ -111.444824225792004, 40.069326028947899 ], [ -111.462661508032994, 40.057958331846002 ], [ -111.463702797397005, 40.053338607234998 ], [ -111.467419196327995, 40.049005878655798 ], [ -111.476249664348003, 40.0472561882791 ], [ -111.482356946619007, 40.042664278759801 ], [ -111.490336478539007, 40.039621461649801 ], [ -111.493871650656999, 40.034111078659897 ], [ -111.494703888846999, 40.031490662916397 ], [ -111.494510398784001, 40.029204286876599 ], [ -111.491983053802997, 40.026165260386101 ], [ -111.492030724374004, 40.024791077803599 ], [ -111.491189145503995, 40.021765583671701 ], [ -111.491389087412998, 40.019252557473799 ], [ -111.490715181213005, 40.0164082520145 ], [ -111.485839760068004, 40.008364547036898 ], [ -111.466506494391993, 40.011358992191198 ], [ -111.463705743283995, 40.012496539247302 ], [ -111.460840981839993, 40.013242259670903 ], [ -111.458392051987005, 40.013643895427599 ], [ -111.455222641030005, 40.013683417632102 ], [ -111.451932280907997, 40.013470962245798 ], [ -111.449208872179, 40.0133013559525 ], [ -111.445918137727006, 40.013043772596397 ], [ -111.442625439135995, 40.012696005873998 ], [ -111.439961410609001, 40.0123863043966 ], [ -111.435981304533996, 40.011905720152598 ], [ -111.432449465866, 40.011486485522298 ], [ -111.427901133868005, 40.011165503052098 ], [ -111.423084859132004, 40.010917398416801 ], [ -111.420032811710996, 40.010608564250298 ], [ -111.417968598887001, 40.010485385966 ], [ -111.416562057646999, 40.010400352697403 ], [ -111.406985205400005, 40.009321585832602 ], [ -111.402258275847004, 40.008910125941199 ], [ -111.397171306022003, 40.008409610028998 ], [ -111.393309873931003, 40.007855164404901 ], [ -111.389146008438999, 40.0068915718496 ], [ -111.384799887426993, 40.005581648996902 ], [ -111.381953862518998, 40.0047260363284 ], [ -111.376383967600006, 40.003609028664101 ], [ -111.374948055370993, 40.0034740316229 ], [ -111.373301741598993, 40.003254101895003 ], [ -111.370428756202003, 40.002763278012999 ], [ -111.367941756419995, 40.001973745629897 ], [ -111.366173717514997, 40.001479302924601 ], [ -111.364676332575002, 40.001074079580597 ], [ -111.362755243544001, 40.000007945544702 ], [ -111.360844309971995, 39.999279614294899 ], [ -111.350137488151006, 39.9958075604195 ], [ -111.349121961479995, 39.995806118928201 ], [ -111.347628329726007, 39.995819618174401 ], [ -111.345865069512001, 39.995770834607299 ], [ -111.342909135734999, 39.995527343747803 ], [ -111.341833286758998, 39.995408889661597 ], [ -111.339893390683997, 39.995171330582899 ], [ -111.338489317810001, 39.995076331960902 ], [ -111.336786739041997, 39.995022728116297 ], [ -111.334307512465003, 39.9949217881625 ], [ -111.332724439432994, 39.994822730948499 ], [ -111.328663918507999, 39.994280214428301 ], [ -111.326245193461006, 39.994133881439502 ], [ -111.323947132296993, 39.993689747662998 ], [ -111.322157289135006, 39.9932037028275 ], [ -111.320100488557998, 39.992461588814898 ], [ -111.318999456859004, 39.991770870370502 ], [ -111.317692530509007, 39.990576157424798 ], [ -111.316508020976997, 39.9889936739714 ], [ -111.315264567387999, 39.987316735358299 ], [ -111.313930133145007, 39.985734632220598 ], [ -111.312774185053996, 39.984444850387 ], [ -111.311648328264994, 39.983091907139297 ], [ -111.310285100990995, 39.981347661528901 ], [ -111.309574764702006, 39.980385511085302 ], [ -111.308449682480003, 39.978915406024903 ], [ -111.306789087246003, 39.977077305677803 ], [ -111.305425202110001, 39.975630326611501 ], [ -111.304929258560165, 39.975189372863902 ], [ -111.30986942443414, 39.967291133276291 ], [ -111.316210216932006, 39.967002882122401 ], [ -111.322580774171001, 39.969000738430097 ], [ -111.330829661387995, 39.972432397295002 ], [ -111.342460330918001, 39.978444746181601 ], [ -111.350709751861004, 39.981587027188702 ], [ -111.355674708836005, 39.984415932208897 ], [ -111.359815264955998, 39.986398822611399 ], [ -111.362319777256999, 39.987391107862102 ], [ -111.365031483736004, 39.988499813661399 ], [ -111.368462302823005, 39.989358402748898 ], [ -111.372490483069996, 39.990196952265897 ], [ -111.375832333987006, 39.991033084123998 ], [ -111.378518372680006, 39.991479337427897 ], [ -111.380816446111993, 39.991854725482597 ], [ -111.384845552982995, 39.992805464021899 ], [ -111.388844049146002, 39.993688681647903 ], [ -111.39332097642, 39.994619602134797 ], [ -111.397260110464003, 39.995390017994303 ], [ -111.399029570988006, 39.994708476928203 ], [ -111.399744311750993, 39.993995232949302 ], [ -111.400249524166, 39.993491014255298 ], [ -111.400585928213005, 39.992504903346003 ], [ -111.401561460945004, 39.9900658241028 ], [ -111.404708461677004, 39.986705672088 ], [ -111.408243772386001, 39.982126302861303 ], [ -111.411190456368999, 39.978462235602997 ], [ -111.415324960787004, 39.974946107439699 ], [ -111.416976085553998, 39.974486806596197 ], [ -111.418251786786996, 39.970768279252397 ], [ -111.415054159864994, 39.956775901563901 ], [ -111.421264893664002, 39.954358146034401 ], [ -111.429154676251997, 39.952486607499303 ], [ -111.436822093708003, 39.953379316400699 ], [ -111.450736540500003, 39.957564093995501 ], [ -111.461844737782997, 39.972171400020997 ], [ -111.462348747975, 39.972953242997399 ], [ -111.463241643109995, 39.973868677099603 ], [ -111.464223396265993, 39.974603552490798 ], [ -111.467624732836001, 39.9755765430167 ], [ -111.469863851092995, 39.975900850590897 ], [ -111.472102098069001, 39.9761124960649 ], [ -111.474103414213005, 39.976234969727599 ], [ -111.477476831250002, 39.976631068358202 ], [ -111.479896474466997, 39.976801271832102 ], [ -111.481776090490001, 39.977149361311596 ], [ -111.484013605610997, 39.977910376333703 ], [ -111.486429550913002, 39.978855299817603 ], [ -111.488816551369993, 39.979525496514803 ], [ -111.490308394037996, 39.979987704094803 ], [ -111.492367034723998, 39.980587137692297 ], [ -111.493112443130997, 39.981020943073098 ], [ -111.494123160284005, 39.982124841028998 ], [ -111.500438750303005, 39.984293516896699 ], [ -111.497538136361996, 39.9877908912976 ], [ -111.496968577252005, 39.991142533097303 ], [ -111.495454646621994, 39.996238985236999 ], [ -111.496646785403996, 39.998643359973997 ], [ -111.492896113962004, 40.0072707014765 ], [ -111.492612693815005, 40.0095033469483 ], [ -111.496751436417, 40.017673447184698 ], [ -111.497546916268007, 40.018730027693401 ], [ -111.498346342963004, 40.020341854143702 ], [ -111.500003984241005, 40.022580924721296 ], [ -111.501597771822006, 40.025047381592302 ], [ -111.503453192926997, 40.0273612258176 ], [ -111.506093958182007, 40.029020751377303 ], [ -111.506883456856997, 40.029516798167698 ], [ -111.511621819929999, 40.030934552175701 ], [ -111.514003424322993, 40.033296354014198 ], [ -111.516998922609005, 40.034557357887401 ], [ -111.520640578542, 40.034736292480297 ], [ -111.524286853885002, 40.035500721080403 ], [ -111.528614961683004, 40.036847645445903 ], [ -111.530804920158005, 40.037505341352499 ], [ -111.535658341065002, 40.038962755521602 ], [ -111.537383042963, 40.039690589620797 ], [ -111.539013693437994, 40.040378742400399 ], [ -111.544612865234996, 40.042803280240904 ], [ -111.544960811972004, 40.042953907627897 ], [ -111.545056232598, 40.043086441465199 ], [ -111.546501928116001, 40.045094102451202 ], [ -111.547411246362003, 40.047627650981397 ], [ -111.545993096475001, 40.0503023719818 ], [ -111.547969736907007, 40.053937173922002 ], [ -111.551281657372002, 40.055092806763902 ], [ -111.555650153439004, 40.055982993450598 ], [ -111.560229851676993, 40.056806854272097 ], [ -111.562614885567996, 40.058487216973603 ], [ -111.563782935532004, 40.059042208584899 ], [ -111.563878164607999, 40.059087423995798 ], [ -111.567631288434001, 40.060870482767797 ], [ -111.568679072284993, 40.062999815941303 ], [ -111.569942291052996, 40.063787446728703 ], [ -111.572055194669005, 40.065316147291902 ], [ -111.572711617832994, 40.065791044869997 ], [ -111.572980318457994, 40.067546682588102 ], [ -111.575376991130994, 40.070528249619798 ], [ -111.577262872930007, 40.073186884377698 ], [ -111.576506446855007, 40.078917066858899 ], [ -111.574242630578993, 40.081726512583998 ], [ -111.573222407965005, 40.086351775861303 ], [ -111.573003152354005, 40.0905175427689 ], [ -111.576939655451, 40.090222309810699 ], [ -111.578153721792006, 40.0934202439323 ], [ -111.578004033075004, 40.095763571165101 ], [ -111.580508195446996, 40.101282293833201 ], [ -111.576038396589993, 40.103842423903103 ], [ -111.571089971663, 40.1037734991069 ], [ -111.568748411407995, 40.1054449428471 ], [ -111.566605881477997, 40.107190595353998 ], [ -111.564268871726995, 40.110277867860397 ], [ -111.562755333289005, 40.1135976846004 ], [ -111.560939832803001, 40.117647004339901 ], [ -111.559736999410006, 40.120841481688601 ], [ -111.558834881205996, 40.1245549752771 ], [ -111.557597319769002, 40.128725597097699 ], [ -111.551172916184996, 40.132680271122197 ], [ -111.551704128349002, 40.135113916807001 ], [ -111.552924035827004, 40.138265664733602 ], [ -111.553959445352007, 40.143200992357698 ], [ -111.553095198912004, 40.147126691089603 ], [ -111.551648830657996, 40.148814313109398 ], [ -111.544101484768007, 40.151192853184199 ], [ -111.546043358065006, 40.153322746967 ], [ -111.554718596981999, 40.150887689351698 ], [ -111.556844109853003, 40.151081192135599 ], [ -111.561870594902004, 40.1529413365691 ], [ -111.564606520352996, 40.154710465841703 ], [ -111.567674517731007, 40.156477992191498 ], [ -111.571585153659996, 40.159769197444398 ], [ -111.572399573015005, 40.161904204109597 ], [ -111.574400395591994, 40.163014713695702 ], [ -111.574559034429996, 40.166495906497097 ], [ -111.577220220480996, 40.166769441427199 ], [ -111.579647634067996, 40.16726661949 ], [ -111.581708995583995, 40.167663689196999 ], [ -111.584977626620002, 40.169480646257597 ], [ -111.588514161139997, 40.171550845963203 ], [ -111.591757442776995, 40.174233546739401 ], [ -111.593698797879, 40.176057030682699 ], [ -111.595244536020004, 40.1781881163067 ], [ -111.597531308531003, 40.181537668578699 ], [ -111.603010462821004, 40.184884013261403 ], [ -111.607823128161996, 40.185201744475201 ], [ -111.608263749276006, 40.189935865334 ], [ -111.609083332845998, 40.192478068577202 ], [ -111.610093551367996, 40.194051469000698 ], [ -111.613246932782005, 40.197599831265002 ], [ -111.614065076900005, 40.199938210197899 ], [ -111.617640907918002, 40.202414700643601 ], [ -111.622002109099, 40.203562660615397 ], [ -111.621733578811998, 40.210541336274197 ], [ -111.623997558255994, 40.214756265803601 ], [ -111.625024485376997, 40.218061130300498 ], [ -111.624799355985004, 40.222493153971499 ], [ -111.626432187700999, 40.226660438337497 ], [ -111.629850876250003, 40.229901289752 ], [ -111.630802344334995, 40.232187906893898 ], [ -111.631621048127002, 40.234475149707301 ], [ -111.631123896841999, 40.238195657478002 ], [ -111.631150734206003, 40.241098500138598 ], [ -111.632381485382993, 40.244809572971299 ], [ -111.631330883576993, 40.246190402925798 ], [ -111.628955235674994, 40.248036736448803 ], [ -111.629365576251004, 40.252872691831897 ], [ -111.628686949252, 40.2549644699589 ], [ -111.629379953623996, 40.258016301580099 ], [ -111.630660284157997, 40.263458609810797 ], [ -111.629873839598005, 40.264685185134702 ], [ -111.631276491183002, 40.265390537602201 ], [ -111.631773107735, 40.2687490154157 ], [ -111.632957002769999, 40.2709324339841 ], [ -111.632714698119997, 40.273480144230497 ], [ -111.634544124051999, 40.277136904278997 ], [ -111.634363200349, 40.279124081766703 ], [ -111.633605287687999, 40.283406107848897 ], [ -111.632830068158995, 40.285854925321701 ], [ -111.633188643777004, 40.288653943839499 ], [ -111.633852226158993, 40.2919464380563 ], [ -111.635437131830002, 40.294396460002702 ], [ -111.636809749950004, 40.296718525091798 ], [ -111.637871856537004, 40.297692429865002 ], [ -111.641958527648995, 40.2987503950758 ], [ -111.645964052582002, 40.299787226552503 ], [ -111.646353152529002, 40.302229530289502 ], [ -111.647169853901005, 40.3041602385319 ], [ -111.649511562574006, 40.305573006585 ], [ -111.651599546685006, 40.30826043015 ], [ -111.653875524837005, 40.311826502439203 ], [ -111.646502398459006, 40.315649291401797 ], [ -111.646256074334005, 40.315070023691298 ], [ -111.644583375134005, 40.312020004913499 ], [ -111.644080155389005, 40.311401892011197 ], [ -111.643130872439997, 40.3098485772503 ], [ -111.641626574266994, 40.307068573793401 ], [ -111.639819382572, 40.304150581549102 ], [ -111.637473264418006, 40.301190483839399 ], [ -111.635372638993999, 40.298778552689399 ], [ -111.633029929204, 40.296142675629604 ], [ -111.631415579473, 40.294228111932902 ], [ -111.629650042489999, 40.292138577150098 ], [ -111.627884989920005, 40.290089553488201 ], [ -111.625785557499995, 40.2877450052057 ], [ -111.623344573075997, 40.284330154937699 ], [ -111.621942323225994, 40.282508908516597 ], [ -111.621545138879, 40.281938953804598 ], [ -111.620472740381999, 40.280043751948703 ], [ -111.619033066433005, 40.277492827245702 ], [ -111.617347142271001, 40.274366602909303 ], [ -111.616205906849999, 40.2717419730823 ], [ -111.614637033867993, 40.268367326499501 ], [ -111.613553948822997, 40.265400004965699 ], [ -111.612622456126005, 40.2626571018505 ], [ -111.611954367332004, 40.259277640576499 ], [ -111.61128807803, 40.256051322262103 ], [ -111.610652667482, 40.252851863229303 ], [ -111.610333979453003, 40.251159791285801 ], [ -111.610055420891996, 40.250386457915198 ], [ -111.609583382704997, 40.248465363386401 ], [ -111.609071650597002, 40.245562547756798 ], [ -111.608234532262003, 40.243210918508503 ], [ -111.607486175686006, 40.2406291680904 ], [ -111.606320867354, 40.238373933199597 ], [ -111.604233934784006, 40.234127839032197 ], [ -111.602946175913999, 40.231665991146798 ], [ -111.602057797024003, 40.229999289355803 ], [ -111.600624185040004, 40.2278805280461 ], [ -111.599492190508002, 40.225899831398102 ], [ -111.598140941799997, 40.223023733455101 ], [ -111.597127986239997, 40.220902751154497 ], [ -111.596509846244999, 40.219302269102997 ], [ -111.596090932089993, 40.216560980381203 ], [ -111.596010549864999, 40.214750507852003 ], [ -111.595953473793003, 40.212259615659299 ], [ -111.595836356928999, 40.2097420933489 ], [ -111.595447814444995, 40.207090735277497 ], [ -111.594759335424996, 40.204413977976202 ], [ -111.594290577915999, 40.2027000038401 ], [ -111.593450901547996, 40.199893376223201 ], [ -111.592588629945993, 40.197884099765602 ], [ -111.591365626108995, 40.195741608252 ], [ -111.590086421210003, 40.193869671982299 ], [ -111.588902807251998, 40.192596361251503 ], [ -111.586937387706996, 40.191101678725801 ], [ -111.584549768260999, 40.189419986959201 ], [ -111.581835166394001, 40.187951610697802 ], [ -111.578724503673996, 40.185908546849802 ], [ -111.576336353765996, 40.184118572768597 ], [ -111.574401956513, 40.182619105104799 ], [ -111.571536021005002, 40.180989065332703 ], [ -111.568945119665003, 40.179884655346001 ], [ -111.565606642793, 40.178873936115799 ], [ -111.563050595784006, 40.178156629626102 ], [ -111.560819474002002, 40.177352643775997 ], [ -111.560101856630993, 40.177256473129098 ], [ -111.557639201924999, 40.176885458924602 ] ] ] } },
{ "type": "Feature", "properties": { "FID": 65, "SEASON": "winter/spring", "VALUE": "crucial", "SPECIES": "mule deer", "COMMENTS": " " }, "geometry": { "type": "Polygon", "coordinates": [ [ [ -111.450463096438966, 39.95317833188836 ], [ -111.516010674076355, 39.961371879183631 ], [ -111.518707777330619, 39.961812291208545 ], [ -111.516793711779002, 39.962920827801597 ], [ -111.514129971830002, 39.964311171060103 ], [ -111.512092905718006, 39.9654959659524 ], [ -111.509726680065995, 39.9669569714451 ], [ -111.507778829469999, 39.968303474180303 ], [ -111.506071170298, 39.969536273295802 ], [ -111.504720157183996, 39.9710422933125 ], [ -111.503758185647001, 39.972415965364902 ], [ -111.502524237776996, 39.974538620563798 ], [ -111.501560519397998, 39.976182574708197 ], [ -111.501196575353006, 39.9773734397724 ], [ -111.500982556797993, 39.978536626258297 ], [ -111.500586964009003, 39.98016009493 ], [ -111.501180944739005, 39.981854518904697 ], [ -111.500438750303005, 39.984293516896699 ], [ -111.494123160284005, 39.982124841028998 ], [ -111.493112443130997, 39.981020943073098 ], [ -111.492367034723998, 39.980587137692297 ], [ -111.490308394037996, 39.979987704094803 ], [ -111.488816551369993, 39.979525496514803 ], [ -111.486429550913002, 39.978855299817603 ], [ -111.484013605610997, 39.977910376333703 ], [ -111.481776090490001, 39.977149361311596 ], [ -111.479896474466997, 39.976801271832102 ], [ -111.477476831250002, 39.976631068358202 ], [ -111.474103414213005, 39.976234969727599 ], [ -111.472102098069001, 39.9761124960649 ], [ -111.469863851092995, 39.975900850590897 ], [ -111.467624732836001, 39.9755765430167 ], [ -111.464223396265993, 39.974603552490798 ], [ -111.463241643109995, 39.973868677099603 ], [ -111.462348747975, 39.972953242997399 ], [ -111.461844737782997, 39.972171400020997 ], [ -111.450736540500003, 39.957564093995501 ], [ -111.450463096438966, 39.95317833188836 ] ] ] } },
{ "type": "Feature", "properties": { "FID": 68, "SEASON": "winter/spring", "VALUE": "crucial", "SPECIES": "mule deer", "COMMENTS": " " }, "geometry": { "type": "Polygon", "coordinates": [ [ [ -111.316210216932006, 39.967002882122401 ], [ -111.30986942443414, 39.967291133276291 ], [ -111.316030794870727, 39.957440455963507 ], [ -111.317807810716772, 39.954922409552609 ], [ -111.319898920681894, 39.952551580363519 ], [ -111.32228369164109, 39.950351099236435 ], [ -111.324938832069094, 39.948342432884047 ], [ -111.327838419766167, 39.946545174972464 ], [ -111.330954154917762, 39.944976855501025 ], [ -111.331993734534421, 39.944559923848992 ], [ -111.334885918205998, 39.946177067711503 ], [ -111.338519585442995, 39.947585567769799 ], [ -111.342745410172995, 39.949888684805401 ], [ -111.345840455333999, 39.951483247101301 ], [ -111.349206055533998, 39.953027357353101 ], [ -111.352986849876999, 39.954962034085597 ], [ -111.356558525951996, 39.956874705344802 ], [ -111.359414903515997, 39.9586273084442 ], [ -111.361170579667998, 39.959617438921299 ], [ -111.363826576581005, 39.959969527238002 ], [ -111.365767505280004, 39.960067032721099 ], [ -111.366520790186001, 39.958812286567699 ], [ -111.366443314144007, 39.9568439721875 ], [ -111.366301278484997, 39.955655032140101 ], [ -111.365629861824999, 39.952886624986299 ], [ -111.364987106542003, 39.950478606381097 ], [ -111.364400059556004, 39.948831650464101 ], [ -111.364263499242, 39.946678634617797 ], [ -111.365056280185996, 39.943847136133002 ], [ -111.365424645693878, 39.942548395692221 ], [ -111.400244872866011, 39.946900977258935 ], [ -111.401963224216004, 39.948901301826403 ], [ -111.405646164112994, 39.952528449799303 ], [ -111.408378934257996, 39.955325419395997 ], [ -111.415054159864994, 39.956775901563901 ], [ -111.418251786786996, 39.970768279252397 ], [ -111.416976085553998, 39.974486806596197 ], [ -111.415324960787004, 39.974946107439699 ], [ -111.411190456368999, 39.978462235602997 ], [ -111.408243772386001, 39.982126302861303 ], [ -111.404708461677004, 39.986705672088 ], [ -111.401561460945004, 39.9900658241028 ], [ -111.400585928213005, 39.992504903346003 ], [ -111.400249524166, 39.993491014255298 ], [ -111.399744311750993, 39.993995232949302 ], [ -111.399029570988006, 39.994708476928203 ], [ -111.397260110464003, 39.995390017994303 ], [ -111.39332097642, 39.994619602134797 ], [ -111.388844049146002, 39.993688681647903 ], [ -111.384845552982995, 39.992805464021899 ], [ -111.380816446111993, 39.991854725482597 ], [ -111.378518372680006, 39.991479337427897 ], [ -111.375832333987006, 39.991033084123998 ], [ -111.372490483069996, 39.990196952265897 ], [ -111.368462302823005, 39.989358402748898 ], [ -111.365031483736004, 39.988499813661399 ], [ -111.362319777256999, 39.987391107862102 ], [ -111.359815264955998, 39.986398822611399 ], [ -111.355674708836005, 39.984415932208897 ], [ -111.350709751861004, 39.981587027188702 ], [ -111.342460330918001, 39.978444746181601 ], [ -111.330829661387995, 39.972432397295002 ], [ -111.322580774171001, 39.969000738430097 ], [ -111.316210216932006, 39.967002882122401 ] ] ] } },
{ "type": "Feature", "properties": { "FID": 72, "SEASON": "spring/fall", "VALUE": "crucial", "SPECIES": "mule deer", "COMMENTS": " " }, "geometry": { "type": "Polygon", "coordinates": [ [ [ -111.568012696989001, 40.056377580392798 ], [ -111.564731413101995, 40.055722402674498 ], [ -111.562095676487004, 40.053889234296697 ], [ -111.556627947931005, 40.052908713819903 ], [ -111.552036714005993, 40.052259371422899 ], [ -111.551577016913996, 40.049408744585598 ], [ -111.551767002892007, 40.045883622603199 ], [ -111.554171394400001, 40.042426762958897 ], [ -111.552079726222999, 40.042666494490703 ], [ -111.550164533556, 40.042725157178403 ], [ -111.548903359427001, 40.042276150500598 ], [ -111.548026945703, 40.041478438673302 ], [ -111.547600001589004, 40.0407281499226 ], [ -111.547498899035006, 40.0394897080159 ], [ -111.543016984591006, 40.038414862223803 ], [ -111.539518783622, 40.037477439115797 ], [ -111.536932798761995, 40.0362820641582 ], [ -111.534439062548003, 40.034039550911601 ], [ -111.536902341038996, 40.032697072990501 ], [ -111.539103144267997, 40.029454269612401 ], [ -111.542781818573999, 40.025444001919404 ], [ -111.548411290866994, 40.018001704600401 ], [ -111.550844672241993, 40.013046176926501 ], [ -111.550811163388005, 40.008863035968901 ], [ -111.547334101377004, 40.006978008326001 ], [ -111.543613049816997, 40.005474320542497 ], [ -111.536388863249996, 39.998662567458098 ], [ -111.533379294339994, 39.993162224703198 ], [ -111.532101977569994, 39.987843964048999 ], [ -111.535537677275997, 39.984595710409103 ], [ -111.539354166373002, 39.984729828549199 ], [ -111.543566742604995, 39.985124598547301 ], [ -111.546043171492002, 39.986176109576498 ], [ -111.547531304768995, 39.987574610700101 ], [ -111.550630749058996, 39.9900512132496 ], [ -111.552271713202998, 39.990507407775098 ], [ -111.554991281976996, 39.990877331563802 ], [ -111.556904033435003, 39.990696971716602 ], [ -111.558728796742002, 39.990242207328201 ], [ -111.559796151238714, 39.989466642372633 ], [ -111.616199921287375, 40.038332868380735 ], [ -111.615654035568994, 40.038174580475697 ], [ -111.613885057299001, 40.037891152315296 ], [ -111.611550060018004, 40.037790878961999 ], [ -111.610383710419001, 40.037797028927798 ], [ -111.609157688186997, 40.037920606408299 ], [ -111.607048742941998, 40.039373219274502 ], [ -111.606972791190003, 40.040590010471099 ], [ -111.607917390853004, 40.042139223181898 ], [ -111.609212816913995, 40.042929773214603 ], [ -111.616599073242, 40.045102569606897 ], [ -111.619721285826003, 40.046045528999201 ], [ -111.621281100290005, 40.047062022031803 ], [ -111.620960173631005, 40.048165801306098 ], [ -111.61963913436, 40.048469561115802 ], [ -111.617214321635998, 40.048694500459902 ], [ -111.614760569370006, 40.049419036906102 ], [ -111.612512449646999, 40.049088577269302 ], [ -111.610895940589003, 40.049079092438198 ], [ -111.609402198541005, 40.049361752649702 ], [ -111.608852943512005, 40.051126114394002 ], [ -111.609646604516996, 40.052450862058201 ], [ -111.611606258845001, 40.053787473935898 ], [ -111.611606196221999, 40.056862550530603 ], [ -111.613262088054995, 40.0569809231378 ], [ -111.613769518599, 40.058207419107198 ], [ -111.613723042803997, 40.0591825965694 ], [ -111.613073228592, 40.060542435441398 ], [ -111.612589325846002, 40.061943738459298 ], [ -111.612104907410995, 40.063302696693498 ], [ -111.611450213984, 40.064111523419697 ], [ -111.610317678635994, 40.064619601050701 ], [ -111.608278080432996, 40.064175342273501 ], [ -111.606773609933995, 40.063498500789997 ], [ -111.605388296572997, 40.062820926937199 ], [ -111.603225427840002, 40.062057381436098 ], [ -111.601842378957002, 40.061469939394698 ], [ -111.599613218873003, 40.060157083383103 ], [ -111.597799962286004, 40.0586348173237 ], [ -111.595685776739998, 40.056866215006103 ], [ -111.593030057717996, 40.0548436619843 ], [ -111.590015599007998, 40.052804765093597 ], [ -111.586968318060997, 40.0505813473766 ], [ -111.584168100658999, 40.049041335972603 ], [ -111.581552910480994, 40.047959729647303 ], [ -111.579246607889004, 40.047836137904902 ], [ -111.577161318498, 40.048716065472597 ], [ -111.576159464661004, 40.0501671001863 ], [ -111.575790572908005, 40.052137541445099 ], [ -111.573202525015006, 40.052755011428097 ], [ -111.571238886494996, 40.054794041364097 ], [ -111.570968128915993, 40.056320437681201 ], [ -111.568012696989001, 40.056377580392798 ] ] ] } },
{ "type": "Feature", "properties": { "FID": 73, "SEASON": "winter/spring", "VALUE": "crucial", "SPECIES": "mule deer", "COMMENTS": " " }, "geometry": { "type": "Polygon", "coordinates": [ [ [ -111.571238886494996, 40.054794041364097 ], [ -111.573202525015006, 40.052755011428097 ], [ -111.575790572908005, 40.052137541445099 ], [ -111.576159464661004, 40.0501671001863 ], [ -111.577161318498, 40.048716065472597 ], [ -111.579246607889004, 40.047836137904902 ], [ -111.581552910480994, 40.047959729647303 ], [ -111.584168100658999, 40.049041335972603 ], [ -111.586968318060997, 40.0505813473766 ], [ -111.590015599007998, 40.052804765093597 ], [ -111.593030057717996, 40.0548436619843 ], [ -111.595685776739998, 40.056866215006103 ], [ -111.597799962286004, 40.0586348173237 ], [ -111.599613218873003, 40.060157083383103 ], [ -111.601842378957002, 40.061469939394698 ], [ -111.603225427840002, 40.062057381436098 ], [ -111.605388296572997, 40.062820926937199 ], [ -111.606773609933995, 40.063498500789997 ], [ -111.608278080432996, 40.064175342273501 ], [ -111.610317678635994, 40.064619601050701 ], [ -111.611450213984, 40.064111523419697 ], [ -111.612104907410995, 40.063302696693498 ], [ -111.612589325846002, 40.061943738459298 ], [ -111.613073228592, 40.060542435441398 ], [ -111.613723042803997, 40.0591825965694 ], [ -111.613769518599, 40.058207419107198 ], [ -111.613262088054995, 40.0569809231378 ], [ -111.611606196221999, 40.056862550530603 ], [ -111.611606258845001, 40.053787473935898 ], [ -111.609646604516996, 40.052450862058201 ], [ -111.608852943512005, 40.051126114394002 ], [ -111.609402198541005, 40.049361752649702 ], [ -111.610895940589003, 40.049079092438198 ], [ -111.612512449646999, 40.049088577269302 ], [ -111.614760569370006, 40.049419036906102 ], [ -111.617214321635998, 40.048694500459902 ], [ -111.61963913436, 40.048469561115802 ], [ -111.620960173631005, 40.048165801306098 ], [ -111.621281100290005, 40.047062022031803 ], [ -111.619721285826003, 40.046045528999201 ], [ -111.616599073242, 40.045102569606897 ], [ -111.609212816913995, 40.042929773214603 ], [ -111.607917390853004, 40.042139223181898 ], [ -111.606972791190003, 40.040590010471099 ], [ -111.607048742941998, 40.039373219274502 ], [ -111.609157688186997, 40.037920606408299 ], [ -111.610383710419001, 40.037797028927798 ], [ -111.611550060018004, 40.037790878961999 ], [ -111.613885057299001, 40.037891152315296 ], [ -111.615654035568994, 40.038174580475697 ], [ -111.616199921287375, 40.038332868380735 ], [ -111.626374845837915, 40.047148062157198 ], [ -111.626062076376996, 40.0483134029542 ], [ -111.624831616758001, 40.050703183300399 ], [ -111.623774698424995, 40.0525648622299 ], [ -111.622568702760006, 40.054400303337701 ], [ -111.621094647782002, 40.056471509113202 ], [ -111.619853228937998, 40.057919697206003 ], [ -111.618079833085005, 40.059969940838698 ], [ -111.615126726881002, 40.063557971123203 ], [ -111.613377182456006, 40.065148524553699 ], [ -111.611805104964006, 40.066373134903003 ], [ -111.609874790415006, 40.067802416538697 ], [ -111.608368290320996, 40.069715869705803 ], [ -111.599694325911997, 40.0704773593773 ], [ -111.597593013299999, 40.0699881845443 ], [ -111.594403359940003, 40.070848614389199 ], [ -111.590683471321995, 40.070233544571003 ], [ -111.587981824546006, 40.068027679636899 ], [ -111.584877095311001, 40.066933591015299 ], [ -111.580535683622998, 40.066004191736603 ], [ -111.577420573411004, 40.063641669653101 ], [ -111.576368814047001, 40.0612688157726 ], [ -111.574495943944996, 40.059375644287002 ], [ -111.570766005099998, 40.057459891395901 ], [ -111.570968128915993, 40.056320437681201 ], [ -111.571238886494996, 40.054794041364097 ] ] ] } },
{ "type": "Feature", "properties": { "FID": 74, "SEASON": "winter", "VALUE": "crucial", "SPECIES": "mule deer", "COMMENTS": " " }, "geometry": { "type": "Polygon", "coordinates": [ [ [ -111.609874790415006, 40.067802416538697 ], [ -111.611805104964006, 40.066373134903003 ], [ -111.613377182456006, 40.065148524553699 ], [ -111.615126726881002, 40.063557971123203 ], [ -111.618079833085005, 40.059969940838698 ], [ -111.619853228937998, 40.057919697206003 ], [ -111.621094647782002, 40.056471509113202 ], [ -111.622568702760006, 40.054400303337701 ], [ -111.623774698424995, 40.0525648622299 ], [ -111.624831616758001, 40.050703183300399 ], [ -111.626062076376996, 40.0483134029542 ], [ -111.626374845837915, 40.047148062157198 ], [ -111.62861169175099, 40.04908598612645 ], [ -111.628415886208998, 40.049820945809898 ], [ -111.626430894837995, 40.058353269519202 ], [ -111.616209302409999, 40.068911404518097 ], [ -111.612151583225, 40.070914759704301 ], [ -111.609883077817003, 40.071085203453897 ], [ -111.608368290320996, 40.069715869705803 ], [ -111.609874790415006, 40.067802416538697 ] ] ] } },
{ "type": "Feature", "properties": { "FID": 80, "SEASON": "winter/spring", "VALUE": "crucial", "SPECIES": "mule deer", "COMMENTS": " " }, "geometry": { "type": "Polygon", "coordinates": [ [ [ -111.287144718720995, 40.103495191523898 ], [ -111.282461784882003, 40.1014794502127 ], [ -111.277325617322006, 40.098725814844698 ], [ -111.274229170756996, 40.096588803977298 ], [ -111.272091786044001, 40.094557666307601 ], [ -111.269112629882002, 40.0920283217433 ], [ -111.267000929736994, 40.0892897712652 ], [ -111.265724449622994, 40.085977064917401 ], [ -111.265710598124002, 40.0836210719132 ], [ -111.266682676832005, 40.080780705520603 ], [ -111.270114949331003, 40.079096956248499 ], [ -111.273823965497996, 40.078556678558101 ], [ -111.279178619312006, 40.078034852163903 ], [ -111.283817379488994, 40.078014660818901 ], [ -111.288964717252995, 40.077974906841 ], [ -111.295340472830006, 40.077904860046999 ], [ -111.299381387026997, 40.077957555280101 ], [ -111.304592377573002, 40.078466531667303 ], [ -111.309743098693005, 40.078858399218703 ], [ -111.311868891857003, 40.0789833359214 ], [ -111.316358871351994, 40.078989180754697 ], [ -111.321896510477004, 40.079082131861497 ], [ -111.326537707021998, 40.079339432222397 ], [ -111.331537724803994, 40.079501008958196 ], [ -111.335637780723999, 40.079439649370997 ], [ -111.338687357002001, 40.078989300719499 ], [ -111.340057151669996, 40.077953682482601 ], [ -111.340733181603994, 40.076212832441698 ], [ -111.339672126626994, 40.074157151132901 ], [ -111.335520318948994, 40.071015777439399 ], [ -111.329518414968007, 40.068433624546302 ], [ -111.323337912721996, 40.066126452723502 ], [ -111.317818481955001, 40.064200049603002 ], [ -111.312006812034994, 40.0634064167375 ], [ -111.307106100593998, 40.063231208525202 ], [ -111.302206244922004, 40.063244093132099 ], [ -111.297549700188995, 40.062879631164002 ], [ -111.292408938090006, 40.0638338715126 ], [ -111.290931772801002, 40.062143499111599 ], [ -111.292879619654997, 40.059314955000602 ], [ -111.298259342826995, 40.057042410912302 ], [ -111.303161660059004, 40.055859328008502 ], [ -111.305355911898005, 40.055329742138603 ], [ -111.310610153637001, 40.054450033792499 ], [ -111.312209783287003, 40.054182110691997 ], [ -111.318083644984, 40.053036678315003 ], [ -111.323238348339004, 40.055281322953398 ], [ -111.325942832720003, 40.057344443522197 ], [ -111.326673023650997, 40.057901528306097 ], [ -111.331352173159999, 40.061470401320399 ], [ -111.335041682676007, 40.064471636223402 ], [ -111.341166504369994, 40.064453852133099 ], [ -111.345802395429004, 40.063241190249002 ], [ -111.351936716165, 40.062539334494097 ], [ -111.356796879068, 40.063224160317503 ], [ -111.361684831760002, 40.063912659546801 ], [ -111.363705215343998, 40.064197166822602 ], [ -111.365943140145006, 40.064482573643097 ], [ -111.370073938768002, 40.065009311830998 ], [ -111.375259688203002, 40.066132444130098 ], [ -111.380710660247004, 40.066839937913301 ], [ -111.386667415676996, 40.066928416136697 ], [ -111.393425453139002, 40.0663020162674 ], [ -111.398025826161003, 40.065250191305701 ], [ -111.402411711284998, 40.063442116945097 ], [ -111.404648803811995, 40.062632464728097 ], [ -111.407659096586002, 40.061085763254802 ], [ -111.411884076928999, 40.057975908091301 ], [ -111.416381655259002, 40.055392074598103 ], [ -111.421919731196994, 40.052042873491303 ], [ -111.423469612405995, 40.051280406020901 ], [ -111.426656866098995, 40.049457767054598 ], [ -111.432046507785998, 40.046297829889902 ], [ -111.436520449445993, 40.0446953560566 ], [ -111.442995746508998, 40.042832803666997 ], [ -111.448009407876995, 40.041362966676601 ], [ -111.452639139493996, 40.040380936515703 ], [ -111.458968844617004, 40.039063146502002 ], [ -111.460402535116998, 40.038715090465303 ], [ -111.462636085810999, 40.037602506804397 ], [ -111.464776304249995, 40.036012650427303 ], [ -111.465559476604994, 40.033266053393298 ], [ -111.465510388295002, 40.031045268999797 ], [ -111.464022901432003, 40.028442835117502 ], [ -111.461013387793997, 40.026378018927502 ], [ -111.457892498608004, 40.025156062127898 ], [ -111.451718689822002, 40.023585482737502 ], [ -111.445558054621003, 40.023618343251201 ], [ -111.439217995209006, 40.023651556430501 ], [ -111.431293327950996, 40.023712765367499 ], [ -111.423938568731003, 40.024118313306701 ], [ -111.417509467903002, 40.0241461596611 ], [ -111.410509429890993, 40.024022417808197 ], [ -111.403061545995001, 40.023805299554702 ], [ -111.397191339209002, 40.022780439795604 ], [ -111.391502838535004, 40.021961802259199 ], [ -111.383419172424993, 40.020808464618902 ], [ -111.375904306180999, 40.019603255354099 ], [ -111.370483783317994, 40.018620539921599 ], [ -111.365954449781, 40.018491406186001 ], [ -111.358991563561005, 40.021260795651202 ], [ -111.351869934286995, 40.026385483087203 ], [ -111.349692716936005, 40.033326771259297 ], [ -111.346309523786999, 40.037523838606802 ], [ -111.340193726055006, 40.040028006157897 ], [ -111.334239496932994, 40.040830350756899 ], [ -111.329473524826, 40.0409748214947 ], [ -111.326064521725002, 40.040068536926903 ], [ -111.323333428782007, 40.038506066501498 ], [ -111.313445998827007, 40.035392985654703 ], [ -111.302701380848006, 40.0307111746001 ], [ -111.297605232104004, 40.033079518946103 ], [ -111.292179518197997, 40.0380652549212 ], [ -111.287089707659007, 40.042134063795203 ], [ -111.279949920755996, 40.044637494990397 ], [ -111.273461849878998, 40.039942617169601 ], [ -111.269693646655995, 40.034063591066101 ], [ -111.268187288768459, 40.033931708190003 ], [ -111.304929258560165, 39.975189372863902 ], [ -111.305425202110001, 39.975630326611501 ], [ -111.306789087246003, 39.977077305677803 ], [ -111.308449682480003, 39.978915406024903 ], [ -111.309574764702006, 39.980385511085302 ], [ -111.310285100990995, 39.981347661528901 ], [ -111.311648328264994, 39.983091907139297 ], [ -111.312774185053996, 39.984444850387 ], [ -111.313930133145007, 39.985734632220598 ], [ -111.315264567387999, 39.987316735358299 ], [ -111.316508020976997, 39.9889936739714 ], [ -111.317692530509007, 39.990576157424798 ], [ -111.318999456859004, 39.991770870370502 ], [ -111.320100488557998, 39.992461588814898 ], [ -111.322157289135006, 39.9932037028275 ], [ -111.323947132296993, 39.993689747662998 ], [ -111.326245193461006, 39.994133881439502 ], [ -111.328663918507999, 39.994280214428301 ], [ -111.332724439432994, 39.994822730948499 ], [ -111.334307512465003, 39.9949217881625 ], [ -111.336786739041997, 39.995022728116297 ], [ -111.338489317810001, 39.995076331960902 ], [ -111.339893390683997, 39.995171330582899 ], [ -111.341833286758998, 39.995408889661597 ], [ -111.342909135734999, 39.995527343747803 ], [ -111.345865069512001, 39.995770834607299 ], [ -111.347628329726007, 39.995819618174401 ], [ -111.349121961479995, 39.995806118928201 ], [ -111.350137488151006, 39.9958075604195 ], [ -111.360844309971995, 39.999279614294899 ], [ -111.362755243544001, 40.000007945544702 ], [ -111.364676332575002, 40.001074079580597 ], [ -111.366173717514997, 40.001479302924601 ], [ -111.367941756419995, 40.001973745629897 ], [ -111.370428756202003, 40.002763278012999 ], [ -111.373301741598993, 40.003254101895003 ], [ -111.374948055370993, 40.0034740316229 ], [ -111.376383967600006, 40.003609028664101 ], [ -111.381953862518998, 40.0047260363284 ], [ -111.384799887426993, 40.005581648996902 ], [ -111.389146008438999, 40.0068915718496 ], [ -111.393309873931003, 40.007855164404901 ], [ -111.397171306022003, 40.008409610028998 ], [ -111.402258275847004, 40.008910125941199 ], [ -111.406985205400005, 40.009321585832602 ], [ -111.416562057646999, 40.010400352697403 ], [ -111.417968598887001, 40.010485385966 ], [ -111.420032811710996, 40.010608564250298 ], [ -111.423084859132004, 40.010917398416801 ], [ -111.427901133868005, 40.011165503052098 ], [ -111.432449465866, 40.011486485522298 ], [ -111.435981304533996, 40.011905720152598 ], [ -111.439961410609001, 40.0123863043966 ], [ -111.442625439135995, 40.012696005873998 ], [ -111.445918137727006, 40.013043772596397 ], [ -111.449208872179, 40.0133013559525 ], [ -111.451932280907997, 40.013470962245798 ], [ -111.455222641030005, 40.013683417632102 ], [ -111.458392051987005, 40.013643895427599 ], [ -111.460840981839993, 40.013242259670903 ], [ -111.463705743283995, 40.012496539247302 ], [ -111.466506494391993, 40.011358992191198 ], [ -111.485839760068004, 40.008364547036898 ], [ -111.490715181213005, 40.0164082520145 ], [ -111.491389087412998, 40.019252557473799 ], [ -111.491189145503995, 40.021765583671701 ], [ -111.492030724374004, 40.024791077803599 ], [ -111.491983053802997, 40.026165260386101 ], [ -111.494510398784001, 40.029204286876599 ], [ -111.494703888846999, 40.031490662916397 ], [ -111.493871650656999, 40.034111078659897 ], [ -111.490336478539007, 40.039621461649801 ], [ -111.482356946619007, 40.042664278759801 ], [ -111.476249664348003, 40.0472561882791 ], [ -111.467419196327995, 40.049005878655798 ], [ -111.463702797397005, 40.053338607234998 ], [ -111.462661508032994, 40.057958331846002 ], [ -111.444824225792004, 40.069326028947899 ], [ -111.439417838679006, 40.070050765347901 ], [ -111.437662253081001, 40.0701538141656 ], [ -111.434285606162007, 40.0718049258547 ], [ -111.431412925226994, 40.073839585966297 ], [ -111.425025565886997, 40.075598003120199 ], [ -111.417484577324998, 40.077309146565298 ], [ -111.415663032924996, 40.077865284862398 ], [ -111.413064057579007, 40.0784737221908 ], [ -111.410761826346004, 40.078896351766602 ], [ -111.407353944891, 40.079345262765301 ], [ -111.404745141706002, 40.080415652481697 ], [ -111.401134472132995, 40.079825826875798 ], [ -111.398772830620999, 40.078267834229301 ], [ -111.395949957772004, 40.078277516953399 ], [ -111.393436536674002, 40.077563146369798 ], [ -111.390769119276001, 40.077331256784603 ], [ -111.387638020281003, 40.0783055381238 ], [ -111.384029635646996, 40.078076548097798 ], [ -111.380424626422993, 40.078449819590901 ], [ -111.377914571760996, 40.078337576156102 ], [ -111.373842383652999, 40.079314550992301 ], [ -111.367887983692, 40.080297375310003 ], [ -111.363070827851999, 40.083211426347702 ], [ -111.354459445024006, 40.086752216457398 ], [ -111.347673868563007, 40.091541130889198 ], [ -111.34573881675, 40.096629344371102 ], [ -111.342577800734006, 40.101721153802998 ], [ -111.343087834591998, 40.105672702628901 ], [ -111.346717203126005, 40.105891460229103 ], [ -111.351668809689002, 40.1058352682292 ], [ -111.351194318154995, 40.1081169495693 ], [ -111.350404539268993, 40.110840242036403 ], [ -111.349294133279002, 40.1148754817686 ], [ -111.348876874145006, 40.119359101804697 ], [ -111.348851090324999, 40.124210931275002 ], [ -111.348880257307002, 40.128355339551902 ], [ -111.348369597673994, 40.132451817356099 ], [ -111.346683936381993, 40.135686805414998 ], [ -111.343376949214999, 40.138264383466399 ], [ -111.338859120695005, 40.139061523055098 ], [ -111.333312283246002, 40.138374785068599 ], [ -111.327120719548006, 40.135356126589301 ], [ -111.324639465702006, 40.131727656849897 ], [ -111.322362010571993, 40.126909299632203 ], [ -111.320600625552004, 40.123229178761399 ], [ -111.318928957710995, 40.119620858273599 ], [ -111.316422681827007, 40.116451759924601 ], [ -111.313865657060006, 40.114674726533501 ], [ -111.310139622445007, 40.112630574094801 ], [ -111.304642741457997, 40.110180944708198 ], [ -111.299361174001007, 40.108257559120403 ], [ -111.293000167049001, 40.106106922080698 ], [ -111.287144718720995, 40.103495191523898 ] ] ] } },
{ "type": "Feature", "properties": { "FID": 99, "SEASON": "summer", "VALUE": "crucial", "SPECIES": "mule deer", "COMMENTS": " " }, "geometry": { "type": "MultiPolygon", "coordinates": [ [ [ [ -111.269693646655995, 40.034063591066101 ], [ -111.273461849878998, 40.039942617169601 ], [ -111.279949920755996, 40.044637494990397 ], [ -111.287089707659007, 40.042134063795203 ], [ -111.292179518197997, 40.0380652549212 ], [ -111.297605232104004, 40.033079518946103 ], [ -111.302701380848006, 40.0307111746001 ], [ -111.313445998827007, 40.035392985654703 ], [ -111.323333428782007, 40.038506066501498 ], [ -111.326064521725002, 40.040068536926903 ], [ -111.329473524826, 40.0409748214947 ], [ -111.334239496932994, 40.040830350756899 ], [ -111.340193726055006, 40.040028006157897 ], [ -111.346309523786999, 40.037523838606802 ], [ -111.349692716936005, 40.033326771259297 ], [ -111.351869934286995, 40.026385483087203 ], [ -111.358991563561005, 40.021260795651202 ], [ -111.365954449781, 40.018491406186001 ], [ -111.370483783317994, 40.018620539921599 ], [ -111.375904306180999, 40.019603255354099 ], [ -111.383419172424993, 40.020808464618902 ], [ -111.391502838535004, 40.021961802259199 ], [ -111.397191339209002, 40.022780439795604 ], [ -111.403061545995001, 40.023805299554702 ], [ -111.410509429890993, 40.024022417808197 ], [ -111.417509467903002, 40.0241461596611 ], [ -111.423938568731003, 40.024118313306701 ], [ -111.431293327950996, 40.023712765367499 ], [ -111.439217995209006, 40.023651556430501 ], [ -111.445558054621003, 40.023618343251201 ], [ -111.451718689822002, 40.023585482737502 ], [ -111.457892498608004, 40.025156062127898 ], [ -111.461013387793997, 40.026378018927502 ], [ -111.464022901432003, 40.028442835117502 ], [ -111.465510388295002, 40.031045268999797 ], [ -111.465559476604994, 40.033266053393298 ], [ -111.464776304249995, 40.036012650427303 ], [ -111.462636085810999, 40.037602506804397 ], [ -111.460402535116998, 40.038715090465303 ], [ -111.458968844617004, 40.039063146502002 ], [ -111.452639139493996, 40.040380936515703 ], [ -111.448009407876995, 40.041362966676601 ], [ -111.442995746508998, 40.042832803666997 ], [ -111.436520449445993, 40.0446953560566 ], [ -111.432046507785998, 40.046297829889902 ], [ -111.426656866098995, 40.049457767054598 ], [ -111.423469612405995, 40.051280406020901 ], [ -111.421919731196994, 40.052042873491303 ], [ -111.416381655259002, 40.055392074598103 ], [ -111.411884076928999, 40.057975908091301 ], [ -111.407659096586002, 40.061085763254802 ], [ -111.404648803811995, 40.062632464728097 ], [ -111.402411711284998, 40.063442116945097 ], [ -111.398025826161003, 40.065250191305701 ], [ -111.393425453139002, 40.0663020162674 ], [ -111.386667415676996, 40.066928416136697 ], [ -111.380710660247004, 40.066839937913301 ], [ -111.375259688203002, 40.066132444130098 ], [ -111.370073938768002, 40.065009311830998 ], [ -111.365943140145006, 40.064482573643097 ], [ -111.363705215343998, 40.064197166822602 ], [ -111.361684831760002, 40.063912659546801 ], [ -111.356796879068, 40.063224160317503 ], [ -111.351936716165, 40.062539334494097 ], [ -111.345802395429004, 40.063241190249002 ], [ -111.341166504369994, 40.064453852133099 ], [ -111.335041682676007, 40.064471636223402 ], [ -111.331352173159999, 40.061470401320399 ], [ -111.326673023650997, 40.057901528306097 ], [ -111.325942832720003, 40.057344443522197 ], [ -111.323238348339004, 40.055281322953398 ], [ -111.318083644984, 40.053036678315003 ], [ -111.312209783287003, 40.054182110691997 ], [ -111.310610153637001, 40.054450033792499 ], [ -111.305355911898005, 40.055329742138603 ], [ -111.303161660059004, 40.055859328008502 ], [ -111.298259342826995, 40.057042410912302 ], [ -111.292879619654997, 40.059314955000602 ], [ -111.290931772801002, 40.062143499111599 ], [ -111.292408938090006, 40.0638338715126 ], [ -111.297549700188995, 40.062879631164002 ], [ -111.302206244922004, 40.063244093132099 ], [ -111.307106100593998, 40.063231208525202 ], [ -111.312006812034994, 40.0634064167375 ], [ -111.317818481955001, 40.064200049603002 ], [ -111.323337912721996, 40.066126452723502 ], [ -111.329518414968007, 40.068433624546302 ], [ -111.335520318948994, 40.071015777439399 ], [ -111.339672126626994, 40.074157151132901 ], [ -111.340733181603994, 40.076212832441698 ], [ -111.340057151669996, 40.077953682482601 ], [ -111.338687357002001, 40.078989300719499 ], [ -111.335637780723999, 40.079439649370997 ], [ -111.331537724803994, 40.079501008958196 ], [ -111.326537707021998, 40.079339432222397 ], [ -111.321896510477004, 40.079082131861497 ], [ -111.316358871351994, 40.078989180754697 ], [ -111.311868891857003, 40.0789833359214 ], [ -111.309743098693005, 40.078858399218703 ], [ -111.304592377573002, 40.078466531667303 ], [ -111.299381387026997, 40.077957555280101 ], [ -111.295340472830006, 40.077904860046999 ], [ -111.288964717252995, 40.077974906841 ], [ -111.283817379488994, 40.078014660818901 ], [ -111.279178619312006, 40.078034852163903 ], [ -111.273823965497996, 40.078556678558101 ], [ -111.270114949331003, 40.079096956248499 ], [ -111.266682676832005, 40.080780705520603 ], [ -111.265710598124002, 40.0836210719132 ], [ -111.265724449622994, 40.085977064917401 ], [ -111.267000929736994, 40.0892897712652 ], [ -111.269112629882002, 40.0920283217433 ], [ -111.272091786044001, 40.094557666307601 ], [ -111.274229170756996, 40.096588803977298 ], [ -111.277325617322006, 40.098725814844698 ], [ -111.282461784882003, 40.1014794502127 ], [ -111.287144718720995, 40.103495191523898 ], [ -111.293000167049001, 40.106106922080698 ], [ -111.299361174001007, 40.108257559120403 ], [ -111.304642741457997, 40.110180944708198 ], [ -111.310139622445007, 40.112630574094801 ], [ -111.313865657060006, 40.114674726533501 ], [ -111.316422681827007, 40.116451759924601 ], [ -111.318928957710995, 40.119620858273599 ], [ -111.320600625552004, 40.123229178761399 ], [ -111.322362010571993, 40.126909299632203 ], [ -111.324639465702006, 40.131727656849897 ], [ -111.327120719548006, 40.135356126589301 ], [ -111.333312283246002, 40.138374785068599 ], [ -111.338859120695005, 40.139061523055098 ], [ -111.343376949214999, 40.138264383466399 ], [ -111.346683936381993, 40.135686805414998 ], [ -111.348369597673994, 40.132451817356099 ], [ -111.348880257307002, 40.128355339551902 ], [ -111.348851090324999, 40.124210931275002 ], [ -111.348876874145006, 40.119359101804697 ], [ -111.349294133279002, 40.1148754817686 ], [ -111.350404539268993, 40.110840242036403 ], [ -111.351194318154995, 40.1081169495693 ], [ -111.351668809689002, 40.1058352682292 ], [ -111.354531398036997, 40.104055972930297 ], [ -111.355950240054995, 40.1031740851503 ], [ -111.357675685971998, 40.101677678772802 ], [ -111.360027146348997, 40.099746840672999 ], [ -111.363095823207999, 40.097651445090499 ], [ -111.366589618400994, 40.096307016647103 ], [ -111.370649958661005, 40.0947354306401 ], [ -111.374562259436004, 40.0934344696701 ], [ -111.377465079561006, 40.091346435972703 ], [ -111.381319690864004, 40.088573350932499 ], [ -111.385414719992994, 40.0897374471622 ], [ -111.387944627680994, 40.091328481145403 ], [ -111.389347016862004, 40.092210323056399 ], [ -111.389538114765003, 40.095873172818798 ], [ -111.386504750537995, 40.101771207197302 ], [ -111.380577672005998, 40.108332888277701 ], [ -111.380256487268994, 40.111866606595903 ], [ -111.381119451098996, 40.113826420080699 ], [ -111.385544323076999, 40.112765040739298 ], [ -111.389607398181994, 40.108041227691402 ], [ -111.393490510668002, 40.101747776262599 ], [ -111.396018963624002, 40.09702884395 ], [ -111.397872610242004, 40.093489820523999 ], [ -111.401101825577996, 40.0921703065681 ], [ -111.402150666994999, 40.092267307503 ], [ -111.403747291632001, 40.0924149170161 ], [ -111.405271268850996, 40.092555821291697 ], [ -111.407145614759003, 40.0927291705163 ], [ -111.409970002915998, 40.092990218103203 ], [ -111.410647375392998, 40.093052778085301 ], [ -111.412383478587003, 40.093213198263101 ], [ -111.414738516151999, 40.093430751388098 ], [ -111.417802553862998, 40.093027281374802 ], [ -111.419774916243, 40.093146285164998 ], [ -111.421892922146995, 40.093274094987798 ], [ -111.425129798667996, 40.093262350539703 ], [ -111.428199504483999, 40.093774412148399 ], [ -111.430591220420993, 40.094812282963197 ], [ -111.434351646935994, 40.096760896640802 ], [ -111.434424580935996, 40.097991155309202 ], [ -111.434632873289999, 40.101502677830403 ], [ -111.434832787730002, 40.104874130061198 ], [ -111.435055206732002, 40.108625249654402 ], [ -111.435305905554998, 40.112850794843801 ], [ -111.437187973372005, 40.114021348399397 ], [ -111.438317540699003, 40.113563356606598 ], [ -111.441097329529995, 40.112436426013197 ], [ -111.442100110935996, 40.108715698222298 ], [ -111.442262247414007, 40.1081142297665 ], [ -111.443076121307001, 40.102223259755199 ], [ -111.444717345960996, 40.0990264903552 ], [ -111.448796225153998, 40.091079780448197 ], [ -111.453708786739, 40.086873694086599 ], [ -111.459225751144999, 40.083280450344603 ], [ -111.478536616751001, 40.0691972669322 ], [ -111.502488699050005, 40.047711803492703 ], [ -111.503482822532007, 40.046898419551702 ], [ -111.504606152186, 40.047680797707002 ], [ -111.506890389499006, 40.049085344827098 ], [ -111.509181153789996, 40.050787226692997 ], [ -111.511237020596994, 40.052904453505697 ], [ -111.513261688181998, 40.054909250451701 ], [ -111.515581425115997, 40.056565736695198 ], [ -111.518779593250002, 40.059087766923597 ], [ -111.522727061552004, 40.061813550770502 ], [ -111.525407988072999, 40.063535779478002 ], [ -111.528272480645995, 40.065626593636203 ], [ -111.530740791190993, 40.066962252383597 ], [ -111.533208200849003, 40.068320386267096 ], [ -111.535043253694994, 40.069181445075003 ], [ -111.537031517163001, 40.070402059411499 ], [ -111.539587638048999, 40.0715569283458 ], [ -111.542084235719997, 40.072707514210499 ], [ -111.543867796870003, 40.074438101221602 ], [ -111.544876696703994, 40.076537195662098 ], [ -111.545672328913, 40.0781822097683 ], [ -111.546970298914005, 40.079338328213097 ], [ -111.548566986348007, 40.0802677774372 ], [ -111.550435621866001, 40.081448271583398 ], [ -111.550808342929002, 40.082725863704901 ], [ -111.550313021481003, 40.084124706144799 ], [ -111.549189633682005, 40.085504091626902 ], [ -111.546820660655001, 40.0881956539478 ], [ -111.546510897127007, 40.0901207542394 ], [ -111.546863337816006, 40.092385093062703 ], [ -111.547213690828997, 40.094532225042997 ], [ -111.546963614359001, 40.096411994581999 ], [ -111.546016673539995, 40.0975606791635 ], [ -111.543419084703004, 40.1014020560227 ], [ -111.543437990236001, 40.103321096780199 ], [ -111.543702710022998, 40.105815505620797 ], [ -111.543791005027998, 40.108608146940497 ], [ -111.543248981391002, 40.111286620725501 ], [ -111.542825287889997, 40.113946517178803 ], [ -111.542847066323006, 40.116095193981501 ], [ -111.543130120789996, 40.117467913749998 ], [ -111.543896294115001, 40.119086037152599 ], [ -111.544148082912997, 40.120301143332902 ], [ -111.545059149742997, 40.121553780837402 ], [ -111.545509751091004, 40.122677401728097 ], [ -111.545894025121001, 40.123635557728598 ], [ -111.545460727139996, 40.1256918644008 ], [ -111.545261356639998, 40.126724395246598 ], [ -111.544765439981006, 40.128145730886096 ], [ -111.543792866022997, 40.129686517290203 ], [ -111.540365862030001, 40.131648707380997 ], [ -111.537434816415995, 40.132238956715199 ], [ -111.536239124063997, 40.132451718681097 ], [ -111.533995210647007, 40.132870759583398 ], [ -111.532948783568997, 40.133066131588897 ], [ -111.528192493736, 40.133961847098703 ], [ -111.525828049159003, 40.1342744264809 ], [ -111.523731200133994, 40.134356094800403 ], [ -111.515848771101005, 40.1342383127838 ], [ -111.512157588481003, 40.133687095464701 ], [ -111.508854855929997, 40.132976387252498 ], [ -111.503628911038007, 40.131701858675399 ], [ -111.498845701498993, 40.129758481243499 ], [ -111.495469088655, 40.127556538426902 ], [ -111.490826564564003, 40.124539908585596 ], [ -111.487107682572002, 40.124100627400502 ], [ -111.485133894068994, 40.124500827924798 ], [ -111.484552937770999, 40.126516895140398 ], [ -111.484597945185996, 40.128210592324102 ], [ -111.485337104625998, 40.130333840185799 ], [ -111.486368182175994, 40.131725993822002 ], [ -111.487759686359993, 40.1330896818491 ], [ -111.489121009426, 40.134525466424599 ], [ -111.490480621494996, 40.1357315887279 ], [ -111.491899653394995, 40.136820228319898 ], [ -111.494487637166998, 40.138066126310797 ], [ -111.497224411044002, 40.139081494180701 ], [ -111.500442536467006, 40.140252474679002 ], [ -111.504379393397002, 40.141447175530502 ], [ -111.508254889338005, 40.142407763826697 ], [ -111.512399532513001, 40.143254412439902 ], [ -111.516993403916999, 40.144189002813 ], [ -111.521387096921998, 40.1460883299331 ], [ -111.524674586673001, 40.148060078076199 ], [ -111.526100962450002, 40.149905150088003 ], [ -111.526113068716995, 40.151139397175797 ], [ -111.525322139329006, 40.153021559359502 ], [ -111.523750186192004, 40.154744989918598 ], [ -111.520853613022993, 40.155861809109801 ], [ -111.517595705901996, 40.156863048108903 ], [ -111.515979938146003, 40.1571946013717 ], [ -111.51278143815, 40.158150302605598 ], [ -111.511560152010006, 40.158935116154296 ], [ -111.510754120656998, 40.159353111177701 ], [ -111.507747029293, 40.161452124484804 ], [ -111.500915793526005, 40.165126398178998 ], [ -111.497595892603997, 40.165924538767001 ], [ -111.491339320533996, 40.166987258978999 ], [ -111.486759593447005, 40.167722857134798 ], [ -111.483322476588, 40.168908489215397 ], [ -111.480464448362, 40.171190774638397 ], [ -111.477197476195997, 40.174591850602603 ], [ -111.475660874805001, 40.177098393633102 ], [ -111.473412988030006, 40.180540306279099 ], [ -111.470346881679006, 40.183052930823202 ], [ -111.466696134258996, 40.183919099605703 ], [ -111.462794845763995, 40.1835742917023 ], [ -111.460126059163997, 40.1835624055539 ], [ -111.455993012538002, 40.184227349705701 ], [ -111.451743539362994, 40.185185498507103 ], [ -111.447230510281997, 40.187063475345496 ], [ -111.442478792939994, 40.188892636505201 ], [ -111.438774990856999, 40.190744663864201 ], [ -111.434924599037998, 40.192889930681403 ], [ -111.431851367630003, 40.194757384078798 ], [ -111.427021541504999, 40.1983520540443 ], [ -111.422388961951995, 40.200319595977497 ], [ -111.417330202588005, 40.201581247738297 ], [ -111.412500679236999, 40.201535401581303 ], [ -111.407966084948995, 40.200961262000803 ], [ -111.403280134636006, 40.200112683651597 ], [ -111.397092173217999, 40.199066364497803 ], [ -111.393248656588995, 40.198399270645503 ], [ -111.390066318991003, 40.198139663383401 ], [ -111.387128971674002, 40.1983342174059 ], [ -111.385604212879997, 40.1990060063426 ], [ -111.383489783588999, 40.200981596647402 ], [ -111.381287498388005, 40.203236730285397 ], [ -111.377717198591995, 40.207163131348999 ], [ -111.373594191040993, 40.2094017544525 ], [ -111.370091710012005, 40.210381520699599 ], [ -111.367633979933998, 40.210758739584001 ], [ -111.365513689221004, 40.212026776129598 ], [ -111.363159254140996, 40.214092843928398 ], [ -111.360477367073003, 40.216556298697199 ], [ -111.356542091259996, 40.2200956804854 ], [ -111.353678453525006, 40.222235196061 ], [ -111.350635069272002, 40.224699524177304 ], [ -111.348906129171993, 40.226263379149302 ], [ -111.347631151281007, 40.228443080790797 ], [ -111.347530000936999, 40.2310065638761 ], [ -111.347127901636995, 40.233476440007898 ], [ -111.346254822760997, 40.237281115961402 ], [ -111.346932562328007, 40.239725139604502 ], [ -111.349071120049004, 40.240840469835 ], [ -111.352193823788994, 40.241078767825897 ], [ -111.355913011707997, 40.240720618515503 ], [ -111.359181278215004, 40.240269061211002 ], [ -111.363231928980994, 40.2400898355829 ], [ -111.367462832666007, 40.240072065212502 ], [ -111.371218236595993, 40.240515055457998 ], [ -111.376057309212001, 40.241386948743497 ], [ -111.381345172861998, 40.242117515921201 ], [ -111.386032931486994, 40.242759750547897 ], [ -111.389219634453994, 40.243501451552099 ], [ -111.393610422430996, 40.2446038559508 ], [ -111.397670687258994, 40.2456576779324 ], [ -111.402091518573002, 40.246624515797002 ], [ -111.406387035006006, 40.247082504485498 ], [ -111.410768961331001, 40.247062710032701 ], [ -111.416559016158004, 40.246762723621401 ], [ -111.420667002941002, 40.246121802866597 ], [ -111.424051013226006, 40.245235543257103 ], [ -111.427251372450002, 40.243894979167997 ], [ -111.430776560176, 40.2418862433016 ], [ -111.433574486875003, 40.2390783810987 ], [ -111.435707174827002, 40.235795368637497 ], [ -111.438224389821002, 40.231781188946599 ], [ -111.440591323750994, 40.227875547092303 ], [ -111.442721389808995, 40.224295099590499 ], [ -111.445087395916005, 40.220326389291102 ], [ -111.447754299777998, 40.216351869982397 ], [ -111.449864099039999, 40.214100343616899 ], [ -111.452400798286007, 40.212554350385503 ], [ -111.456381208376996, 40.211367500046101 ], [ -111.460004577537006, 40.2106819553943 ], [ -111.464552674320004, 40.209357515405102 ], [ -111.46868200438, 40.2080975688826 ], [ -111.473141706969002, 40.206953247727199 ], [ -111.478416827453003, 40.206490194318398 ], [ -111.483154367696997, 40.206236362459698 ], [ -111.488406781394005, 40.206507126911902 ], [ -111.492368989278006, 40.206805761630498 ], [ -111.495821433063995, 40.207128968797598 ], [ -111.501228870316993, 40.207898600056801 ], [ -111.504801530568002, 40.208225343059901 ], [ -111.507193450060996, 40.207363497196603 ], [ -111.509723225862004, 40.205289137506497 ], [ -111.512239087333, 40.201683090902002 ], [ -111.513713368509002, 40.198996162245201 ], [ -111.515444770730994, 40.1950287291642 ], [ -111.516974214651995, 40.191859505612697 ], [ -111.518921990851993, 40.188647843500497 ], [ -111.520521727022, 40.186599931678103 ], [ -111.522843070061001, 40.184733434336103 ], [ -111.528229750944007, 40.183578205605301 ], [ -111.532787630029006, 40.183575338723799 ], [ -111.535852943158005, 40.184223386062499 ], [ -111.538921961941995, 40.185213603720399 ], [ -111.542475784795997, 40.186724106882799 ], [ -111.546029340117002, 40.188166930705201 ], [ -111.550190561031997, 40.1903860747585 ], [ -111.551165543840995, 40.191958178239098 ], [ -111.550259660726994, 40.194255478251002 ], [ -111.550316052495006, 40.196885963327198 ], [ -111.552303484193999, 40.197696356093402 ], [ -111.555897902141993, 40.197170028732103 ], [ -111.559185547252994, 40.196005492980397 ], [ -111.562857451487005, 40.1943388828889 ], [ -111.567073801304005, 40.1931920373708 ], [ -111.569952432234999, 40.193033749829297 ], [ -111.571726668253007, 40.1934844818147 ], [ -111.573565739043005, 40.194362812984402 ], [ -111.575441418119993, 40.195952677072903 ], [ -111.577081778519997, 40.197935593165397 ], [ -111.579598686018002, 40.200436735793197 ], [ -111.580747119440005, 40.201322911840201 ], [ -111.583592221928001, 40.200822005157498 ], [ -111.585661222625006, 40.200811556003799 ], [ -111.586927641718006, 40.201444810043903 ], [ -111.588693658842999, 40.203881896571403 ], [ -111.589644177438998, 40.205773538253602 ], [ -111.590337553325, 40.2089278889433 ], [ -111.590535521383003, 40.2105756887129 ], [ -111.590423749467007, 40.214121454635702 ], [ -111.588984419669004, 40.217016386197898 ], [ -111.587623304941999, 40.218762205419402 ], [ -111.584576092188996, 40.2200210201581 ], [ -111.579656399781001, 40.220095313921099 ], [ -111.577015684851006, 40.220113103166902 ], [ -111.573960567032998, 40.220632818542398 ], [ -111.572629850135996, 40.222427862135 ], [ -111.572415491635994, 40.224901997067398 ], [ -111.573012317768999, 40.2275073481416 ], [ -111.573787885003, 40.229837023142601 ], [ -111.575616530453004, 40.232571295340499 ], [ -111.577827863986997, 40.234546840809799 ], [ -111.579097783815001, 40.235387373526002 ], [ -111.580819111359006, 40.236360767991499 ], [ -111.584491933886, 40.237481961244498 ], [ -111.587227845269993, 40.237900470777703 ], [ -111.589753015252001, 40.238293051640703 ], [ -111.592218339564994, 40.238735434994297 ], [ -111.594418074618005, 40.239548513432503 ], [ -111.594992553015999, 40.239865393314197 ], [ -111.596158267668997, 40.242260385178298 ], [ -111.597172268088997, 40.244426408914102 ], [ -111.598476751207997, 40.2456989965806 ], [ -111.603329575767006, 40.250268649419802 ], [ -111.603276067623995, 40.2508635441095 ], [ -111.602989471447998, 40.252076792399599 ], [ -111.602755785268997, 40.252654606704297 ], [ -111.602346508381999, 40.253706324143202 ], [ -111.601786613859005, 40.254628188120897 ], [ -111.601282579797996, 40.255180376819801 ], [ -111.599650309308004, 40.256950258883599 ], [ -111.598655793857006, 40.259360896162001 ], [ -111.598762592230997, 40.260964001837301 ], [ -111.599866680052997, 40.2630619582579 ], [ -111.601628742583998, 40.264949270139198 ], [ -111.604325973841995, 40.267241597545997 ], [ -111.606599447722004, 40.2691981441845 ], [ -111.607518932624998, 40.270905087036098 ], [ -111.607195064061997, 40.271528428420403 ], [ -111.606506780708003, 40.271622131061498 ], [ -111.605152117326, 40.271404081274099 ], [ -111.603222964260993, 40.270729447610996 ], [ -111.599277337103004, 40.269587839602103 ], [ -111.595396867730003, 40.2689006410411 ], [ -111.592876069168994, 40.269008271873602 ], [ -111.590453497165001, 40.269984654329399 ], [ -111.589297753175998, 40.271414015715898 ], [ -111.589194648192006, 40.272923598492802 ], [ -111.589775257946002, 40.273835084358403 ], [ -111.591195203826004, 40.274674712084199 ], [ -111.593545077589994, 40.2754149582004 ], [ -111.596944269920996, 40.275919920698399 ], [ -111.60001216261, 40.276331994155598 ], [ -111.602996138359998, 40.277343451105097 ], [ -111.605083163377998, 40.278724490884201 ], [ -111.606429671672998, 40.281028322778802 ], [ -111.606758218368, 40.283567217171203 ], [ -111.606548115928007, 40.286383717320398 ], [ -111.606750492298005, 40.288373705254301 ], [ -111.608236237941995, 40.2896452204658 ], [ -111.609474245027997, 40.290233317275998 ], [ -111.612448239859006, 40.290303200957403 ], [ -111.615126708938007, 40.290788915798899 ], [ -111.616822550850003, 40.291969109964803 ], [ -111.618071149585006, 40.2935390671378 ], [ -111.619261490724995, 40.295203919314403 ], [ -111.620912487534, 40.297776221809997 ], [ -111.622926954210996, 40.300603306421998 ], [ -111.624478776125002, 40.302356157821897 ], [ -111.626608338276, 40.304745606088296 ], [ -111.628036680549997, 40.306219880612502 ], [ -111.630101067922993, 40.308015006906103 ], [ -111.632830865141997, 40.310355930451898 ], [ -111.635476525719, 40.313129783286598 ], [ -111.636913917859005, 40.315164449276303 ], [ -111.633616809987998, 40.3185075873361 ], [ -111.629041002734994, 40.322042459614799 ], [ -111.624844484251994, 40.3239081276799 ], [ -111.612876353469005, 40.3318045801037 ], [ -111.611304471164999, 40.332620032136099 ], [ -111.613166884446997, 40.328773155152497 ], [ -111.614002897397995, 40.3228092181063 ], [ -111.611925481542002, 40.314476965804602 ], [ -111.608304009527004, 40.3075149895311 ], [ -111.604247508661999, 40.301576721915197 ], [ -111.601075269307003, 40.294952703912699 ], [ -111.598813943251997, 40.2907076421574 ], [ -111.594498068335994, 40.287595212599904 ], [ -111.594553490234006, 40.286643187970697 ], [ -111.592067560401006, 40.282058589885999 ], [ -111.588929940374001, 40.279180008772101 ], [ -111.583581149675993, 40.277674719000899 ], [ -111.578026122203994, 40.278043244004202 ], [ -111.570919154641004, 40.278929997255503 ], [ -111.560688328696003, 40.278469378161297 ], [ -111.555136001376994, 40.279177252758998 ], [ -111.556057340208994, 40.283089169175803 ], [ -111.556964811379004, 40.285298296898397 ], [ -111.558756097702997, 40.286822139944903 ], [ -111.563681605523996, 40.290884678347503 ], [ -111.568841490864003, 40.296308052440601 ], [ -111.571332010316993, 40.301574217851901 ], [ -111.573369475194994, 40.305820921300402 ], [ -111.574520427322994, 40.310412540660501 ], [ -111.577464151716001, 40.316527590413301 ], [ -111.580421420776005, 40.3241750487581 ], [ -111.582022513805001, 40.329275050255603 ], [ -111.585611692845006, 40.332662326797703 ], [ -111.588548427716006, 40.333096260497499 ], [ -111.588069404319995, 40.333841776069498 ], [ -111.582546410462996, 40.3384671189174 ], [ -111.573002851509997, 40.341409535422798 ], [ -111.569011730878998, 40.343131976311298 ], [ -111.566375515960999, 40.347231484862 ], [ -111.564853982054998, 40.351594957333397 ], [ -111.564214612846996, 40.351388884812003 ], [ -111.560535737251996, 40.350244587540097 ], [ -111.556849976034002, 40.348505689500001 ], [ -111.556509809342998, 40.347547847855701 ], [ -111.557507993610997, 40.345205065060199 ], [ -111.559051678022996, 40.343341719744402 ], [ -111.562567240359996, 40.340324521088597 ], [ -111.563915134968994, 40.337020589027397 ], [ -111.563765875968997, 40.334250985010002 ], [ -111.561982231117, 40.333232614287901 ], [ -111.558104098865996, 40.333098324163501 ], [ -111.556305397206003, 40.333543935506903 ], [ -111.555108965952002, 40.334076722307799 ], [ -111.552958695379999, 40.335460926319698 ], [ -111.549449260616996, 40.335975498708997 ], [ -111.546174377059998, 40.336325520396599 ], [ -111.535769890216002, 40.333113834795299 ], [ -111.534519040467003, 40.327813459195397 ], [ -111.536422110567003, 40.325831628715001 ], [ -111.537630061591003, 40.3233528966162 ], [ -111.537526571935004, 40.3220290200044 ], [ -111.537799407345005, 40.320396719608802 ], [ -111.535799012984, 40.3160586822952 ], [ -111.528797272532998, 40.314586174688301 ], [ -111.523334602785994, 40.314360288072301 ], [ -111.519966271119998, 40.3166328343288 ], [ -111.517961519856996, 40.318753595307001 ], [ -111.513735025721999, 40.319713998209103 ], [ -111.510703165832993, 40.320074368753701 ], [ -111.507226652428002, 40.321103204423999 ], [ -111.504660154939998, 40.3229253773209 ], [ -111.501487786807004, 40.324223080493198 ], [ -111.497791915825999, 40.3242659812298 ], [ -111.493998980252996, 40.323556906624098 ], [ -111.490174646285993, 40.322775856601901 ], [ -111.483945275839005, 40.321756921786097 ], [ -111.477205671460993, 40.320829849446199 ], [ -111.473021827620997, 40.320076651525198 ], [ -111.469538085017007, 40.320297966719203 ], [ -111.466874915394996, 40.321574545624898 ], [ -111.465418574625005, 40.323274153370299 ], [ -111.464814295956003, 40.326299185763702 ], [ -111.465373702106007, 40.328378072026602 ], [ -111.467383837490004, 40.3313656300354 ], [ -111.468931910386999, 40.3330711195213 ], [ -111.471784244621006, 40.336077703928297 ], [ -111.474420276917996, 40.338422835303803 ], [ -111.477782556972002, 40.3412650096204 ], [ -111.480905762256, 40.344175647701398 ], [ -111.481923811838001, 40.345140261338599 ], [ -111.483452363268, 40.346588509811099 ], [ -111.487450561266002, 40.349770087812601 ], [ -111.490957385168002, 40.351881517297102 ], [ -111.494733071045005, 40.353852047036398 ], [ -111.498236056032994, 40.3555262340764 ], [ -111.502094872832004, 40.356581730608298 ], [ -111.507393542179003, 40.357373848237799 ], [ -111.514164536516006, 40.358024049020401 ], [ -111.529626070665998, 40.362120664902299 ], [ -111.536206222087998, 40.366290510317199 ], [ -111.545332215445995, 40.3717403639316 ], [ -111.547931048988005, 40.370983563336303 ], [ -111.548047851288004, 40.372359248636101 ], [ -111.548464216932004, 40.374897856019999 ], [ -111.547673704016006, 40.376937670329497 ], [ -111.546808246249995, 40.377494386905603 ], [ -111.527712419652005, 40.370149645836598 ], [ -111.502889346846004, 40.368662563962303 ], [ -111.490269177290003, 40.363534312342999 ], [ -111.485835155071996, 40.366070098837803 ], [ -111.456649219121005, 40.353098118726102 ], [ -111.448667964826996, 40.346845519032499 ], [ -111.442893120395993, 40.342888042060302 ], [ -111.435451004192998, 40.334956912120397 ], [ -111.425306708907996, 40.332271521758301 ], [ -111.418722475335002, 40.329781962714101 ], [ -111.406917401659001, 40.323749690731397 ], [ -111.397728407336999, 40.316898027342503 ], [ -111.390701245954006, 40.311656860715402 ], [ -111.383393239973003, 40.312080962074504 ], [ -111.367724301519004, 40.312988610898003 ], [ -111.372733385486001, 40.328263027270701 ], [ -111.364065731783001, 40.3356769595526 ], [ -111.362719138296001, 40.336577610257102 ], [ -111.361107135382994, 40.338073684374898 ], [ -111.359381562992994, 40.340434976075301 ], [ -111.358256244136996, 40.342708705765098 ], [ -111.358218787461993, 40.345866649674001 ], [ -111.358777606263999, 40.348198309105697 ], [ -111.359087709625996, 40.349431611374399 ], [ -111.359424621124006, 40.350322478574498 ], [ -111.360012240421, 40.3525189923743 ], [ -111.360967337106999, 40.355646720240998 ], [ -111.362758775581995, 40.358109731091297 ], [ -111.364908755588999, 40.360206619154802 ], [ -111.365608330388994, 40.360666041819499 ], [ -111.365185854226993, 40.362953193129201 ], [ -111.369947628117004, 40.376513026431198 ], [ -111.377435520450007, 40.398003894323097 ], [ -111.384310237061001, 40.405597940977302 ], [ -111.385527057288002, 40.406941837301197 ], [ -111.387269875835997, 40.408299185343601 ], [ -111.390146708998003, 40.410539454512801 ], [ -111.394230483526997, 40.413719428054897 ], [ -111.397644895222001, 40.416377768972303 ], [ -111.398513720341995, 40.417877138085501 ], [ -111.404755731962993, 40.428647283948997 ], [ -111.410914510940003, 40.436068779811599 ], [ -111.408986291062007, 40.4375842786893 ], [ -111.405362666147994, 40.440432199410601 ], [ -111.400321837250999, 40.441231122289601 ], [ -111.397431648966005, 40.441689025831202 ], [ -111.386954348388002, 40.4479534456908 ], [ -111.380709251739006, 40.443958025436999 ], [ -111.377458881443005, 40.4382313389671 ], [ -111.358304017492003, 40.4268174917447 ], [ -111.352948222945002, 40.428145241697301 ], [ -111.362431380372001, 40.436476077050997 ], [ -111.368224396556997, 40.441703582990499 ], [ -111.373365338940999, 40.446541636524799 ], [ -111.371964909932004, 40.446267230049102 ], [ -111.369439500363995, 40.446829296386298 ], [ -111.368242987849996, 40.447725012482003 ], [ -111.367892883305004, 40.4492846969721 ], [ -111.368181439481006, 40.451594604965202 ], [ -111.367030280886993, 40.453453322792797 ], [ -111.356980335581, 40.442038312520502 ], [ -111.345840467388001, 40.437439429933001 ], [ -111.330634130026993, 40.427446605559503 ], [ -111.308343261814997, 40.413610275016197 ], [ -111.299716887207765, 40.411924491638345 ], [ -111.266429587212841, 40.363465547251984 ], [ -111.265563299776559, 40.362117283351324 ], [ -111.221641137850838, 40.2888520601499 ], [ -111.226815222306996, 40.284111097513097 ], [ -111.228732813440004, 40.282487351505601 ], [ -111.229066762372995, 40.281713598405901 ], [ -111.229496063040997, 40.280718565627701 ], [ -111.231785574342993, 40.275412175201502 ], [ -111.230610021459995, 40.268934446589 ], [ -111.227513244280004, 40.2627549183076 ], [ -111.226340168457995, 40.256866160802197 ], [ -111.225944003644003, 40.253332369417301 ], [ -111.220163262602995, 40.248925120646703 ], [ -111.216306140621995, 40.244808517641999 ], [ -111.212835648986001, 40.241280198268299 ], [ -111.207071920196995, 40.2418796896713 ], [ -111.202469087872004, 40.2451277990126 ], [ -111.197086840864998, 40.2448424818757 ], [ -111.192844403242006, 40.239842104401397 ], [ -111.191675681855003, 40.234247480717201 ], [ -111.194741008381996, 40.231002391741796 ], [ -111.195861063796997, 40.219512830495802 ], [ -111.195458245835994, 40.213033368844698 ], [ -111.193896299162006, 40.204199237452897 ], [ -111.191166034635998, 40.189475967635602 ], [ -111.191531955087996, 40.182995186345401 ], [ -111.195692761626006, 40.179583803866002 ], [ -111.194527310568006, 40.178795993740501 ], [ -111.194879451275, 40.178714315907598 ], [ -111.194996728160007, 40.178651051833697 ], [ -111.194737935738004, 40.1785163446566 ], [ -111.194443830132002, 40.178354667657899 ], [ -111.194337887684, 40.178273759879303 ], [ -111.194091048998004, 40.178211107318397 ], [ -111.193902810764001, 40.178103308517002 ], [ -111.193796792455998, 40.177995371813502 ], [ -111.193726088149006, 40.177914404480902 ], [ -111.193690697633002, 40.177860406585502 ], [ -111.193902272219006, 40.177914109551097 ], [ -111.194125669773996, 40.177994820859197 ], [ -111.194337476439998, 40.178129608294803 ], [ -111.194490401284, 40.178210437163003 ], [ -111.194666843573998, 40.178300235805999 ], [ -111.194807868916001, 40.178327027157302 ], [ -111.194878420289996, 40.178353936978603 ], [ -111.194996031825994, 40.178407796058103 ], [ -111.195101743026001, 40.178407617971096 ], [ -111.195136902667002, 40.178380530167402 ], [ -111.195171881587001, 40.178290376039101 ], [ -111.195124563424002, 40.178173332072802 ], [ -111.194983254608999, 40.178047436893699 ], [ -111.194830252247002, 40.1779395802523 ], [ -111.194606956997006, 40.177894908201999 ], [ -111.194336319832999, 40.177724181943901 ], [ -111.194136311332002, 40.177607393750002 ], [ -111.193971565764997, 40.177499555654002 ], [ -111.193853981987004, 40.177454614900398 ], [ -111.193654026326001, 40.177355844815501 ], [ -111.193524646571007, 40.177292994513202 ], [ -111.193360056421994, 40.177239302488303 ], [ -111.193207058186005, 40.177131353581601 ], [ -111.193136329935996, 40.177041376396502 ], [ -111.193182928520997, 40.176906155867002 ], [ -111.193194392899002, 40.176807032024598 ], [ -111.193123562842004, 40.176681016917797 ], [ -111.192853163761001, 40.176591372432902 ], [ -111.192665084843, 40.176537628438901 ], [ -111.192477082587004, 40.176510912571302 ], [ -111.192218277850003, 40.1763671902035 ], [ -111.191959118796007, 40.176097334552402 ], [ -111.191793999859996, 40.175854351129402 ], [ -111.191723046614001, 40.1756832877401 ], [ -111.191675761547003, 40.175575251772898 ], [ -111.191546336334, 40.175494380269001 ], [ -111.191170060497996, 40.175341840288503 ], [ -111.190887595974999, 40.175135087319603 ], [ -111.190675931268999, 40.175045250775199 ], [ -111.190522766350995, 40.174874412080399 ], [ -111.190428327217006, 40.174703386510203 ], [ -111.190404433989002, 40.174559183340399 ], [ -111.190415952389998, 40.174478078688402 ], [ -111.190462781327, 40.174423944523603 ], [ -111.190474375202001, 40.174369868310301 ], [ -111.190356774205995, 40.174316004575402 ], [ -111.190156807674995, 40.174208218881397 ], [ -111.190097504652002, 40.174001097212503 ], [ -111.190120290565005, 40.173748793118897 ], [ -111.190225239922995, 40.173478334999103 ], [ -111.190342210115006, 40.173306961788697 ], [ -111.190612164366001, 40.173243451005099 ], [ -111.190788361616995, 40.173252170325298 ], [ -111.190905834890998, 40.1732609862175 ], [ -111.191081905885994, 40.173224657673103 ], [ -111.191222742316, 40.173188387058097 ], [ -111.191293261910005, 40.173206379715097 ], [ -111.191375500527002, 40.173215163243903 ], [ -111.191492771488001, 40.173151992768403 ], [ -111.191680510368997, 40.173088525343999 ], [ -111.191844810617994, 40.173043295694697 ], [ -111.191962207512006, 40.173025082065898 ], [ -111.192032523731001, 40.1729709083112 ], [ -111.192090764629995, 40.172799540618101 ], [ -111.192254733417997, 40.172637187098097 ], [ -111.192325227024995, 40.172646079550397 ], [ -111.192278095682994, 40.1725921006731 ], [ -111.191984528993999, 40.172610516774697 ], [ -111.191456093811993, 40.172638420362702 ], [ -111.191221225161001, 40.172647818022099 ], [ -111.190998050630995, 40.172639176862603 ], [ -111.190810059781001, 40.172612458243499 ], [ -111.190680767304002, 40.172576633138902 ], [ -111.190614755339993, 40.172490340475598 ], [ -111.190598252059999, 40.172468654685098 ], [ -111.190539327158007, 40.172396675457698 ], [ -111.190457039015001, 40.172369782266003 ], [ -111.190351387494999, 40.172387975061099 ], [ -111.190245635292996, 40.172370129818901 ], [ -111.190186811442004, 40.1723341883514 ], [ -111.190163045553007, 40.172235122592298 ], [ -111.190245056701002, 40.172162911653203 ], [ -111.190327092841002, 40.172099710141197 ], [ -111.190350405860997, 40.172036605126898 ], [ -111.190303301667996, 40.171991634921298 ], [ -111.190185805509998, 40.171973808924598 ], [ -111.190056640226999, 40.171983030545498 ], [ -111.189986172719003, 40.171983146194798 ], [ -111.189903935513996, 40.171974271578598 ], [ -111.189868425596998, 40.171875225013999 ], [ -111.189809125509001, 40.171668103107002 ], [ -111.189761620461994, 40.171478980887599 ], [ -111.189784507189998, 40.171262714698102 ], [ -111.18984255174, 40.171019362269803 ], [ -111.189853969815999, 40.170902219672698 ], [ -111.189806640864006, 40.170776163862101 ], [ -111.189630224474996, 40.170686357635503 ], [ -111.189489041588004, 40.170596493481902 ], [ -111.189429818920999, 40.170416399795897 ], [ -111.189405578987007, 40.170146153552103 ], [ -111.189369519913001, 40.1698488980295 ], [ -111.189345505743006, 40.169659737156003 ], [ -111.189356899418001, 40.169533585088701 ], [ -111.189391756294, 40.169398385109602 ], [ -111.189508997239997, 40.169326117027097 ], [ -111.189731985139005, 40.169271694654803 ], [ -111.189849426315007, 40.169271502150799 ], [ -111.189943521808999, 40.169280357359497 ], [ -111.190040178269996, 40.169238935102499 ], [ -111.190049093241996, 40.169235136466703 ], [ -111.190248575379997, 40.169216789805098 ], [ -111.190483700898994, 40.169261450887497 ], [ -111.190636357776995, 40.169297237770998 ], [ -111.190765593557003, 40.169315043980397 ], [ -111.190883051290001, 40.169278812275202 ], [ -111.191023930192998, 40.1692605608755 ], [ -111.191141380258998, 40.169305414703302 ], [ -111.191223589116007, 40.169305278962199 ], [ -111.191329302471004, 40.169269066199902 ], [ -111.191376127116996, 40.169214931627003 ], [ -111.191281870775995, 40.169106973001199 ], [ -111.191152382526994, 40.168999072466498 ], [ -111.191069997203002, 40.168936141724998 ], [ -111.190999431837, 40.1689002200225 ], [ -111.190952379885999, 40.168873269033298 ], [ -111.19098741002, 40.168801135000301 ], [ -111.190975312489996, 40.168675021503098 ], [ -111.190881032297, 40.168558053046802 ], [ -111.190704670680006, 40.168486267394897 ], [ -111.190540053402003, 40.168414462147098 ], [ -111.190422412299, 40.168342579416702 ], [ -111.190339927530999, 40.1682435200836 ], [ -111.190374756888005, 40.168099400387497 ], [ -111.190515280857994, 40.167955016720597 ], [ -111.190738086942005, 40.167837525965098 ], [ -111.190949173652001, 40.167729063640301 ], [ -111.191007716135999, 40.1676659003436 ], [ -111.191054413646, 40.167566718426002 ], [ -111.191136367707998, 40.1674764878275 ], [ -111.191335885949002, 40.1674311106283 ], [ -111.191511916341, 40.167385771936402 ], [ -111.191605562690995, 40.167277502594999 ], [ -111.191616901135006, 40.1671333312784 ], [ -111.191604828080003, 40.167016227305602 ], [ -111.191628138195, 40.166953121985301 ], [ -111.191745423263001, 40.166898870609202 ], [ -111.191909759048997, 40.166871569745297 ], [ -111.192050683478001, 40.166871336086999 ], [ -111.192238709788995, 40.166916071739799 ], [ -111.192438327415005, 40.166906730613 ], [ -111.192438022119006, 40.1667986166999 ], [ -111.192390894751, 40.166744637804698 ], [ -111.192249716424996, 40.1666547769454 ], [ -111.192143871027, 40.166600895426598 ], [ -111.191885434495006, 40.166574295394298 ], [ -111.191603662854007, 40.166601790615204 ], [ -111.191204782984997, 40.166746602555499 ], [ -111.190993699719996, 40.1668550653567 ], [ -111.190888157836, 40.166909296612801 ], [ -111.190664951477004, 40.166882545676799 ], [ -111.190488720345996, 40.166855807133402 ], [ -111.190159821300995, 40.166829319151397 ], [ -111.189901535294993, 40.166856771656803 ], [ -111.189619937147995, 40.166947328511903 ], [ -111.189080251096001, 40.167137411310001 ], [ -111.188868863590002, 40.167137756312002 ], [ -111.188610351465002, 40.167084120490898 ], [ -111.188281228, 40.166976541723002 ], [ -111.188104581689004, 40.1668416858016 ], [ -111.187963700176994, 40.166814885980898 ], [ -111.187846337725006, 40.166842105048197 ], [ -111.187635056939996, 40.166923533442798 ], [ -111.187388587578994, 40.1669779897992 ], [ -111.187200613748004, 40.166951265254497 ], [ -111.186953847340007, 40.166897606741301 ], [ -111.186765651677007, 40.1667897960277 ], [ -111.186694942705998, 40.166699814702703 ], [ -111.186553648640995, 40.166564899399098 ], [ -111.186365011045993, 40.166294917085402 ], [ -111.186364690754004, 40.166177793625899 ], [ -111.186364364712006, 40.166015622488999 ], [ -111.186469760921995, 40.165907338359197 ], [ -111.186586875653006, 40.165790025711203 ], [ -111.186762880307001, 40.165735684731501 ], [ -111.187009197348999, 40.165627172719603 ], [ -111.187302388451002, 40.165482546216602 ], [ -111.187631131087997, 40.165454985354501 ], [ -111.188053895687005, 40.165454299507502 ], [ -111.188558714932, 40.1653994212963 ], [ -111.188851826855, 40.165227762382301 ], [ -111.189098063725993, 40.165092217437099 ], [ -111.189168374068004, 40.165038045361101 ], [ -111.189062533610993, 40.164984160998898 ], [ -111.188956843198, 40.164984333524401 ], [ -111.188815997527996, 40.1650115919009 ], [ -111.188592798434996, 40.1649849270404 ], [ -111.188310807956, 40.164931328763302 ], [ -111.188087435268997, 40.164841596440503 ], [ -111.187734985698995, 40.164788111191299 ], [ -111.187441253364995, 40.164734529830703 ], [ -111.186971445715997, 40.1647082607941 ], [ -111.186865607501005, 40.164654374415598 ], [ -111.186689457642998, 40.164654658560302 ], [ -111.186466260288, 40.164627899499202 ], [ -111.186172529876004, 40.164574405009802 ], [ -111.185819935783996, 40.164466856923397 ], [ -111.185455819926005, 40.1644403219751 ], [ -111.185127007860004, 40.164440848155898 ], [ -111.184587036202004, 40.164522796073598 ], [ -111.184199925479007, 40.1647216224084 ], [ -111.183730872056003, 40.164974634729802 ], [ -111.183155736919005, 40.165083660375998 ], [ -111.182580768888002, 40.165255749670102 ], [ -111.182287400007993, 40.165337297740898 ], [ -111.182005485153994, 40.165310712604501 ], [ -111.181676524721993, 40.165257171991897 ], [ -111.181312262630001, 40.1651766571119 ], [ -111.181268819785203, 40.165117687109579 ], [ -111.181842846909319, 40.163112394422726 ], [ -111.182199198535997, 40.163094061091201 ], [ -111.182704050094003, 40.163012179715402 ], [ -111.183244084755003, 40.162957269090001 ], [ -111.183854260741001, 40.162785120548698 ], [ -111.184218001641, 40.162676427915699 ], [ -111.184475986023998, 40.162585921762002 ], [ -111.184722632548002, 40.162558499917701 ], [ -111.185298037779006, 40.162557580533601 ], [ -111.186025585116994, 40.162367213571301 ], [ -111.186483312890005, 40.1622763818688 ], [ -111.186917726592, 40.162248652793203 ], [ -111.187316762660998, 40.162166922067698 ], [ -111.187856240539006, 40.161913780884802 ], [ -111.188114359470006, 40.161832275942601 ], [ -111.188290352690004, 40.161777932629903 ], [ -111.188325332489995, 40.161687870404698 ], [ -111.188325108203998, 40.1616066947823 ], [ -111.188219348635997, 40.161579928208198 ], [ -111.188148966236994, 40.161606981129403 ], [ -111.187996384410994, 40.161634257590002 ], [ -111.187855396285002, 40.161607457779297 ], [ -111.187596757161998, 40.161499762572703 ], [ -111.187491072143999, 40.161499933747997 ], [ -111.187456066804998, 40.161581076317901 ], [ -111.187385684348001, 40.161608218870903 ], [ -111.187244770763002, 40.161608446826797 ], [ -111.187104030296993, 40.161671741136999 ], [ -111.187021978952998, 40.161725930954098 ], [ -111.186916367699993, 40.161753130116402 ], [ -111.186669768395006, 40.161753527928397 ], [ -111.186481809259007, 40.161726802159201 ], [ -111.186493404174001, 40.161672726223401 ], [ -111.186340525961995, 40.161591886455 ], [ -111.186234914642995, 40.161619084996602 ], [ -111.186058846402005, 40.1616463966769 ], [ -111.185941270873997, 40.1615925282807 ], [ -111.185870666680998, 40.161538584374597 ], [ -111.185799964365003, 40.161448602406203 ], [ -111.185729213136, 40.161340601383102 ], [ -111.185623601958994, 40.161367799367902 ], [ -111.185435864888007, 40.161422157439802 ], [ -111.185189584978005, 40.161539675659903 ], [ -111.185001920445998, 40.161621061542803 ], [ -111.184790476722995, 40.161594370546197 ], [ -111.184684645070007, 40.161540482130199 ], [ -111.184461312642, 40.1614597522289 ], [ -111.184355457090007, 40.161396854004401 ], [ -111.184214616966997, 40.161424106788097 ], [ -111.184179632107998, 40.161514257882601 ], [ -111.184027194829994, 40.161595586148202 ], [ -111.183815897342001, 40.1616229504031 ], [ -111.183533851717002, 40.161542311904597 ], [ -111.183204980948005, 40.161515804079002 ], [ -111.182981577784005, 40.161408042801 ], [ -111.182946131847004, 40.161327012909901 ], [ -111.183063317407004, 40.1612367322561 ], [ -111.183168783903, 40.161155389470601 ], [ -111.183274105283004, 40.161020169739203 ], [ -111.183414702519997, 40.160902823032202 ], [ -111.183520095551998, 40.160794541498603 ], [ -111.183590260323001, 40.160686315727901 ], [ -111.183777608198, 40.160487808529702 ], [ -111.183742234413998, 40.160433717297202 ], [ -111.183671851651994, 40.1604608575988 ], [ -111.183589726468, 40.1604881065713 ], [ -111.183448984899997, 40.160551396453599 ], [ -111.183272918041993, 40.160578613803899 ], [ -111.183049881010007, 40.160606085339801 ], [ -111.182732974700997, 40.160660553066698 ], [ -111.182544616244684, 40.160660850136878 ], [ -111.185698748873804, 40.149642278315561 ], [ -111.186831693873003, 40.150224823610003 ], [ -111.188437264067005, 40.150396016460597 ], [ -111.189128365825994, 40.147063063066099 ], [ -111.189491813456002, 40.139698585407103 ], [ -111.190087026715574, 40.134312372995424 ], [ -111.193099661045508, 40.123788107963179 ], [ -111.194024002140026, 40.121153975437267 ], [ -111.195266600348518, 40.118598166658458 ], [ -111.196816428718108, 40.116143290153218 ], [ -111.198659746786902, 40.11381105924422 ], [ -111.267172513553319, 40.035554110753232 ], [ -111.268187288768459, 40.033931708190003 ], [ -111.269693646655995, 40.034063591066101 ] ], [ [ -111.541518664411996, 40.259648051922902 ], [ -111.542549375763997, 40.2592030281672 ], [ -111.544609346307993, 40.258136917553301 ], [ -111.548258673449993, 40.254686318188099 ], [ -111.550638077187003, 40.2505373013378 ], [ -111.552925966635996, 40.2492939145571 ], [ -111.556377825306996, 40.249893519769103 ], [ -111.559138944213004, 40.250320318690299 ], [ -111.561204810123002, 40.250046255181203 ], [ -111.564522888023006, 40.248357352516599 ], [ -111.565423757803003, 40.246152061753598 ], [ -111.566079331116001, 40.242099154404599 ], [ -111.565238720056001, 40.237701471787602 ], [ -111.563826690425003, 40.233658650679303 ], [ -111.56161449212, 40.230059982703303 ], [ -111.560207918662002, 40.226633416510303 ], [ -111.560186162912998, 40.223992422060697 ], [ -111.561657460201999, 40.221344100935603 ], [ -111.562775331604996, 40.217641128023601 ], [ -111.561714967588998, 40.214388932297098 ], [ -111.559287540550997, 40.212463936194098 ], [ -111.553886204685, 40.211961776956002 ], [ -111.548961336043007, 40.213569901809997 ], [ -111.544049492644007, 40.216850530911699 ], [ -111.539842989777, 40.222240545586899 ], [ -111.540344256460997, 40.227520409425402 ], [ -111.543028086001996, 40.232790046530901 ], [ -111.545591830774001, 40.237355829877998 ], [ -111.542758530417004, 40.242211233289503 ], [ -111.538078358921993, 40.246018728994699 ], [ -111.535818648784002, 40.250871198504399 ], [ -111.535164656657997, 40.255364030872599 ], [ -111.536680599517993, 40.258174140164598 ], [ -111.538182137388006, 40.259135490023901 ], [ -111.541518664411996, 40.259648051922902 ] ], [ [ -111.392513569328997, 40.147545310355603 ], [ -111.396059189148005, 40.1515513096764 ], [ -111.403130080622006, 40.1559103137375 ], [ -111.407897144958, 40.156989447175498 ], [ -111.413420742357005, 40.157189059158398 ], [ -111.416656050835002, 40.156885283968798 ], [ -111.420336857332998, 40.154702308218098 ], [ -111.423431148451002, 40.1500740135765 ], [ -111.423855514512994, 40.144812516130898 ], [ -111.423063149296993, 40.139847643435203 ], [ -111.421585758891993, 40.13488525671 ], [ -111.421027493533003, 40.130796228916601 ], [ -111.421700550957993, 40.128806721658997 ], [ -111.421901626478999, 40.127461762626297 ], [ -111.419802079836003, 40.126519603961903 ], [ -111.413806039487994, 40.126468115899399 ], [ -111.406763544092001, 40.1264929750186 ], [ -111.400392349401002, 40.127391808050596 ], [ -111.394122498385997, 40.129385689296498 ], [ -111.390713372036004, 40.132392470450803 ], [ -111.388452417441002, 40.136491136813099 ], [ -111.388563634773007, 40.139303366083702 ], [ -111.390010097971995, 40.142585997771299 ], [ -111.392513569328997, 40.147545310355603 ] ], [ [ -111.325625205929995, 40.146877981294601 ], [ -111.320911326721998, 40.147494420138997 ], [ -111.314043248068003, 40.149775367362899 ], [ -111.308160724192007, 40.152807387064897 ], [ -111.306415521866001, 40.158090527332703 ], [ -111.308789867786004, 40.1615529799192 ], [ -111.312527510156997, 40.162146230029897 ], [ -111.315869851434996, 40.162288070045101 ], [ -111.319021395199997, 40.163636714913501 ], [ -111.321203541027998, 40.167853534809197 ], [ -111.323018376356004, 40.177500554531399 ], [ -111.324025141587995, 40.182474678513401 ], [ -111.325421628580003, 40.1866935102952 ], [ -111.32759040677, 40.187893944305301 ], [ -111.329754996646002, 40.1881894366662 ], [ -111.335257452959993, 40.187419629330797 ], [ -111.339754625173995, 40.182278948552799 ], [ -111.340524681644993, 40.178958759387903 ], [ -111.337952133632001, 40.175648368330499 ], [ -111.335566900762004, 40.170376725534403 ], [ -111.335145637617003, 40.164647082378401 ], [ -111.335311915684002, 40.158463183309202 ], [ -111.335087300634001, 40.152732868340799 ], [ -111.332511602322, 40.148517520362901 ], [ -111.325625205929995, 40.146877981294601 ] ], [ [ -111.518137257028002, 40.093916700015498 ], [ -111.521197081020006, 40.093546553099998 ], [ -111.525099758736005, 40.094170410085802 ], [ -111.529367596487006, 40.094008452571998 ], [ -111.533070214508996, 40.092779772206597 ], [ -111.535737516352995, 40.089702673044101 ], [ -111.536080255824999, 40.086066164768901 ], [ -111.538198134965, 40.083989361198697 ], [ -111.541325904816006, 40.080553659564799 ], [ -111.540002773970997, 40.077495035426203 ], [ -111.537302640823, 40.076295977420003 ], [ -111.530909267729996, 40.077394535321098 ], [ -111.525836383099005, 40.081337756265199 ], [ -111.523065931635003, 40.083060863640497 ], [ -111.519071133417995, 40.082437438624403 ], [ -111.514908576766004, 40.084166580535097 ], [ -111.514471937189001, 40.087803536636798 ], [ -111.514490181384005, 40.090226768355201 ], [ -111.512188897645999, 40.092731544545799 ], [ -111.507848847193003, 40.095672916255303 ], [ -111.504433992668993, 40.098253679666698 ], [ -111.503151934456994, 40.100611299142699 ], [ -111.502888228198998, 40.1026080675868 ], [ -111.504010386708998, 40.103743623091603 ], [ -111.505777585364001, 40.104234780311302 ], [ -111.508561535948004, 40.104151324434902 ], [ -111.509753862761002, 40.102221726593399 ], [ -111.510941206520997, 40.099650565303598 ], [ -111.515454593955994, 40.095069103207202 ], [ -111.518137257028002, 40.093916700015498 ] ] ], [ [ [ -111.368755517397005, 40.562058851593797 ], [ -111.384024625997, 40.576549713524201 ], [ -111.406043499733002, 40.589599603586997 ], [ -111.411084751041997, 40.588649086906202 ], [ -111.414365341014005, 40.589897162634898 ], [ -111.416392789292999, 40.5930114361473 ], [ -111.418591702997006, 40.596527835920803 ], [ -111.418411979119995, 40.596761185281899 ], [ -111.418103646079999, 40.596687618521699 ], [ -111.417869052249003, 40.596688467437801 ], [ -111.417572205596997, 40.596713324266602 ], [ -111.417337834053001, 40.596749936374202 ], [ -111.417244633219994, 40.596833694884602 ], [ -111.417151017768006, 40.596869798081798 ], [ -111.416963342171996, 40.596870475707497 ], [ -111.416760066329999, 40.596871209315701 ], [ -111.416682391036005, 40.596943019692397 ], [ -111.416573470656004, 40.597026834365202 ], [ -111.416464845722999, 40.597158304602402 ], [ -111.416293138968996, 40.597218471957397 ], [ -111.416074705179994, 40.597290789132302 ], [ -111.415840448962001, 40.597327397786103 ], [ -111.415715852879003, 40.597399376418998 ], [ -111.415513017695005, 40.597471546301897 ], [ -111.415341133092994, 40.597484146237498 ], [ -111.415075556817001, 40.5975208659559 ], [ -111.414887879350999, 40.597521540218303 ], [ -111.414622081719003, 40.597522494618701 ], [ -111.414527506832002, 40.597403647186503 ], [ -111.414307525035994, 40.597225611070797 ], [ -111.414197718880999, 40.597166456477403 ], [ -111.414102777281002, 40.596987971516903 ], [ -111.413821381464004, 40.596988979991103 ], [ -111.413525148624004, 40.597133101195801 ], [ -111.413291433500007, 40.597276907877401 ], [ -111.413213607025995, 40.597324843051197 ], [ -111.413073554671996, 40.597420747540298 ], [ -111.412871083422999, 40.597552549968697 ], [ -111.412621911768994, 40.597720283945698 ], [ -111.412404058023, 40.597887905570097 ], [ -111.412279822995004, 40.598019427597102 ], [ -111.412186935196004, 40.598174711038901 ], [ -111.412156274832995, 40.598282115650399 ], [ -111.412141112971995, 40.598353609797201 ], [ -111.412094851838006, 40.598461070053297 ], [ -111.411970688146994, 40.5986044831416 ], [ -111.411830147192006, 40.598640749377999 ], [ -111.411627231645994, 40.598701111147598 ], [ -111.411502335701996, 40.598725339483302 ], [ -111.411315093178999, 40.598797536526099 ], [ -111.411034054389006, 40.598858085331202 ], [ -111.410862821663002, 40.598977881391598 ], [ -111.410738800494002, 40.599145166045801 ], [ -111.410505072933006, 40.599289057188699 ], [ -111.410349584429994, 40.599432579842698 ], [ -111.410037923282005, 40.599588638533902 ], [ -111.409835439521999, 40.599720435652202 ], [ -111.409601562302001, 40.5998404520859 ], [ -111.409398640551004, 40.599900719868799 ], [ -111.409211438143998, 40.599961021694703 ], [ -111.409008661174994, 40.6000451616815 ], [ -111.408852659475002, 40.6001052623512 ], [ -111.408649809202998, 40.600177510309699 ], [ -111.408478061067001, 40.6002138828676 ], [ -111.408212107338002, 40.600190949680602 ], [ -111.408086700620004, 40.600131844440199 ], [ -111.407883125015999, 40.600084906780701 ], [ -111.407835986460995, 40.600049308169503 ], [ -111.407742144107999, 40.600049639474399 ], [ -111.407617244768005, 40.600073953708602 ], [ -111.407539437224997, 40.600145668292903 ], [ -111.407462037610998, 40.600265128189399 ], [ -111.407462689081001, 40.600372421066901 ], [ -111.407526151989998, 40.600527058975402 ], [ -111.407667351059004, 40.6005980908281 ], [ -111.407777157696998, 40.600657341681398 ], [ -111.407808866924995, 40.600740651500303 ], [ -111.407809492070996, 40.600824071059698 ], [ -111.407794714320005, 40.600979075108 ], [ -111.407733132212996, 40.601134154289802 ], [ -111.407702364298004, 40.601205793001903 ], [ -111.407530856454002, 40.601301711662998 ], [ -111.407344154834007, 40.601445430446503 ], [ -111.407235287622001, 40.601541127739601 ], [ -111.407157839836003, 40.601672479230103 ], [ -111.407064764264007, 40.601780102434901 ], [ -111.406893543010995, 40.601923675835899 ], [ -111.406800394577004, 40.602019407427399 ], [ -111.406769579159004, 40.602102937702497 ], [ -111.406723234246996, 40.602198414305597 ], [ -111.406598836013998, 40.602306147417899 ], [ -111.406380085951, 40.602330700555697 ], [ -111.406051121684996, 40.6022484357294 ], [ -111.405847731156001, 40.602213385508598 ], [ -111.405690785307002, 40.602118623454999 ], [ -111.405455235871003, 40.601964498687202 ], [ -111.405407809351004, 40.601881243403298 ], [ -111.405219517926, 40.601762717319502 ], [ -111.405125673146998, 40.601763046510001 ], [ -111.404953369151997, 40.601727885671401 ], [ -111.404750340478998, 40.601752470692503 ], [ -111.404609932371997, 40.601812510980402 ], [ -111.404547839762003, 40.6018842585732 ], [ -111.404532812924998, 40.601979624611801 ], [ -111.404533244142002, 40.6020511532017 ], [ -111.404455215984996, 40.602087191502399 ], [ -111.404314519771006, 40.6020995757344 ], [ -111.404048703656002, 40.602100505890299 ], [ -111.403830312196007, 40.6021846913914 ], [ -111.403674301384001, 40.602244875177099 ], [ -111.403580860727999, 40.6022928584037 ], [ -111.403502974787997, 40.602352678870602 ], [ -111.403393456136996, 40.602341169754901 ], [ -111.403298679246006, 40.602186548866101 ], [ -111.403220338636004, 40.602151057323802 ], [ -111.402954522280993, 40.602151984962703 ], [ -111.402829141048002, 40.602116657251997 ], [ -111.402625920846006, 40.6021293475535 ], [ -111.402485271054999, 40.6021298377417 ], [ -111.402234556200995, 40.602047289343801 ], [ -111.402046412366005, 40.601952540879203 ], [ -111.401826616196004, 40.601822227259298 ], [ -111.401669462819996, 40.6016916953945 ], [ -111.401668963481995, 40.601608275366999 ], [ -111.401636762148996, 40.601441543810601 ], [ -111.401620614522002, 40.601370069846297 ], [ -111.401620186420004, 40.601298541222299 ], [ -111.401573050308997, 40.601262940050802 ], [ -111.401447932465999, 40.601251483317299 ], [ -111.401385124070998, 40.601204044881399 ], [ -111.401275393776999, 40.601156769430098 ], [ -111.401212752331006, 40.601156987033697 ], [ -111.401134769978, 40.601181041193797 ], [ -111.401041353446999, 40.601252895692397 ], [ -111.400885484342993, 40.6013368585416 ], [ -111.400729899438005, 40.6014684769059 ], [ -111.400605421880996, 40.601564312206698 ], [ -111.400527936754003, 40.601671785997802 ], [ -111.400529217588002, 40.601886371881903 ], [ -111.400514896410996, 40.602100921770898 ], [ -111.400578060517006, 40.602207907799503 ], [ -111.400469253881994, 40.602315580248899 ], [ -111.400329196525007, 40.602435252564398 ], [ -111.400251994220994, 40.602590381879097 ], [ -111.400127538071999, 40.602710089970898 ], [ -111.400081111836002, 40.602793582451604 ], [ -111.400019084891994, 40.602877309118902 ], [ -111.400003909088994, 40.602948801681997 ], [ -111.399879096429999, 40.603008872293799 ], [ -111.399770191960002, 40.603080689276602 ], [ -111.399692656933993, 40.603200144396702 ], [ -111.399662021682005, 40.603295653887699 ], [ -111.399490709860999, 40.603427324963299 ], [ -111.399397264545996, 40.6034753048176 ], [ -111.399335188161999, 40.603570832844198 ], [ -111.399273301093999, 40.6036783419217 ], [ -111.399195882694997, 40.603797796294799 ], [ -111.399086503842994, 40.603810065919902 ], [ -111.398961334158997, 40.6038104983339 ], [ -111.398820964039999, 40.603858639792399 ], [ -111.398711726876002, 40.603894781964499 ], [ -111.398571167564995, 40.603931032120997 ], [ -111.398336595442004, 40.603919949670399 ], [ -111.398289246914999, 40.603848582864799 ], [ -111.398257217511997, 40.603729506524303 ], [ -111.398210152028, 40.603705795403698 ], [ -111.398068390866001, 40.6035394405666 ], [ -111.397989980876005, 40.603492054070202 ], [ -111.397864387637995, 40.603420956662703 ], [ -111.397738842373997, 40.603337967299503 ], [ -111.397660644807004, 40.603326344892501 ], [ -111.397551195976007, 40.603326721652202 ], [ -111.397472456548002, 40.603243570888701 ], [ -111.397393835510996, 40.6031604196628 ], [ -111.397315096474003, 40.6030772687878 ], [ -111.397314320343995, 40.602946193004001 ], [ -111.397298365544998, 40.602886609439203 ], [ -111.397188141548995, 40.6027559100622 ], [ -111.397046526195993, 40.6026134268335 ], [ -111.396936091046001, 40.602446872793699 ], [ -111.396810078425005, 40.602304335645997 ], [ -111.396653215317997, 40.602221452668303 ], [ -111.396464938283003, 40.602102912251503 ], [ -111.396213879227005, 40.601960803588497 ], [ -111.396088197821996, 40.601853939470601 ], [ -111.395993860523006, 40.601770841160103 ], [ -111.395853093176996, 40.6017713236742 ], [ -111.395664911501001, 40.601688546672101 ], [ -111.395476426924006, 40.601534240280898 ], [ -111.395382301558996, 40.6014869057989 ], [ -111.395288176326005, 40.601439571239098 ], [ -111.395193840600001, 40.601356472261799 ], [ -111.395052981750993, 40.601321189052101 ], [ -111.394849340961997, 40.601262246899502 ], [ -111.394755356855995, 40.601238784824197 ], [ -111.394582687189001, 40.601120187970402 ], [ -111.394535274728, 40.601036928143998 ], [ -111.394424988736006, 40.600894244542701 ], [ -111.394424498416996, 40.600810824430198 ], [ -111.394533312377007, 40.600703157612998 ], [ -111.394626477109, 40.600607525905701 ], [ -111.394657167128003, 40.6005002159404 ], [ -111.394640724704004, 40.600357211852703 ], [ -111.394765279089, 40.600273364437797 ], [ -111.394764438064001, 40.6001303971289 ], [ -111.394810658173995, 40.600011052288103 ], [ -111.394872689549004, 40.5999274184447 ], [ -111.395075904661994, 40.5999147418039 ], [ -111.395231988445005, 40.599866551104299 ], [ -111.395324870289002, 40.599723263059502 ], [ -111.395402128358995, 40.599556155010703 ], [ -111.395495337845006, 40.5994485406843 ], [ -111.395619467800998, 40.599293163646401 ], [ -111.395728418166996, 40.599209368625097 ], [ -111.395837227979996, 40.599101790658203 ], [ -111.395820853546994, 40.5989706781358 ], [ -111.395820291389995, 40.5988753665875 ], [ -111.395944560390006, 40.598743862124103 ], [ -111.396037767885005, 40.5986362473542 ], [ -111.396099022835998, 40.598421536939 ], [ -111.396176089115997, 40.598242537333398 ], [ -111.396237624641998, 40.598075482612799 ], [ -111.396330689763005, 40.597943994667702 ], [ -111.396454956048998, 40.597812489646799 ], [ -111.396517101542997, 40.597728854501902 ], [ -111.396563269523, 40.597621490848297 ], [ -111.396593954582002, 40.597514090247302 ], [ -111.396562424213997, 40.597478433418097 ], [ -111.396406699192994, 40.597586263197499 ], [ -111.396282292264004, 40.597693895235999 ], [ -111.396204475817001, 40.5977656923449 ], [ -111.396079998052002, 40.597861432741702 ], [ -111.395940130929006, 40.597993080925399 ], [ -111.395846783351999, 40.598076822691297 ], [ -111.395753294765001, 40.598136691447898 ], [ -111.395613425898006, 40.598268249148902 ], [ -111.395457556845003, 40.598352204716001 ], [ -111.395270157281004, 40.598400502896098 ], [ -111.395130076876995, 40.598496385741697 ], [ -111.395020798209998, 40.598544416253297 ], [ -111.394927496926996, 40.598616265449301 ], [ -111.394896387282998, 40.598652046799998 ], [ -111.394881207466, 40.598723628850003 ], [ -111.394772116387998, 40.5987835501465 ], [ -111.394600294203997, 40.598808010672599 ], [ -111.394397291998004, 40.5988563607362 ], [ -111.394257091203997, 40.5989522429294 ], [ -111.394116819643997, 40.599036143442 ], [ -111.393992336541004, 40.599131881592797 ], [ -111.393851434590999, 40.599108488706896 ], [ -111.393741153779004, 40.598965894469899 ], [ -111.393615761448999, 40.598906683348503 ], [ -111.393474860628004, 40.5988833800861 ], [ -111.393318708151995, 40.598919676989198 ], [ -111.393147024399994, 40.598967918207997 ], [ -111.392991360051994, 40.599087634822197 ], [ -111.392866944852997, 40.599195263192698 ], [ -111.392758270350001, 40.599326801406697 ], [ -111.392711488765997, 40.599350743792499 ], [ -111.392491997861995, 40.599268068016599 ], [ -111.392413596794, 40.599220677658003 ], [ -111.392241354532004, 40.5991736059513 ], [ -111.392162974540994, 40.599149998675202 ], [ -111.392006890184007, 40.599198185235998 ], [ -111.391897796275998, 40.599258193914999 ], [ -111.391867290543004, 40.599377484300298 ], [ -111.391805325339007, 40.599473007979199 ], [ -111.391712109878, 40.599580619354903 ], [ -111.391681554887995, 40.599711801513699 ], [ -111.391635190084997, 40.599807272194802 ], [ -111.391636073225001, 40.599938347738899 ], [ -111.391620980168994, 40.600045694126102 ], [ -111.391512023293998, 40.6001294852909 ], [ -111.391324595390003, 40.600153993839001 ], [ -111.391121586713993, 40.600202338163903 ], [ -111.390933901195993, 40.600202973540704 ], [ -111.390856332819993, 40.6002985495075 ], [ -111.390747097087001, 40.600334684162398 ], [ -111.390481495632002, 40.6003713474298 ], [ -111.390387652629997, 40.600371664637301 ], [ -111.390153045117998, 40.600372457322599 ], [ -111.389934502903998, 40.600432743689197 ], [ -111.389778463067003, 40.600469035422897 ], [ -111.389559525357001, 40.600481665684498 ], [ -111.389387627868004, 40.600494227050298 ], [ -111.389199940972006, 40.600494769526698 ], [ -111.389074895514, 40.600495190800601 ], [ -111.388777972002003, 40.600531955653203 ], [ -111.388653202472995, 40.600580032272099 ], [ -111.388497112761002, 40.600628304191702 ], [ -111.388403682860002, 40.600700058448503 ], [ -111.388341366903006, 40.600736033045301 ], [ -111.388153936107997, 40.6007605364588 ], [ -111.388060092535994, 40.6007608517778 ], [ -111.387888606969, 40.600844849578401 ], [ -111.387795176634995, 40.600916693431202 ], [ -111.387733410859994, 40.601047979306898 ], [ -111.387561442359001, 40.601048556446102 ], [ -111.387357878038003, 40.601001582564898 ], [ -111.387232575656995, 40.600978129298902 ], [ -111.387044868380002, 40.600954885023398 ], [ -111.386903896389995, 40.600919592245802 ], [ -111.386699921241004, 40.600801178528698 ], [ -111.386511802648997, 40.6007064046224 ], [ -111.386370831457995, 40.600671111189001 ], [ -111.386167680721002, 40.600695663962703 ], [ -111.385980248698999, 40.600720073765601 ], [ -111.385729901947002, 40.6006971267403 ], [ -111.385510875402005, 40.600673984554497 ], [ -111.385369904795994, 40.600638689896599 ], [ -111.385104093859994, 40.600639576428897 ], [ -111.384869485265995, 40.600640358386997 ], [ -111.384634721701005, 40.600593483651402 ], [ -111.384415832612007, 40.6005942123411 ], [ -111.384102963485006, 40.6005713797624 ], [ -111.383962198456004, 40.6005718477738 ], [ -111.383758774575995, 40.600548740485202 ], [ -111.383524284453003, 40.600549519316999 ], [ -111.383383519459997, 40.600549986622902 ], [ -111.383258337469002, 40.600526528641197 ], [ -111.383070650869001, 40.600527151245302 ], [ -111.382914149054997, 40.600503886844699 ], [ -111.382773298337995, 40.600468588616998 ], [ -111.382632669109995, 40.600492837881603 ], [ -111.382617221491998, 40.600540545788903 ], [ -111.382508235136001, 40.600600545242003 ], [ -111.382461585038996, 40.600648356452801 ], [ -111.382336760789997, 40.600708408184303 ], [ -111.382211782561996, 40.600720713467503 ], [ -111.382070949484003, 40.600709287737899 ], [ -111.381898981736001, 40.600709856442897 ], [ -111.381711005913999, 40.600638947647397 ], [ -111.381601103937001, 40.600579672298899 ], [ -111.381522438022998, 40.600484618688903 ], [ -111.381459119563004, 40.600365640926697 ], [ -111.381396190367994, 40.600294318580602 ], [ -111.381348777854996, 40.600187269983103 ], [ -111.381192209353003, 40.600152021715203 ], [ -111.381067181277004, 40.600176217587403 ], [ -111.380957805386004, 40.600188560127698 ], [ -111.38083323379, 40.600272392732002 ], [ -111.380708611154006, 40.600368117031799 ], [ -111.380599842894, 40.600487662369297 ], [ -111.380475270294994, 40.600571494587697 ], [ -111.380335180706993, 40.600691142839999 ], [ -111.380179286775999, 40.600775077866501 ], [ -111.380023983062998, 40.600942432548003 ], [ -111.379899493180005, 40.601062028940902 ], [ -111.379821705615996, 40.601121833152398 ], [ -111.379650478342, 40.601253474613301 ], [ -111.379525784942004, 40.601337306196598 ], [ -111.379369821267005, 40.601409348692698 ], [ -111.379166396364994, 40.601386233323801 ], [ -111.379072467976997, 40.601350776548998 ], [ -111.378931633571995, 40.601339256909803 ], [ -111.378806721154007, 40.601363540042797 ], [ -111.378697611331006, 40.601423446214 ], [ -111.378557180862003, 40.601483545024003 ], [ -111.378432267529007, 40.601507737666502 ], [ -111.378275899051999, 40.601508249870697 ], [ -111.378135131963006, 40.601508710789503 ], [ -111.378025618853997, 40.601497177592798 ], [ -111.377900251761005, 40.601461822752498 ], [ -111.377665825213995, 40.6014744811472 ], [ -111.377478135841002, 40.601475094675799 ], [ -111.377290632021001, 40.6014876890426 ], [ -111.377009349703997, 40.601512390807102 ], [ -111.376774604301005, 40.601489373450697 ], [ -111.376617901125002, 40.601430246019298 ], [ -111.376554775860996, 40.601323246698399 ], [ -111.376538305055007, 40.601168348437803 ], [ -111.376537636286002, 40.601049163733499 ], [ -111.376520980677995, 40.600882374403 ], [ -111.376567367761993, 40.600786909707097 ], [ -111.376660207778002, 40.600607781614997 ], [ -111.376737662775994, 40.600488342117202 ], [ -111.376830635985002, 40.6003330868609 ], [ -111.376954878236006, 40.600189711236297 ], [ -111.377141760545996, 40.600046130966099 ], [ -111.377187274758001, 40.599795626780796 ], [ -111.377264527335996, 40.5996405125818 ], [ -111.377310710927006, 40.599509193061998 ], [ -111.377356761114001, 40.5993541807144 ], [ -111.377355822964006, 40.599187340108102 ], [ -111.377338964727997, 40.598984786419003 ], [ -111.377322090562004, 40.598758359350803 ], [ -111.377383606692007, 40.598579423028099 ], [ -111.377445121989993, 40.598400396581802 ], [ -111.377507106715001, 40.598304880501701 ], [ -111.377490835673996, 40.598185746736704 ], [ -111.377490031510007, 40.5980427790848 ], [ -111.377552082742, 40.597959154426 ], [ -111.377614267637, 40.597899312632599 ], [ -111.377707704759004, 40.597827476947302 ], [ -111.377722835789001, 40.597744005612 ], [ -111.377722366284999, 40.597660585289603 ], [ -111.377643574965006, 40.5975416559628 ], [ -111.377612054612996, 40.597505993915597 ], [ -111.377565336247997, 40.597541911730197 ], [ -111.377503084243003, 40.597589771962603 ], [ -111.377472100522994, 40.5976495117404 ], [ -111.377425649987998, 40.597733085385997 ], [ -111.377363330842996, 40.597769054092602 ], [ -111.377316276871994, 40.597745334381699 ], [ -111.377299939460997, 40.597614309125603 ], [ -111.377299403633003, 40.597518997346498 ], [ -111.377283535266997, 40.597471392412899 ], [ -111.377174296209006, 40.5975074241749 ], [ -111.377143111254, 40.597531399426899 ], [ -111.377065258477003, 40.597579310360302 ], [ -111.377003155598004, 40.597674826600901 ], [ -111.376972356373003, 40.597746457310997 ], [ -111.376941639769001, 40.5978538528366 ], [ -111.376848587569, 40.597973343408903 ], [ -111.376724097468994, 40.598092936441603 ], [ -111.376677444962993, 40.598140745347699 ], [ -111.376568271718, 40.5981887580757 ], [ -111.376475218390993, 40.598308248345297 ], [ -111.376491353735005, 40.598403509271897 ], [ -111.376398047894995, 40.598499126875502 ], [ -111.376351595944996, 40.598582790172102 ], [ -111.376274075252994, 40.5986902479073 ], [ -111.376196436632, 40.598797796061099 ], [ -111.376134382938005, 40.598881419990498 ], [ -111.376025875908994, 40.599048616961397 ], [ -111.375995208267994, 40.599144030299797 ], [ -111.375933087391005, 40.599215762669402 ], [ -111.375870781591004, 40.599275603940796 ], [ -111.375793125651995, 40.599359188362499 ], [ -111.375715218685997, 40.599419080304799 ], [ -111.375653163820999, 40.599502703971801 ], [ -111.374835791560997, 40.601519464806799 ], [ -111.374710610674995, 40.601495997559901 ], [ -111.374522655199996, 40.601448950414301 ], [ -111.374428729149002, 40.601413489853201 ], [ -111.374319084141007, 40.601378170244899 ], [ -111.374272161847003, 40.601378322295801 ], [ -111.374069136958994, 40.601426636710599 ], [ -111.373897366490993, 40.601462957939198 ], [ -111.373740997534995, 40.601463373916999 ], [ -111.373506385751995, 40.601464132807997 ], [ -111.373334415900004, 40.601464688770498 ], [ -111.373162578800006, 40.601489117460197 ], [ -111.372959619357005, 40.6015494114639 ], [ -111.372741057621994, 40.601609665372401 ], [ -111.372615957684999, 40.601621960667401 ], [ -111.372334475054004, 40.601610976709999 ], [ -111.372177841913, 40.6015638247761 ], [ -111.372083600422997, 40.601492598249102 ], [ -111.372005012784001, 40.601409429567397 ], [ -111.371895368541004, 40.601374017565902 ], [ -111.371848512132004, 40.601386060082397 ], [ -111.371738934383998, 40.601362629468902 ], [ -111.371644825857004, 40.601315275566101 ], [ -111.371613042982005, 40.601231956009002 ], [ -111.371565922745006, 40.601196342520502 ], [ -111.371472262401994, 40.601208535436299 ], [ -111.371347162969997, 40.601220829355697 ], [ -111.371269368056005, 40.601280717926898 ], [ -111.371128732865003, 40.601304953207602 ], [ -111.371003567442003, 40.601305355304198 ], [ -111.370878256821001, 40.601258100991998 ], [ -111.370643434968002, 40.601199306338302 ], [ -111.370440276172005, 40.601223741393802 ], [ -111.370331027795999, 40.601259856790001 ], [ -111.370221647590995, 40.601272099091098 ], [ -111.370065016705993, 40.601224944279302 ], [ -111.369970777923996, 40.601153716012398 ], [ -111.369798611709001, 40.601118502260299 ], [ -111.369767553982996, 40.601166348518703 ], [ -111.369736561237005, 40.601225996135099 ], [ -111.369658764871005, 40.601285883627902 ], [ -111.369518181782993, 40.601298225118498 ], [ -111.369346290935994, 40.601334539967297 ], [ -111.369096340243999, 40.601382995687402 ], [ -111.368877513556995, 40.601395586396897 ], [ -111.368674353995999, 40.601420108437601 ], [ -111.368408670025005, 40.6014447394722 ], [ -111.368158509723003, 40.6014336454285 ], [ -111.368033344018997, 40.601434044307602 ], [ -111.367751666841997, 40.601387284721497 ], [ -111.367517173357996, 40.601388031070101 ], [ -111.367360804965998, 40.601388528496599 ], [ -111.367079335986006, 40.6014013150129 ], [ -111.366891764784, 40.601401910962899 ], [ -111.366563047514006, 40.601355207796203 ], [ -111.366469321069005, 40.601355505202299 ], [ -111.366312952735001, 40.60135600121 ], [ -111.366156584397004, 40.601356497005902 ], [ -111.366015687710004, 40.601333160237502 ], [ -111.365890315669006, 40.601274009040601 ], [ -111.365811422774996, 40.601155072018699 ], [ -111.365779765401001, 40.601071750448099 ], [ -111.365592076902004, 40.601072344658 ], [ -111.36545182959, 40.601168101963502 ], [ -111.365358557587001, 40.601251818855303 ], [ -111.365265037211998, 40.601311663040299 ], [ -111.365077801875998, 40.601395676805602 ], [ -111.364890619600004, 40.6014677984356 ], [ -111.364718790395997, 40.601515997868901 ], [ -111.364625322657005, 40.601563949704598 ], [ -111.364453493503007, 40.601612238831102 ], [ -111.364281328944003, 40.601577016850499 ], [ -111.364218093098003, 40.601446047611503 ], [ -111.364185802093004, 40.601267414114602 ], [ -111.364044571405003, 40.601160564077801 ], [ -111.363918824772995, 40.601053755170597 ], [ -111.363761617151994, 40.600899298370898 ], [ -111.363776960083996, 40.600851593302203 ], [ -111.363698318516995, 40.600756437362499 ], [ -111.363635408245003, 40.600685195351502 ], [ -111.363416840816001, 40.600745431649401 ], [ -111.363307331379005, 40.60073388448 ], [ -111.363150641703001, 40.600674738711 ], [ -111.362884378843006, 40.600592153692098 ], [ -111.362774622497, 40.6005567333724 ], [ -111.362649448018004, 40.600533343110897 ], [ -111.362524402106999, 40.600533735642102 ], [ -111.362367713580994, 40.600474588804097 ], [ -111.362257378986996, 40.600331964631501 ], [ -111.362147420232006, 40.600236995926501 ], [ -111.362053373547994, 40.600177652240703 ], [ -111.361974745794001, 40.6001063684919 ], [ -111.361865173515994, 40.600082928482301 ], [ -111.361821793258301, 40.600083064347544 ], [ -111.362084909896581, 40.597640259038386 ], [ -111.362095501413592, 40.597543631662667 ], [ -111.366220283318938, 40.560612532727923 ], [ -111.368755517397005, 40.562058851593797 ] ] ], [ [ [ -111.363229293074994, 40.6289101914398 ], [ -111.365948103361006, 40.629829514049398 ], [ -111.368364422574999, 40.629484002527498 ], [ -111.369875740235997, 40.628677389621402 ], [ -111.372745744463998, 40.628681675451702 ], [ -111.373803133432006, 40.629371934821698 ], [ -111.375310169494995, 40.632015631108303 ], [ -111.375392724560996, 40.634151345754503 ], [ -111.375153183475007, 40.634158069941698 ], [ -111.371491691648004, 40.634319361862502 ], [ -111.368418166940003, 40.634379026345798 ], [ -111.366587213041001, 40.634434671428998 ], [ -111.362271788838001, 40.6346475635602 ], [ -111.358083290141735, 40.6347917597814 ], [ -111.358981099342259, 40.626456395298 ], [ -111.363229293074994, 40.6289101914398 ] ] ] ] } },
{ "type": "Feature", "properties": { "FID": 103, "SEASON": "winter/spring", "VALUE": "crucial", "SPECIES": "mule deer", "COMMENTS": " " }, "geometry": { "type": "Polygon", "coordinates": [ [ [ -111.387376459587003, 40.6532904436514 ], [ -111.383003052830006, 40.643976551495101 ], [ -111.379531567992004, 40.640064693307004 ], [ -111.377417968255003, 40.638571659218798 ], [ -111.375456898075996, 40.635812356574803 ], [ -111.375392724560996, 40.634151345754503 ], [ -111.375310169494995, 40.632015631108303 ], [ -111.373803133432006, 40.629371934821698 ], [ -111.372745744463998, 40.628681675451702 ], [ -111.369875740235997, 40.628677389621402 ], [ -111.368364422574999, 40.629484002527498 ], [ -111.365948103361006, 40.629829514049398 ], [ -111.363229293074994, 40.6289101914398 ], [ -111.358981099342259, 40.626456395298 ], [ -111.360148097706755, 40.6156218474745 ], [ -111.371145446819995, 40.618855255287698 ], [ -111.387579684897005, 40.619101357798897 ], [ -111.392795004437005, 40.6139402495048 ], [ -111.393399247702007, 40.613342260020701 ], [ -111.397067156564006, 40.609614743373697 ], [ -111.397391341667998, 40.609524531227898 ], [ -111.397453519953999, 40.609464768992098 ], [ -111.397562413958994, 40.609369080923898 ], [ -111.397608635314995, 40.609249735147998 ], [ -111.397733837965006, 40.609273087355199 ], [ -111.397796792953997, 40.609344400568403 ], [ -111.397890860545999, 40.6093798415612 ], [ -111.397984857690005, 40.609403391079603 ], [ -111.398219519530002, 40.609426365540799 ], [ -111.39832904891, 40.609437879497897 ], [ -111.398422267818006, 40.609330353037599 ], [ -111.398484373832005, 40.609258608767 ], [ -111.398577875382003, 40.609198737853703 ], [ -111.398702865711002, 40.6091863247335 ], [ -111.398812182699999, 40.609162164045003 ], [ -111.398968497913998, 40.609149732559999 ], [ -111.399062423833996, 40.609161299719702 ], [ -111.399109422178, 40.609173028968797 ], [ -111.399218454866997, 40.609101122139897 ], [ -111.399265098797002, 40.609053304259596 ], [ -111.399311742660004, 40.609005486360502 ], [ -111.399436874629004, 40.609016945325997 ], [ -111.399499405220993, 40.609016729060002 ], [ -111.399562338392002, 40.609064258106301 ], [ -111.399609431586001, 40.609111751833701 ], [ -111.399672435233001, 40.609171082127403 ], [ -111.399719575931996, 40.6092066840041 ], [ -111.399735463034006, 40.609254285670801 ], [ -111.399813668405002, 40.609265996712999 ], [ -111.399860311485, 40.609218088508896 ], [ -111.399859672507006, 40.609110885782002 ], [ -111.399890357388003, 40.6090034845191 ], [ -111.399952390631995, 40.608919848068602 ], [ -111.399982933480004, 40.608788663987703 ], [ -111.400060640348002, 40.608716864838499 ], [ -111.400201137907004, 40.608668721460397 ], [ -111.400341943908003, 40.608692106865902 ], [ -111.400466909187003, 40.608655908641602 ], [ -111.400560147375003, 40.608572163662899 ], [ -111.400653717124001, 40.608524182470397 ], [ -111.400841283060004, 40.608499658314798 ], [ -111.400966129503004, 40.608463459962302 ], [ -111.401044238565007, 40.608439405495503 ], [ -111.401122371566998, 40.608439134175804 ], [ -111.401169013677006, 40.608391315529801 ], [ -111.401199934041003, 40.608343461387697 ], [ -111.401277900085006, 40.608295533887699 ], [ -111.401449815719005, 40.6082830448454 ], [ -111.401574850809993, 40.608258736820602 ], [ -111.401731377540003, 40.608282065875699 ], [ -111.401809653334993, 40.608305666965997 ], [ -111.402184950999001, 40.608304360761899 ], [ -111.402387832824999, 40.608232124108604 ], [ -111.402544216522998, 40.608231579188804 ], [ -111.402762986729996, 40.608206943156198 ], [ -111.402887760162997, 40.608158851339603 ], [ -111.402997120172998, 40.608122704809901 ], [ -111.403184566437005, 40.608098267355302 ], [ -111.403325131920994, 40.608062011580998 ], [ -111.403465579048998, 40.608025756049003 ], [ -111.403574318503999, 40.607906189470199 ], [ -111.403621030031999, 40.607870261231803 ], [ -111.403746207219001, 40.607869823732401 ], [ -111.403840086055993, 40.607893368905302 ], [ -111.403902590046002, 40.607869276977503 ], [ -111.404043180228001, 40.607856893614901 ], [ -111.404106186587995, 40.607916221489802 ], [ -111.404107191549997, 40.608083061310701 ], [ -111.404108771181996, 40.608345302509697 ], [ -111.404109489104002, 40.608464486671402 ], [ -111.404110565723997, 40.608643217866103 ], [ -111.404158139309999, 40.608750346435301 ], [ -111.404174603667997, 40.608893258767502 ], [ -111.404206287316995, 40.608952786267601 ], [ -111.404253286396994, 40.608964513420403 ], [ -111.404315960239003, 40.608988077324703 ], [ -111.404456696611007, 40.608999566313997 ], [ -111.404503264476006, 40.6089397648608 ], [ -111.404581588490004, 40.608951472259001 ], [ -111.404675515061996, 40.608963034851101 ], [ -111.404785117036994, 40.608986524159597 ], [ -111.404909746360005, 40.608914557302697 ], [ -111.405097311773005, 40.608890026239301 ], [ -111.405363586961997, 40.608960622039099 ], [ -111.405614501445996, 40.609090819452 ], [ -111.405975137913003, 40.609244504071 ], [ -111.406304523496004, 40.6094101891333 ], [ -111.406586956373005, 40.6095521651784 ], [ -111.406885139023998, 40.609718048497101 ], [ -111.406994959423997, 40.609777209845802 ], [ -111.407182770233007, 40.609812312895599 ], [ -111.407276771183007, 40.609835854831502 ], [ -111.407386592120005, 40.609895015804 ], [ -111.407418279091999, 40.6099545423967 ], [ -111.407434750708006, 40.610097454199398 ], [ -111.407450860718996, 40.610180819001599 ], [ -111.407420233422997, 40.610276330397099 ], [ -111.407326955491001, 40.610371972657603 ], [ -111.407249471111996, 40.610479450790997 ], [ -111.407187590480007, 40.610586963950098 ], [ -111.407062986639005, 40.610682716426403 ], [ -111.406875969020007, 40.610778778739302 ], [ -111.406688615283997, 40.610838986849899 ], [ -111.406548597554007, 40.610946774764898 ], [ -111.406486163180006, 40.610982669416302 ], [ -111.406314602856995, 40.611054803058401 ], [ -111.406205286095002, 40.611079060927999 ], [ -111.406080437669004, 40.611115264936998 ], [ -111.405955254462995, 40.611115704994901 ], [ -111.405721088188002, 40.611176076060602 ], [ -111.405565058250005, 40.611236262398599 ], [ -111.405486659518004, 40.611212664302997 ], [ -111.405314449236002, 40.611177503762903 ], [ -111.405220375243005, 40.611142068858001 ], [ -111.405126779729997, 40.611166270549397 ], [ -111.405048741333999, 40.611202309243303 ], [ -111.405002171860005, 40.611262020811999 ], [ -111.404893141922003, 40.611333933061097 ], [ -111.404815149108998, 40.611357989714001 ], [ -111.404831328490999, 40.611453336346599 ], [ -111.404956753617, 40.611512444917899 ], [ -111.405051043949996, 40.611583644266801 ], [ -111.405098692972004, 40.611702663758798 ], [ -111.405115278319002, 40.611845575456101 ], [ -111.405131601890005, 40.611964704798901 ], [ -111.405148213356995, 40.612131489747398 ], [ -111.405055146121001, 40.612262984485398 ], [ -111.405024729887998, 40.612394169374298 ], [ -111.404978735556, 40.612549282228102 ], [ -111.404948031348994, 40.612632811484303 ], [ -111.404917064743003, 40.6126924682994 ], [ -111.404745282552994, 40.612728835391103 ], [ -111.404604708091995, 40.612765092907502 ], [ -111.404527073173995, 40.612848786443301 ], [ -111.404511782341999, 40.612920369963298 ], [ -111.404512357127999, 40.613015681177799 ], [ -111.404481867795994, 40.613134974533402 ], [ -111.404420123693995, 40.613266268952799 ], [ -111.404342369757003, 40.613349962774997 ], [ -111.404280194066004, 40.613409728667001 ], [ -111.404187051170993, 40.613529241227297 ], [ -111.404093739055995, 40.613601097693703 ], [ -111.403984775976994, 40.613684900458502 ], [ -111.403875479064993, 40.613732939308903 ], [ -111.403609688391995, 40.613745760052701 ], [ -111.403485048730005, 40.613817725495998 ], [ -111.403375869453996, 40.6138657634623 ], [ -111.403266762057001, 40.613925782792101 ], [ -111.403188909148, 40.613973711199598 ], [ -111.403142551065997, 40.614069186233102 ], [ -111.403142980984001, 40.614140714685099 ], [ -111.403206232789003, 40.614259680445102 ], [ -111.403253951975998, 40.614390592028698 ], [ -111.403285493907006, 40.614426246872 ], [ -111.403364207045996, 40.614521285206301 ], [ -111.403364708720005, 40.614604705029301 ], [ -111.403365282452, 40.614700106315603 ], [ -111.403318852623002, 40.614783690030798 ], [ -111.403319497257002, 40.614890892606603 ], [ -111.403351254537, 40.614962311647403 ], [ -111.403460435609006, 40.614914273704898 ], [ -111.403601015194994, 40.614878017570298 ], [ -111.403741404830996, 40.614829870300703 ], [ -111.403928915597007, 40.614793449701402 ], [ -111.404116810556005, 40.614840449023902 ], [ -111.404289004505998, 40.614851828118397 ], [ -111.404461079753005, 40.614863117283598 ], [ -111.404633442554001, 40.614922061782799 ], [ -111.404696122654997, 40.614945715515397 ], [ -111.404759064538993, 40.614993151550898 ], [ -111.404791136328996, 40.615136008940297 ], [ -111.404807748343998, 40.6153028839325 ], [ -111.404777402063004, 40.615445960070801 ], [ -111.404731620941007, 40.615636836966402 ], [ -111.404685479723994, 40.615768076795497 ], [ -111.404640057384995, 40.616018500601697 ], [ -111.404657074463998, 40.616232940670102 ], [ -111.404642764350996, 40.616447580575198 ], [ -111.404643555172996, 40.616578655933999 ], [ -111.404597844660003, 40.616781424116802 ], [ -111.404598851160003, 40.6169482636707 ], [ -111.404521596373996, 40.617115377353798 ], [ -111.404459777035996, 40.617234780349499 ], [ -111.404429429171003, 40.6173778563562 ], [ -111.404414902452004, 40.617556731996402 ], [ -111.404290425674006, 40.617676354274401 ], [ -111.404087876229994, 40.6178081412192 ], [ -111.403931875484005, 40.617856343491702 ], [ -111.403838223532006, 40.617892435942203 ], [ -111.403744571478001, 40.617928528317002 ], [ -111.403620067359, 40.618024276632397 ], [ -111.403479409119001, 40.618048551344401 ], [ -111.403276212310999, 40.618073134356102 ], [ -111.403104558945998, 40.618133371872901 ], [ -111.402964258623001, 40.618217282989697 ], [ -111.403074089574005, 40.618276447929503 ], [ -111.403121167028004, 40.6183001569513 ], [ -111.403277860756006, 40.618347266497899 ], [ -111.403371800284006, 40.618358830069702 ], [ -111.403450349734001, 40.618406212276597 ], [ -111.403528996269998, 40.618489359039302 ], [ -111.403732983881994, 40.618595940992698 ], [ -111.403811344039994, 40.618631431993101 ], [ -111.403937115391003, 40.6187263053192 ], [ -111.404047091863006, 40.618809342144502 ], [ -111.404000875535004, 40.618928690276199 ], [ -111.403907652935999, 40.619036311167299 ], [ -111.403767326234998, 40.619096350013997 ], [ -111.403673744046998, 40.619144333700802 ], [ -111.403408863983998, 40.619312102211403 ], [ -111.403315568386006, 40.619407831255899 ], [ -111.403144269623994, 40.619527615763303 ], [ -111.402941497455004, 40.619623636500499 ], [ -111.402801168655998, 40.619683674177203 ], [ -111.402644901597995, 40.6197080923952 ], [ -111.402441913535, 40.619768348064902 ], [ -111.402254673911997, 40.6198524218523 ], [ -111.402130164642998, 40.6199482586429 ], [ -111.402005583193002, 40.620032113843799 ], [ -111.401912069700003, 40.620091987476798 ], [ -111.401786727179996, 40.620068640356699 ], [ -111.401739434690995, 40.620009166606501 ], [ -111.401660574353002, 40.619890254448499 ], [ -111.401550599035005, 40.619807215360602 ], [ -111.401488201323005, 40.619831305611598 ], [ -111.401426160019994, 40.6199149427677 ], [ -111.401410935505993, 40.619998417183098 ], [ -111.401411648928999, 40.6201176011431 ], [ -111.401412362355998, 40.620236785100602 ], [ -111.401397113084002, 40.620296386273701 ], [ -111.401334928905001, 40.620356240637399 ], [ -111.401194621722993, 40.620440149604697 ], [ -111.401054146863999, 40.620476312340102 ], [ -111.400929017741007, 40.620488728488603 ], [ -111.400866903511996, 40.6205603838849 ], [ -111.400789183892996, 40.620632183490102 ], [ -111.400664410214006, 40.620704146288901 ], [ -111.400571012810005, 40.620764018429 ], [ -111.400446167639998, 40.620824089622701 ], [ -111.400399658981996, 40.620895780743098 ], [ -111.400400085539999, 40.620967219048197 ], [ -111.400603506398994, 40.620978495343202 ], [ -111.400806855710002, 40.620977789824202 ], [ -111.401041321102994, 40.620941210968503 ], [ -111.401197591632993, 40.620916794909 ], [ -111.401291345030998, 40.620916469194597 ], [ -111.401431867181003, 40.620868324304197 ], [ -111.401603529588996, 40.620808179347797 ], [ -111.401759870842, 40.620795653897602 ], [ -111.401978611014002, 40.620759127840302 ], [ -111.402181816986996, 40.620734637168198 ], [ -111.402337800682005, 40.620662564012797 ], [ -111.402462668892994, 40.620626364015102 ], [ -111.402540791540005, 40.620602308522102 ], [ -111.402728272279006, 40.620577781607999 ], [ -111.402884684756998, 40.6205772360913 ], [ -111.403009885670997, 40.620576799277998 ], [ -111.403088104272996, 40.620588417928403 ], [ -111.403119864055, 40.620659836950601 ], [ -111.403167014698994, 40.620695437302302 ], [ -111.403245448529006, 40.620742820029598 ], [ -111.403354854176996, 40.620730546373998 ], [ -111.403464116150005, 40.620694399797202 ], [ -111.403589030459997, 40.620646306805703 ], [ -111.403760977275994, 40.620633814201099 ], [ -111.403932851855004, 40.620609339889398 ], [ -111.404073443094006, 40.620573083159698 ], [ -111.404167242534001, 40.620560863334298 ], [ -111.404276791089003, 40.6205723715372 ], [ -111.404464415076006, 40.620571714623701 ], [ -111.404589615955999, 40.620571276097898 ], [ -111.404651869713007, 40.6205234014475 ], [ -111.404776808717003, 40.6204991804047 ], [ -111.404948682568005, 40.620474704583998 ], [ -111.405058421708006, 40.620498193081303 ], [ -111.405136928475997, 40.620557465884097 ], [ -111.405262011093001, 40.620557027044299 ], [ -111.405433931239997, 40.620520658723599 ], [ -111.405527395844004, 40.620472674033998 ], [ -111.405637016954003, 40.620496162395597 ], [ -111.405715282182996, 40.620495887486904 ], [ -111.405809585480995, 40.620566995955201 ], [ -111.405810162810994, 40.620662397113897 ], [ -111.405811172464993, 40.620829236530298 ], [ -111.405812037656005, 40.620972203132197 ], [ -111.405750361572998, 40.621115479554199 ], [ -111.405688638944, 40.621270647717601 ], [ -111.405596182490001, 40.621485471937703 ], [ -111.405549967119995, 40.621604820629599 ], [ -111.405503895408003, 40.621747952022602 ], [ -111.405473115833004, 40.6218195899419 ], [ -111.405395281495004, 40.6218913930296 ], [ -111.405254878321003, 40.621939542315701 ], [ -111.405145830847005, 40.622011364666001 ], [ -111.405052389809001, 40.622083222267698 ], [ -111.405005813406007, 40.622143023847499 ], [ -111.405006101243004, 40.622190679375699 ], [ -111.405115868672993, 40.622237950933098 ], [ -111.405210102488994, 40.622297258586698 ], [ -111.405319365992995, 40.622261110257099 ], [ -111.405506778399001, 40.622224687462499 ], [ -111.405600579875994, 40.6222124664666 ], [ -111.405725711306005, 40.622200045249201 ], [ -111.405850796978001, 40.622199605757103 ], [ -111.405913267829007, 40.6221874946011 ], [ -111.406038353474997, 40.622187054906 ], [ -111.406163701950007, 40.6222104874632 ], [ -111.406288715038002, 40.6221980660521 ], [ -111.406367054857, 40.622209772136898 ], [ -111.406429669773999, 40.622221443418702 ], [ -111.406445998356006, 40.622340572338302 ], [ -111.406477906722003, 40.622435773109999 ], [ -111.406463456568005, 40.622626540187497 ], [ -111.406464323204005, 40.622769506733199 ], [ -111.406559064749999, 40.622912232941502 ], [ -111.406559714748994, 40.623019435322902 ], [ -111.406560510047001, 40.623150600587003 ], [ -111.406529829031001, 40.623257913252502 ], [ -111.406452184486, 40.623341607976897 ], [ -111.406343136581995, 40.623413521531198 ], [ -111.406327772767995, 40.623473123720899 ], [ -111.406312671821993, 40.623556598289703 ], [ -111.406297643439999, 40.623652054297096 ], [ -111.406141656572004, 40.623724042690299 ], [ -111.406063965334994, 40.623819719009298 ], [ -111.405986175012998, 40.623879540621203 ], [ -111.405845938883999, 40.623975436636997 ], [ -111.405737105173003, 40.6240830236856 ], [ -111.405690239118996, 40.624095079930498 ], [ -111.405659458686998, 40.624166717874402 ], [ -111.405581477439995, 40.6242146482737 ], [ -111.405393987625004, 40.624239179847798 ], [ -111.405315789906993, 40.624251345915198 ], [ -111.405190988388995, 40.624299440355699 ], [ -111.405082009414997, 40.624383244077002 ], [ -111.405019680574995, 40.624419227586998 ], [ -111.404894472517, 40.6244196666131 ], [ -111.404769814497996, 40.624491633398101 ], [ -111.404613824571001, 40.624563709820499 ], [ -111.404504628679007, 40.624611748844202 ], [ -111.404379754185001, 40.624647951054797 ], [ -111.404301627506001, 40.624672007794203 ], [ -111.404145277723003, 40.624684536717702 ], [ -111.404020259044003, 40.624696865741299 ], [ -111.403848445657005, 40.624733231572598 ], [ -111.403660691778001, 40.624733887953703 ], [ -111.403614040180997, 40.624781707516298 ], [ -111.403505488914007, 40.6249370380703 ], [ -111.403412041514002, 40.625008804250101 ], [ -111.403334319517, 40.625080605524303 ], [ -111.403225193916001, 40.625140624785402 ], [ -111.403163436487006, 40.625271918324202 ], [ -111.403304565062001, 40.625342955392199 ], [ -111.403430133170005, 40.625402064948801 ], [ -111.403524226296, 40.625437501133398 ], [ -111.403649318042, 40.625437063997097 ], [ -111.403805454820997, 40.625388861670999 ], [ -111.403961447539004, 40.6253167863374 ], [ -111.404070788298995, 40.625292530536797 ], [ -111.404226996670005, 40.6252563090842 ], [ -111.404352088067, 40.625255871188301 ], [ -111.404477225414993, 40.625243451301799 ], [ -111.404649543220003, 40.625290504188598 ], [ -111.404821717668995, 40.6253137741082 ], [ -111.405009544975997, 40.625325007185999 ], [ -111.405181719634001, 40.625348276567699 ], [ -111.405306955501999, 40.625371710429903 ], [ -111.405416872177, 40.625442764355697 ], [ -111.405495864002006, 40.625561673356103 ], [ -111.405527845061002, 40.625668855774897 ], [ -111.405607079356997, 40.625847311954303 ], [ -111.405717574440004, 40.626013766654502 ], [ -111.405765379588999, 40.626156658307501 ], [ -111.405765884456997, 40.626240077937197 ], [ -111.405813400875005, 40.626335223988598 ], [ -111.405813761850993, 40.626394860913997 ], [ -111.405845310836995, 40.6264305149504 ], [ -111.405892394464999, 40.626454132691002 ], [ -111.406001592340999, 40.626406092360902 ], [ -111.406064139099001, 40.6264058724637 ], [ -111.406095543622996, 40.626417653644801 ], [ -111.406173914193005, 40.6264531429443 ], [ -111.406298863665995, 40.6264289202295 ], [ -111.406313722063004, 40.626285808362603 ], [ -111.406265699483001, 40.6261072428943 ], [ -111.406280728431, 40.6260117869288 ], [ -111.406311076096998, 40.625868710649897 ], [ -111.406388480474007, 40.625725378698597 ], [ -111.406528503155997, 40.625593807985702 ], [ -111.406606222305001, 40.625522004581697 ], [ -111.406730808104001, 40.625438144476398 ], [ -111.406839931568001, 40.625378212004797 ], [ -111.406964417959003, 40.6252585870917 ], [ -111.407088785672997, 40.625138962460802 ], [ -111.407151041849005, 40.625091086489299 ], [ -111.407260164370996, 40.625031153621499 ], [ -111.407401269911006, 40.625078312462698 ], [ -111.407495581470997, 40.625149419458197 ], [ -111.407589630966001, 40.625196834177203 ], [ -111.407683725973996, 40.625232266965 ], [ -111.407746561440007, 40.625279701648502 ], [ -111.407887232692005, 40.625255331618298 ], [ -111.407996499538996, 40.625219180758201 ], [ -111.408089651685003, 40.625099665322203 ], [ -111.408167369134006, 40.625027950958398 ], [ -111.408245276505994, 40.6249680373882 ], [ -111.408338935908006, 40.624931941372097 ], [ -111.408464026635997, 40.624931499025401 ], [ -111.408588945182998, 40.624883400640599 ], [ -111.408666806804007, 40.624835468641102 ], [ -111.408713382330006, 40.6247757557055 ], [ -111.408760102764006, 40.624739825450298 ], [ -111.408900872383995, 40.624751218743597 ], [ -111.408995330685997, 40.624846197297302 ], [ -111.409042633032996, 40.624905667979 ], [ -111.409121439282998, 40.625012593466799 ], [ -111.409247157562007, 40.625095569462999 ], [ -111.409309921404002, 40.625131111944199 ], [ -111.409419624052006, 40.625166488001298 ], [ -111.409466999624001, 40.625237849850599 ], [ -111.409530200617994, 40.625344920466297 ], [ -111.409593182777996, 40.625416136831603 ], [ -111.409656137994006, 40.625463570047998 ], [ -111.409781521509004, 40.625510871828297 ], [ -111.409860156565003, 40.625570140900898 ], [ -111.409876128072995, 40.625629722416299 ], [ -111.409909062937004, 40.625891761339503 ], [ -111.409925471351002, 40.626022781002398 ], [ -111.409958187927003, 40.626249055771602 ], [ -111.410006220984002, 40.626427709738003 ], [ -111.410006658412001, 40.626499237975501 ], [ -111.410069350691003, 40.626522798597101 ], [ -111.410070006935996, 40.6266300909503 ], [ -111.410086488594004, 40.626773001914799 ], [ -111.410165271458993, 40.626856143530802 ], [ -111.410260245559002, 40.627034630649902 ], [ -111.410214034763996, 40.6271539810718 ], [ -111.410198819632001, 40.627237456496097 ], [ -111.410105859298994, 40.627368864507602 ], [ -111.409981301936, 40.627476601412802 ], [ -111.409872250605005, 40.627548428176098 ], [ -111.409685116990005, 40.627632513537201 ], [ -111.409513545281996, 40.627728525102398 ], [ -111.409498738479002, 40.627859655466402 ], [ -111.409577594555998, 40.627954688806803 ], [ -111.409765239077004, 40.627954023183001 ], [ -111.409953001830999, 40.627953356834503 ], [ -111.410250135195, 40.627952301718601 ], [ -111.410547241139, 40.627927462737098 ], [ -111.410703524362006, 40.627903033782601 ], [ -111.410922648216996, 40.627926127613698 ], [ -111.411110264472001, 40.627901586618798 ], [ -111.411204438062001, 40.627948907833499 ], [ -111.411267425016007, 40.628020213318997 ], [ -111.411299517672006, 40.628163158566998 ], [ -111.411331508719996, 40.628270249193299 ], [ -111.411394715582006, 40.628377318704104 ], [ -111.411458406357994, 40.6285439345314 ], [ -111.411458918351997, 40.628627354067198 ], [ -111.411412854573996, 40.6287704876055 ], [ -111.411304123856993, 40.6289139344101 ], [ -111.411195190422006, 40.628985852074003 ], [ -111.411133518084995, 40.629129041066001 ], [ -111.411149783873995, 40.629236277792401 ], [ -111.411181656967997, 40.629343368859999 ], [ -111.411338601590998, 40.6294262313221 ], [ -111.411542561923, 40.629520907722402 ], [ -111.411590235456998, 40.629639924048497 ], [ -111.411560043991997, 40.629806874330797 ], [ -111.411561068281998, 40.629973713362503 ], [ -111.411577553997006, 40.630116624011897 ], [ -111.411484913254, 40.630319561672003 ], [ -111.411407266818003, 40.630403259635102 ], [ -111.411235808781996, 40.6304992733142 ], [ -111.411111365161005, 40.630606920892298 ], [ -111.411049427104004, 40.630726327560502 ], [ -111.411112534770993, 40.630797632663402 ], [ -111.411128581607002, 40.630869105273703 ], [ -111.411160017290001, 40.630904758227601 ], [ -111.411144847280994, 40.630976251880597 ], [ -111.411114142521001, 40.631059782513198 ], [ -111.411098781811006, 40.631119475332397 ], [ -111.411114946403998, 40.631190857433602 ], [ -111.41117764402, 40.631214507496999 ], [ -111.411318574117004, 40.631249770513499 ], [ -111.411443867819997, 40.6312612157937 ], [ -111.411506711616994, 40.631308648341502 ], [ -111.411585135991004, 40.631332242143998 ], [ -111.411648492235003, 40.631463094106202 ], [ -111.411617816233999, 40.631570498033597 ], [ -111.411540314541995, 40.631677978736697 ], [ -111.411462767903004, 40.631797441225103 ], [ -111.411400874655001, 40.631904956307302 ], [ -111.411307646113002, 40.632012582959497 ], [ -111.411214754368004, 40.632155883107202 ], [ -111.411168761200997, 40.632310997891302 ], [ -111.411107085807004, 40.632454186801802 ], [ -111.411076773683007, 40.632621137309201 ], [ -111.411030634046995, 40.6327524693695 ], [ -111.410952984248993, 40.6328361670083 ], [ -111.410875288900996, 40.632931756345002 ], [ -111.410812955286005, 40.632967742951799 ], [ -111.410625880639003, 40.633063721155501 ], [ -111.410548549837998, 40.6332189470914 ], [ -111.410471263556005, 40.6333621911376 ], [ -111.410425340675005, 40.633529196934496 ], [ -111.410363663141993, 40.633672475516697 ], [ -111.410332691804996, 40.633732133590101 ], [ -111.410427311068005, 40.633850983496302 ], [ -111.410443403363004, 40.633910564415601 ], [ -111.410444352203001, 40.634065512023803 ], [ -111.410429208676007, 40.6341608787124 ], [ -111.410351629309005, 40.634256467265601 ], [ -111.410195476707997, 40.634304678444998 ], [ -111.409992452002001, 40.634365037500103 ], [ -111.409836371598004, 40.6344251395236 ], [ -111.409665046415, 40.634544933520303 ], [ -111.409618829492004, 40.6346642835789 ], [ -111.409744639280007, 40.634759150131799 ], [ -111.409870258454006, 40.634842125637 ], [ -111.410011459808999, 40.634901262512798 ], [ -111.410136860730006, 40.634948473657403 ], [ -111.410199707085994, 40.634995906873897 ], [ -111.410231554164994, 40.635079215018699 ], [ -111.410388438301993, 40.635150187304497 ], [ -111.410498376996998, 40.635221326255603 ], [ -111.410561296707002, 40.635280650595803 ], [ -111.410624436193004, 40.635375829047099 ], [ -111.410656356843006, 40.635471028390498 ], [ -111.410657087095004, 40.6355902118936 ], [ -111.410657598219004, 40.635673631335699 ], [ -111.410674229791994, 40.635840414709101 ], [ -111.410612696414006, 40.636007476021902 ], [ -111.410550578888007, 40.636079226539003 ], [ -111.410488606892997, 40.636174759669601 ], [ -111.410520965868997, 40.636341487147 ], [ -111.410552987672006, 40.6364724509762 ], [ -111.410553572078996, 40.636567851814902 ], [ -111.410554228780995, 40.636675053888702 ], [ -111.410695434607007, 40.636734189887797 ], [ -111.410835544503001, 40.636614505455498 ], [ -111.410928881176005, 40.636542643708303 ], [ -111.411021970716007, 40.636411234768403 ], [ -111.411130961647999, 40.636327425557802 ], [ -111.411224635297003, 40.636291327202997 ], [ -111.411349674194994, 40.6362789903067 ], [ -111.411459030071995, 40.636254727483397 ], [ -111.411552996077006, 40.6362662842362 ], [ -111.411631572904994, 40.636313750687499 ], [ -111.411678913592993, 40.636397003184697 ], [ -111.411679983073, 40.6365518601947 ], [ -111.411665207088006, 40.636706863773398 ], [ -111.411712813007995, 40.636813988554501 ], [ -111.411713618223999, 40.636945063333997 ], [ -111.411714716204997, 40.637123793475197 ], [ -111.411668281515006, 40.637207380247197 ], [ -111.411606603326007, 40.637350659405499 ], [ -111.411513412299001, 40.637446304331 ], [ -111.411341964201, 40.637566101197201 ], [ -111.411233044501003, 40.637661801916799 ], [ -111.411202483335003, 40.637769205214397 ], [ -111.411156120518001, 40.637864683095401 ], [ -111.411109904016001, 40.637984033680198 ], [ -111.411048516226003, 40.638174967890201 ], [ -111.411002079984996, 40.638258554386702 ], [ -111.410924277446995, 40.638318379235002 ], [ -111.410877987318003, 40.638425838403002 ], [ -111.411003761206999, 40.6385326853039 ], [ -111.411098095615003, 40.638603789081301 ], [ -111.411160946096999, 40.6386512217247 ], [ -111.411302010113999, 40.6386864842191 ], [ -111.411427565598999, 40.638757566611801 ], [ -111.411521828304004, 40.638816868805797 ], [ -111.411559841151998, 40.638844480353498 ], [ -111.411588980011004, 40.638909870263099 ], [ -111.411647408579, 40.639084432141402 ], [ -111.411648079263003, 40.639193616039499 ], [ -111.411448601776002, 40.639390898272303 ], [ -111.411277876148006, 40.639609969071302 ], [ -111.411021323962999, 40.6398729475547 ], [ -111.410908070033997, 40.640091813225901 ], [ -111.410709123272994, 40.640376477318199 ], [ -111.410480634512993, 40.640530168497698 ], [ -111.410309501271001, 40.640683655451198 ], [ -111.410281551164999, 40.640793031104401 ], [ -111.410425284812007, 40.640858014098797 ], [ -111.410598023969996, 40.6409665863073 ], [ -111.410656318196999, 40.6411193478881 ], [ -111.410914365276, 40.641118429975698 ], [ -111.411057296177006, 40.641052337478598 ], [ -111.411199943167006, 40.640920752079403 ], [ -111.411342740091996, 40.640832948575998 ], [ -111.411486072676993, 40.640832437940396 ], [ -111.411502902154993, 40.640819044996803 ], [ -111.411643751222002, 40.640818543015101 ], [ -111.411769018244001, 40.640841969655597 ], [ -111.411847526979003, 40.640877454498103 ], [ -111.411926063731997, 40.640936722331503 ], [ -111.411973380145994, 40.640996191579099 ], [ -111.412051962289993, 40.641043567591502 ], [ -111.412161619339997, 40.641067049501601 ], [ -111.412271202751995, 40.641078549910901 ], [ -111.412412081015006, 40.641101920118402 ], [ -111.412522031104004, 40.641172966926 ], [ -111.412632247247004, 40.641267975995298 ], [ -111.412757955486995, 40.641362839498399 ], [ -111.412915223970998, 40.641493354820398 ], [ -111.413041153484997, 40.6416239820187 ], [ -111.413151297233995, 40.641707009184202 ], [ -111.413198423691, 40.641754587029197 ], [ -111.413230203885007, 40.641825912822299 ], [ -111.413340009324997, 40.641873176217103 ], [ -111.413403011751996, 40.641944480290903 ], [ -111.413481669950002, 40.642003836704802 ], [ -111.413529061331005, 40.642075106514802 ], [ -111.413576408500006, 40.642158358119701 ], [ -111.413545775714994, 40.642253870639102 ], [ -111.413546437335995, 40.642361072566601 ], [ -111.413484390511002, 40.6424447159023 ], [ -111.413437660363002, 40.642480648006398 ], [ -111.413438395743, 40.642599831322599 ], [ -111.413454521361999, 40.642683194743299 ], [ -111.413548718008002, 40.642730603901398 ], [ -111.413611574108003, 40.642778035149703 ], [ -111.413768156448995, 40.6427774742194 ], [ -111.413940451830996, 40.642812531458198 ], [ -111.414144088100002, 40.642847566134598 ], [ -111.414253896415005, 40.642894918726398 ], [ -111.414379241196002, 40.642930143721898 ], [ -111.414520315900006, 40.642965402206499 ], [ -111.414551833236004, 40.643013035514699 ], [ -111.414583836760997, 40.643120124904598 ], [ -111.414615693225997, 40.643203431677499 ], [ -111.414632041773999, 40.643322558910498 ], [ -111.414648390381004, 40.643441686138402 ], [ -111.414758420850006, 40.643524712145201 ], [ -111.414805741056995, 40.643584090098798 ], [ -111.414853209713002, 40.643667430806197 ], [ -111.414900603739994, 40.643738700019902 ], [ -111.414900973024999, 40.643798336697103 ], [ -111.414901489580998, 40.643881755975499 ], [ -111.414886468568994, 40.643977122641402 ], [ -111.415011816263998, 40.644012437017601 ], [ -111.415090182531003, 40.6440240469231 ], [ -111.415185415487002, 40.644238203177302 ], [ -111.415186301952005, 40.644381259115399 ], [ -111.415171532507998, 40.644536262901298 ], [ -111.415172640007, 40.644714992728801 ], [ -111.415189329826006, 40.644869883401 ], [ -111.415158579310997, 40.6449653066379 ], [ -111.415096458449995, 40.645037059505697 ], [ -111.414940284259004, 40.645085277117197 ], [ -111.414863068106001, 40.645240505212897 ], [ -111.414816926864006, 40.6453717484194 ], [ -111.414770638213994, 40.6454792090097 ], [ -111.414755616676004, 40.645574575634697 ], [ -111.414553298971001, 40.645754035884302 ], [ -111.414538203489997, 40.6458375111809 ], [ -111.414351275466004, 40.645981241140298 ], [ -111.414305059187996, 40.646100592835602 ], [ -111.414306459133996, 40.646326977907201 ], [ -111.414276193743007, 40.646482037124002 ], [ -111.414229976993994, 40.6466013887812 ], [ -111.414105508521999, 40.646709039408002 ], [ -111.413886690564993, 40.646745588650901 ], [ -111.413746049945004, 40.646781857404299 ], [ -111.413480277667006, 40.646818574100003 ], [ -111.413449303689006, 40.646878322974999 ], [ -111.413481307352995, 40.646985412598198 ], [ -111.413622978589999, 40.647115982657198 ], [ -111.413717402467, 40.647199155583799 ], [ -111.413780778128, 40.647330005922903 ], [ -111.413781440243, 40.647437207752702 ], [ -111.413782176363, 40.6475563909611 ], [ -111.413736031444003, 40.647687633701203 ], [ -111.413767963075998, 40.647782922016802 ], [ -111.413815506359995, 40.647878064290701 ], [ -111.413815800725999, 40.647925719553399 ], [ -111.413910107160007, 40.648008802642302 ], [ -111.414003943100994, 40.647996574707001 ], [ -111.414081798254998, 40.647924766039203 ], [ -111.414221807027999, 40.647805078069801 ], [ -111.414488025335004, 40.647839887588503 ], [ -111.414613351154998, 40.647851419328298 ], [ -111.414723049196994, 40.647898681730297 ], [ -111.414755203192001, 40.648029643640101 ], [ -111.414771892936997, 40.648184534284397 ], [ -111.414882448010005, 40.648350979280302 ], [ -111.414977169834998, 40.648481716308602 ], [ -111.415102894995002, 40.648576577057902 ], [ -111.415197396471996, 40.648671640024901 ], [ -111.415323344024998, 40.648802264484097 ], [ -111.415386280839996, 40.648861585972497 ], [ -111.415386946119, 40.648968877837497 ], [ -111.415403342068998, 40.6490761131138 ], [ -111.415294261634003, 40.649147944871999 ], [ -111.415247675795001, 40.649207750349298 ], [ -111.415217145095994, 40.649338937492502 ], [ -111.415217735851002, 40.649434247976401 ], [ -111.415234205358999, 40.649553374557598 ], [ -111.415328708412005, 40.649648437393303 ], [ -111.415438601928003, 40.649707589946701 ], [ -111.415516930419997, 40.6497310912317 ], [ -111.415563960656996, 40.649742903634603 ], [ -111.415642511135999, 40.649802168782401 ], [ -111.415689689025001, 40.649837763708703 ], [ -111.415768284199999, 40.649885137055797 ], [ -111.415799509359999, 40.6498850246264 ], [ -111.415814648603003, 40.649789657513402 ], [ -111.415845429696006, 40.649718017176298 ], [ -111.415908042585997, 40.649705900128801 ], [ -111.415970906932003, 40.6497533299952 ], [ -111.415987481672005, 40.649908220827797 ], [ -111.416035400012007, 40.650062998733702 ], [ -111.416068001911, 40.650265488098697 ], [ -111.416100263581001, 40.650432213930401 ], [ -111.416132495393001, 40.650575066665297 ], [ -111.416180340679006, 40.6507179532043 ], [ -111.416212084538998, 40.650801259825897 ], [ -111.416369233639998, 40.650907897434699 ], [ -111.416479471341006, 40.651002902566397 ], [ -111.416542782101004, 40.651121859975802 ], [ -111.416574526608002, 40.651205166488801 ], [ -111.416543893516007, 40.651300589567697 ], [ -111.416434736785007, 40.651360531104203 ], [ -111.416357102502005, 40.651468105257699 ], [ -111.416389483776001, 40.651634830541099 ], [ -111.416390373043996, 40.6517778862735 ], [ -111.416422457734996, 40.651896866238197 ], [ -111.416438811746005, 40.652015993009798 ], [ -111.416439552713001, 40.652135176083199 ], [ -111.416455462664004, 40.6521828650733 ], [ -111.416456055240999, 40.652278175495098 ], [ -111.416613801577, 40.652480213227697 ], [ -111.416660833378003, 40.652491935082402 ], [ -111.416864797079, 40.652574619957001 ], [ -111.416990280207003, 40.652609931621797 ], [ -111.417131109737994, 40.652621314533299 ], [ -111.417272280392993, 40.652668460768602 ], [ -111.417398314216996, 40.652811064181599 ], [ -111.417445718055006, 40.652882422278097 ], [ -111.417509818829004, 40.653108580347499 ], [ -111.417573207570001, 40.653239428407304 ], [ -111.417558590694995, 40.653418304882898 ], [ -111.417544017340006, 40.653585199561498 ], [ -111.417450961227999, 40.653704721717901 ], [ -111.417452075168001, 40.653883451208998 ], [ -111.417499925686997, 40.654026337093804 ], [ -111.417516207478002, 40.654133482295599 ], [ -111.417532266937002, 40.654204953666003 ], [ -111.417392176728995, 40.654312754277598 ], [ -111.417345811504006, 40.654408234382799 ], [ -111.417409721051996, 40.654622501595 ], [ -111.417457200317003, 40.654705750932699 ], [ -111.417411132474001, 40.6548489763275 ], [ -111.417380677642001, 40.6549920551806 ], [ -111.417334356129999, 40.655075643570797 ], [ -111.417319069735996, 40.655147228242903 ], [ -111.417319589510001, 40.655230647331301 ], [ -111.417273416490005, 40.655338108327499 ], [ -111.417226976321004, 40.655421697098902 ], [ -111.417258797843004, 40.655516894620902 ], [ -111.417321668628006, 40.655564323672799 ], [ -111.417322306700996, 40.655647742327602 ], [ -111.417307391191997, 40.655778873441101 ], [ -111.417307836869995, 40.655850401247903 ], [ -111.417370856774994, 40.655921702898802 ], [ -111.417449534423, 40.655980966282797 ], [ -111.417481252450003, 40.656040489488099 ], [ -111.417528391575999, 40.656087975297702 ], [ -111.417528762800998, 40.656147521741602 ], [ -111.417545015198996, 40.656230883926597 ], [ -111.417607589710002, 40.656230657641899 ], [ -111.417794049372006, 40.656027376545502 ], [ -111.417902959177994, 40.655907886869997 ], [ -111.418089565510996, 40.655728387837598 ], [ -111.418276097144002, 40.655537087316503 ], [ -111.418338342514005, 40.655465332408902 ], [ -111.418525319115005, 40.655345469201002 ], [ -111.418712636916993, 40.655261369162602 ], [ -111.418868533977005, 40.655165491258799 ], [ -111.418930808840003, 40.655117519004598 ], [ -111.419008847308007, 40.655093452775198 ], [ -111.419087227225006, 40.655105059878402 ], [ -111.419150546544998, 40.655224015731399 ], [ -111.419151590661002, 40.655390853865804 ], [ -111.419183906437993, 40.655545686938098 ], [ -111.419168696342993, 40.655629163110198 ], [ -111.419201832690007, 40.655915070393498 ], [ -111.419233999412995, 40.656046030812 ], [ -111.419313232296005, 40.656212585022203 ], [ -111.419345324928003, 40.6563316541327 ], [ -111.419392658893003, 40.6563911200954 ], [ -111.419440066850996, 40.6564623872205 ], [ -111.419468182783007, 40.656607505997997 ], [ -111.419207412773005, 40.657146725246697 ], [ -111.416688716101007, 40.6623540628878 ], [ -111.415132292067995, 40.665571371512399 ], [ -111.414588704105995, 40.669283297757602 ], [ -111.41054891988, 40.678801206582001 ], [ -111.408365371312001, 40.680199173927797 ], [ -111.404432796107997, 40.6838794686265 ], [ -111.402314723974996, 40.6849183648769 ], [ -111.398536743831997, 40.685607120291102 ], [ -111.395514089656004, 40.683995948330299 ], [ -111.393852303721005, 40.681353069862098 ], [ -111.392196458197006, 40.6733005023153 ], [ -111.389782161735994, 40.667781825362901 ], [ -111.388276091823002, 40.661688076966598 ], [ -111.387376459587003, 40.6532904436514 ] ] ] } },
{ "type": "Feature", "properties": { "FID": 113, "SEASON": "spring/fall", "VALUE": "crucial", "SPECIES": "mule deer", "COMMENTS": " " }, "geometry": { "type": "Polygon", "coordinates": [ [ [ -111.715848268027997, 40.769183764892396 ], [ -111.718502819982007, 40.767018290655201 ], [ -111.720091512319001, 40.762597195036498 ], [ -111.723040684569995, 40.760203572490902 ], [ -111.724499900533999, 40.757592943433899 ], [ -111.727169733739998, 40.756897540802598 ], [ -111.730425745343993, 40.755406609749301 ], [ -111.732943038591998, 40.754372688202203 ], [ -111.735017657073996, 40.753680882641298 ], [ -111.736792506312, 40.753083921830097 ], [ -111.743818234911004, 40.756646132700602 ], [ -111.750721240798995, 40.752602918731803 ], [ -111.758390687716997, 40.749982286832498 ], [ -111.767736202929996, 40.746207638380099 ], [ -111.776397632929999, 40.748291741109 ], [ -111.785963216626996, 40.747370286171197 ], [ -111.790887170389993, 40.746335533318501 ], [ -111.790395936028006, 40.748104115607397 ], [ -111.789569622528006, 40.751069155366601 ], [ -111.789501464477993, 40.752647640726302 ], [ -111.789026349639997, 40.753030958543697 ], [ -111.788457630886001, 40.753603641965398 ], [ -111.786762033227006, 40.754664703646498 ], [ -111.784438384115006, 40.756027291370401 ], [ -111.781429965076001, 40.757790844649598 ], [ -111.778536551781002, 40.759301305762598 ], [ -111.774410590567996, 40.761175807113901 ], [ -111.770319009185002, 40.763185058740703 ], [ -111.765738333390999, 40.764999224793897 ], [ -111.760185493793998, 40.766711515207803 ], [ -111.756555410301004, 40.767888456971498 ], [ -111.751593249953999, 40.769064959498003 ], [ -111.747686908876005, 40.770135319511198 ], [ -111.743542420270998, 40.771346713567198 ], [ -111.737234494242998, 40.773134920833499 ], [ -111.732646517733002, 40.77476314642 ], [ -111.730086279036001, 40.775386724679699 ], [ -111.729062020596004, 40.775251767151097 ], [ -111.729236318546995, 40.772259127843398 ], [ -111.728798119887003, 40.770057518602002 ], [ -111.722997827114995, 40.769936535506297 ], [ -111.715368587179995, 40.769865709803398 ], [ -111.715848268027997, 40.769183764892396 ] ] ] } },
{ "type": "Feature", "properties": { "FID": 116, "SEASON": "winter", "VALUE": "crucial", "SPECIES": "mule deer", "COMMENTS": " " }, "geometry": { "type": "Polygon", "coordinates": [ [ [ -111.412138173271998, 40.8080268077344 ], [ -111.411708952821002, 40.8080598698524 ], [ -111.411022519206, 40.808026283119901 ], [ -111.409905505427005, 40.807669916513703 ], [ -111.409043897575003, 40.806853109881303 ], [ -111.408910495632995, 40.805709592066002 ], [ -111.409681839013999, 40.799986358791102 ], [ -111.409806202235004, 40.799062543854902 ], [ -111.410267019448995, 40.796218717298302 ], [ -111.410724256948001, 40.792627102201202 ], [ -111.410416416700002, 40.790700371597097 ], [ -111.410296002720997, 40.789489151879899 ], [ -111.410237522244998, 40.7889038049466 ], [ -111.409604562365004, 40.786140432004402 ], [ -111.409508606680006, 40.783658918964001 ], [ -111.409585817015994, 40.782298264410201 ], [ -111.409709148530993, 40.7801312706288 ], [ -111.409619256401996, 40.779118127731799 ], [ -111.409595367986995, 40.7786632806284 ], [ -111.40957271245, 40.7782354547683 ], [ -111.409354056143997, 40.777191238314103 ], [ -111.408920786655997, 40.776048687798003 ], [ -111.408959290474002, 40.775003558659002 ], [ -111.408331137977996, 40.773420276447702 ], [ -111.407640792162994, 40.772377723844897 ], [ -111.407037201418007, 40.771528545074702 ], [ -111.406607082931998, 40.7712012487208 ], [ -111.405533632233997, 40.770907653110797 ], [ -111.403043750706004, 40.770227220420502 ], [ -111.402588505192, 40.770031611902297 ], [ -111.402565576257999, 40.770021692377597 ], [ -111.402356134870004, 40.769932337104699 ], [ -111.401539248044998, 40.769381155328198 ], [ -111.401151155628995, 40.768823973718298 ], [ -111.400891655169005, 40.768270848401897 ], [ -111.400545348815001, 40.767389210895999 ], [ -111.400286736422004, 40.767061295300003 ], [ -111.399036727167001, 40.765462098037197 ], [ -111.398863651761005, 40.765070823308903 ], [ -111.398795620434001, 40.764928452658403 ], [ -111.397741460301006, 40.764151317183902 ], [ -111.397183103223995, 40.762905732213497 ], [ -111.395979443108004, 40.762103420263898 ], [ -111.393809870233, 40.760980266802903 ], [ -111.393078074512005, 40.760261984788599 ], [ -111.391698540275002, 40.7583028033876 ], [ -111.391183273318006, 40.758074832025798 ], [ -111.390666769804, 40.757554083409701 ], [ -111.388005108724002, 40.7566396818847 ], [ -111.384526068835996, 40.754980231688201 ], [ -111.380578004650999, 40.753970842426902 ], [ -111.377143996900003, 40.752865048865999 ], [ -111.375749885630995, 40.7525407821512 ], [ -111.375303490473996, 40.752366566902097 ], [ -111.375140026937004, 40.752263499437703 ], [ -111.374976082006, 40.752137911804297 ], [ -111.374886048961997, 40.751926502183203 ], [ -111.374838489781993, 40.751705495517903 ], [ -111.374832891479997, 40.751678938328403 ], [ -111.374771614045997, 40.751314288993598 ], [ -111.374702040136995, 40.750801024610197 ], [ -111.374662174359003, 40.750283159402997 ], [ -111.374638868269003, 40.750098558700103 ], [ -111.374623581088002, 40.750013026592697 ], [ -111.374429101193002, 40.749130814511602 ], [ -111.373799235516003, 40.747664453435704 ], [ -111.373079181692006, 40.746396569475301 ], [ -111.372231431298999, 40.744930903162597 ], [ -111.372017457918005, 40.744623228257701 ], [ -111.372015667683996, 40.744620801702702 ], [ -111.371507859058994, 40.743892739715299 ], [ -111.370698088639998, 40.742791788090599 ], [ -111.370188369111005, 40.741991657243297 ], [ -111.369721711482001, 40.741222916253101 ], [ -111.369500405156003, 40.7408272457481 ], [ -111.369439277400005, 40.740717986708098 ], [ -111.369256255633999, 40.740391109085401 ], [ -111.368917086785999, 40.739820146316397 ], [ -111.367929482356999, 40.738949462490098 ], [ -111.366982850198994, 40.738245299310897 ], [ -111.366597096386002, 40.737877261692901 ], [ -111.366741992342, 40.7369804433281 ], [ -111.367021643686002, 40.735821946082098 ], [ -111.368252862779997, 40.735070308555201 ], [ -111.369265611881005, 40.7343508871514 ], [ -111.370230403666994, 40.733892860870903 ], [ -111.371019123406001, 40.733570522031201 ], [ -111.371804377244004, 40.733477909006503 ], [ -111.371925197994997, 40.733482294337598 ], [ -111.372771040364, 40.732893734607899 ], [ -111.375498669375006, 40.7316552154508 ], [ -111.377418298818, 40.730811151970101 ], [ -111.379596745453995, 40.729299566728699 ], [ -111.381055496184999, 40.7279794995492 ], [ -111.383740564080995, 40.726051764637603 ], [ -111.385953431413995, 40.7247697545222 ], [ -111.388073176297993, 40.723330273578497 ], [ -111.391008099493007, 40.721856464823901 ], [ -111.393290094584003, 40.721100994959798 ], [ -111.394929505782997, 40.721635916411699 ], [ -111.395349933445004, 40.723210989725203 ], [ -111.395018282335002, 40.724995835885998 ], [ -111.394659843862001, 40.7270599497785 ], [ -111.393973039944001, 40.729170136140503 ], [ -111.394628931293994, 40.729384282986899 ], [ -111.395166584964997, 40.729688737078803 ], [ -111.395154225100995, 40.730161732522603 ], [ -111.395316854891007, 40.730688180536397 ], [ -111.395642122764002, 40.7314212693868 ], [ -111.395942251069002, 40.7329066638003 ], [ -111.395979901925003, 40.733883970511599 ], [ -111.396017601094002, 40.734190134408699 ], [ -111.396105270687997, 40.734874488991402 ], [ -111.396218044823996, 40.735657852093702 ], [ -111.396480754720997, 40.736580333667703 ], [ -111.397031157384006, 40.737762985109804 ], [ -111.397281158617005, 40.7381585040944 ], [ -111.397356392367001, 40.738541201453103 ], [ -111.397469051906995, 40.738923679777798 ], [ -111.397694322229995, 40.739341714393703 ], [ -111.397719334178007, 40.739882235230503 ], [ -111.397644680707998, 40.7414273796483 ], [ -111.397757231976001, 40.742188219562301 ], [ -111.397882516270002, 40.742759834550398 ], [ -111.397907873308, 40.743417375673403 ], [ -111.397945361154996, 40.744043344761501 ], [ -111.397858399659, 40.7450931473631 ], [ -111.397845780848996, 40.745340927546998 ], [ -111.397795639365995, 40.745692436018601 ], [ -111.397620973933002, 40.746436247829998 ], [ -111.397508718720005, 40.747337494922199 ], [ -111.397508969238999, 40.747936566164 ], [ -111.397558878020007, 40.748539970606103 ], [ -111.397646661325993, 40.749098201476002 ], [ -111.397846848230003, 40.749336239514001 ], [ -111.398021745963007, 40.749623911706699 ], [ -111.398623629984002, 40.749982178487699 ], [ -111.398677666519006, 40.750045052039098 ], [ -111.399110399934003, 40.751156118337398 ], [ -111.400102819276995, 40.752751708046198 ], [ -111.401265299716002, 40.753995362490599 ], [ -111.402448867928996, 40.755153349764001 ], [ -111.404082174829, 40.7561926392233 ], [ -111.405888902032004, 40.757726767803 ], [ -111.406963464731007, 40.758412140479201 ], [ -111.409286653802994, 40.760336266109597 ], [ -111.411826203291994, 40.762683065540699 ], [ -111.413248498992999, 40.764511226584403 ], [ -111.413690122450006, 40.7652243846155 ], [ -111.413692995049999, 40.765229058776299 ], [ -111.414714779806005, 40.765282776145803 ], [ -111.415387041166994, 40.765318014263102 ], [ -111.417653667821, 40.765378659211102 ], [ -111.419940335129994, 40.765742505309298 ], [ -111.422551670054006, 40.765843238621699 ], [ -111.424818377484996, 40.765931398823497 ], [ -111.426610417562998, 40.765497511857902 ], [ -111.428670657623996, 40.764469837190802 ], [ -111.430589638539004, 40.762657915936401 ], [ -111.430869085946995, 40.762394002786998 ], [ -111.432598746658002, 40.760747250890098 ], [ -111.435814946969003, 40.759122344978799 ], [ -111.437208324682999, 40.7587449305069 ], [ -111.439398066543006, 40.758171506241297 ], [ -111.443000553383001, 40.757440921852002 ], [ -111.444609981620999, 40.756855841589697 ], [ -111.446978909056995, 40.755992047237697 ], [ -111.449687967448995, 40.754506638525399 ], [ -111.451098734051996, 40.754046199641998 ], [ -111.453305856666006, 40.753403527788102 ], [ -111.457299044025007, 40.754187196525301 ], [ -111.457737342290997, 40.754667958686198 ], [ -111.458693467021007, 40.756649023055701 ], [ -111.459308414559999, 40.759072586960102 ], [ -111.459451240085002, 40.761387762118197 ], [ -111.459178764864006, 40.763938902110603 ], [ -111.459136653599998, 40.764224280872099 ], [ -111.458814943657003, 40.766407795037502 ], [ -111.458778374865005, 40.766655315552804 ], [ -111.458399196450998, 40.769221379365902 ], [ -111.458846230041999, 40.770956362604103 ], [ -111.459504693721001, 40.7717808181214 ], [ -111.460363645192004, 40.772756084078203 ], [ -111.462079690229999, 40.774444635026001 ], [ -111.463538355015999, 40.775610437017797 ], [ -111.464596179693004, 40.776488390140699 ], [ -111.465089165991003, 40.776982595052402 ], [ -111.462407579376006, 40.777520821649397 ], [ -111.460550298309997, 40.778559006512097 ], [ -111.458727130477996, 40.779999257186297 ], [ -111.458028260592997, 40.781532494195801 ], [ -111.456851452622999, 40.782954472509502 ], [ -111.455452463512003, 40.783747709079499 ], [ -111.453321765303002, 40.785106928945197 ], [ -111.452306331640003, 40.787610781492901 ], [ -111.451805618818995, 40.788772321074902 ], [ -111.451138014546999, 40.790321066790298 ], [ -111.449953947420994, 40.790712245840503 ], [ -111.448439547606, 40.792393096275298 ], [ -111.448279583330006, 40.793811028821899 ], [ -111.447949124255004, 40.795100800964399 ], [ -111.446145842703999, 40.796768597951598 ], [ -111.443902520603004, 40.798466346832399 ], [ -111.441539238166001, 40.800021545740101 ], [ -111.439628648856001, 40.8014250704286 ], [ -111.438853278577, 40.802117263261202 ], [ -111.438293794860002, 40.802560446513802 ], [ -111.436295297903001, 40.803487519162402 ], [ -111.436297818108997, 40.803492194057903 ], [ -111.435913849046997, 40.803984609043603 ], [ -111.434757658634993, 40.804574524293301 ], [ -111.432871539410002, 40.804969071530302 ], [ -111.432632178757004, 40.805024020306199 ], [ -111.429185144157998, 40.805825137871999 ], [ -111.428113159278993, 40.805991183325602 ], [ -111.427264367467998, 40.806039462134798 ], [ -111.426311393792005, 40.806092533840399 ], [ -111.423931677506005, 40.806439120734098 ], [ -111.421874315119993, 40.807032214320003 ], [ -111.421704591524005, 40.807077877286297 ], [ -111.417888294842001, 40.808114227512903 ], [ -111.416215063338996, 40.808115771177 ], [ -111.415657472025998, 40.808248404540201 ], [ -111.414585271499007, 40.808315321627397 ], [ -111.414199087054001, 40.808348238365802 ], [ -111.413555162437007, 40.808287488584099 ], [ -111.412739120669002, 40.808155282972301 ], [ -111.412138173271998, 40.8080268077344 ] ] ] } },
{ "type": "Feature", "properties": { "FID": 117, "SEASON": "year-long", "VALUE": "crucial", "SPECIES": "mule deer", "COMMENTS": " " }, "geometry": { "type": "Polygon", "coordinates": [ [ [ -111.705171871269002, 40.779699799110702 ], [ -111.708824244428996, 40.778132466874602 ], [ -111.711737329954005, 40.774298991564997 ], [ -111.714089852380994, 40.771683075893399 ], [ -111.715368587179995, 40.769865709803398 ], [ -111.722997827114995, 40.769936535506297 ], [ -111.728798119887003, 40.770057518602002 ], [ -111.729236318546995, 40.772259127843398 ], [ -111.729062020596004, 40.775251767151097 ], [ -111.730086279036001, 40.775386724679699 ], [ -111.732646517733002, 40.77476314642 ], [ -111.737234494242998, 40.773134920833499 ], [ -111.743542420270998, 40.771346713567198 ], [ -111.747686908876005, 40.770135319511198 ], [ -111.751593249953999, 40.769064959498003 ], [ -111.756555410301004, 40.767888456971498 ], [ -111.760185493793998, 40.766711515207803 ], [ -111.765738333390999, 40.764999224793897 ], [ -111.770319009185002, 40.763185058740703 ], [ -111.774410590567996, 40.761175807113901 ], [ -111.778536551781002, 40.759301305762598 ], [ -111.781429965076001, 40.757790844649598 ], [ -111.784438384115006, 40.756027291370401 ], [ -111.786762033227006, 40.754664703646498 ], [ -111.788457630886001, 40.753603641965398 ], [ -111.789026349639997, 40.753030958543697 ], [ -111.789501464477993, 40.752647640726302 ], [ -111.793803142878005, 40.755149520727201 ], [ -111.799837281484002, 40.757967423711499 ], [ -111.795587322859006, 40.760265227650599 ], [ -111.792271051130001, 40.762085505130003 ], [ -111.786955240422998, 40.7657438275575 ], [ -111.783392070283995, 40.766560366650602 ], [ -111.781702462625006, 40.768086419707899 ], [ -111.773250440370006, 40.772876596867398 ], [ -111.769677337888993, 40.773711787162398 ], [ -111.764575707641001, 40.777541601162298 ], [ -111.761367372989, 40.781138274807297 ], [ -111.754420070795007, 40.784013552982699 ], [ -111.739354396485993, 40.789239855653399 ], [ -111.736687003425004, 40.790518550807903 ], [ -111.733379221527997, 40.788825311729902 ], [ -111.729125246734995, 40.787059585969502 ], [ -111.727216676189002, 40.786786782314003 ], [ -111.725423305058996, 40.787786569595703 ], [ -111.723544146855005, 40.792888149049503 ], [ -111.724033631704998, 40.796843754065897 ], [ -111.724668253979999, 40.8004591846762 ], [ -111.727392887720001, 40.804626912009397 ], [ -111.730121584675999, 40.809133893172898 ], [ -111.731063175174, 40.813539087491002 ], [ -111.729611697742996, 40.816941387690903 ], [ -111.728723651785046, 40.81739146139693 ], [ -111.720348405862921, 40.81788415640704 ], [ -111.719037275055001, 40.8165553721295 ], [ -111.716904413481004, 40.812044432772602 ], [ -111.715215995690002, 40.807304493807301 ], [ -111.713677803422001, 40.802676652662299 ], [ -111.710405850699999, 40.802923046623498 ], [ -111.705839753179006, 40.8074752906942 ], [ -111.700069270632994, 40.810790510818599 ], [ -111.696919619156006, 40.808547469533302 ], [ -111.697756997815006, 40.803226434713103 ], [ -111.701293463396993, 40.799811780779699 ], [ -111.704962652822999, 40.794925935763501 ], [ -111.708038622971003, 40.790269725208603 ], [ -111.711121406176005, 40.786292086175102 ], [ -111.713462147273006, 40.782545156052201 ], [ -111.714327504907999, 40.781933892228501 ], [ -111.714419809274006, 40.781169131586402 ], [ -111.707384288962004, 40.781842257819903 ], [ -111.702632756086999, 40.780897200598602 ], [ -111.705171871269002, 40.779699799110702 ] ] ] } },
{ "type": "Feature", "properties": { "FID": 119, "SEASON": "spring/fall", "VALUE": "crucial", "SPECIES": "mule deer", "COMMENTS": " " }, "geometry": { "type": "MultiPolygon", "coordinates": [ [ [ [ -111.682734629007001, 40.746197562535201 ], [ -111.686309462341001, 40.746741916500703 ], [ -111.688860972577004, 40.748988849687301 ], [ -111.690359772069996, 40.750110915660997 ], [ -111.695880123527999, 40.751774429412997 ], [ -111.700358460611994, 40.7533307689366 ], [ -111.704532277753998, 40.754210271252397 ], [ -111.706186223643996, 40.755896737563198 ], [ -111.704137485803997, 40.759076290287098 ], [ -111.702661953252004, 40.760216302685301 ], [ -111.702078914493001, 40.761350960090503 ], [ -111.700898519020001, 40.762262950074103 ], [ -111.699505423464004, 40.764180936481402 ], [ -111.697392181829997, 40.765585540852598 ], [ -111.695674568398005, 40.767010243373498 ], [ -111.694779731235002, 40.768691216131799 ], [ -111.694098040200004, 40.770465489015599 ], [ -111.693635207165997, 40.771297144028701 ], [ -111.692941658175002, 40.772539979307297 ], [ -111.690312835577998, 40.774315995167001 ], [ -111.687809284341995, 40.776819270754302 ], [ -111.683973563622999, 40.7800090946984 ], [ -111.680578003822006, 40.782630552138698 ], [ -111.684763982611997, 40.784528648633099 ], [ -111.688172186279004, 40.783667071164501 ], [ -111.690400654935999, 40.7827984943318 ], [ -111.692920783776998, 40.781878486702198 ], [ -111.695743008099001, 40.781409099171398 ], [ -111.697977170130002, 40.781621810173498 ], [ -111.700205526280996, 40.781269050670303 ], [ -111.702210819024998, 40.781096153910802 ], [ -111.702632756086999, 40.780897200598602 ], [ -111.707384288962004, 40.781842257819903 ], [ -111.714419809274006, 40.781169131586402 ], [ -111.714327504907999, 40.781933892228501 ], [ -111.713462147273006, 40.782545156052201 ], [ -111.711121406176005, 40.786292086175102 ], [ -111.708038622971003, 40.790269725208603 ], [ -111.704962652822999, 40.794925935763501 ], [ -111.701293463396993, 40.799811780779699 ], [ -111.697756997815006, 40.803226434713103 ], [ -111.696919619156006, 40.808547469533302 ], [ -111.700069270632994, 40.810790510818599 ], [ -111.705839753179006, 40.8074752906942 ], [ -111.710405850699999, 40.802923046623498 ], [ -111.713677803422001, 40.802676652662299 ], [ -111.715215995690002, 40.807304493807301 ], [ -111.716904413481004, 40.812044432772602 ], [ -111.719037275055001, 40.8165553721295 ], [ -111.720348405862921, 40.81788415640704 ], [ -111.702896948509732, 40.818910782495038 ], [ -111.702549041672029, 40.818929697083014 ], [ -111.645492520471066, 40.821782688861049 ], [ -111.644469393620994, 40.821268252378502 ], [ -111.641317148499994, 40.816705566305203 ], [ -111.640052097635007, 40.8142531052289 ], [ -111.639258355238994, 40.810568635101902 ], [ -111.639255781223, 40.809695099501603 ], [ -111.640691742380994, 40.806705064954897 ], [ -111.640535203512002, 40.804061860462298 ], [ -111.640190393414002, 40.802957624746398 ], [ -111.640799817244996, 40.8003398944387 ], [ -111.640998769250999, 40.799480642494601 ], [ -111.642037250246005, 40.799004266197599 ], [ -111.645061904833995, 40.7988837990072 ], [ -111.646416896706995, 40.795894321401001 ], [ -111.647016218298006, 40.793134368392401 ], [ -111.646348019539005, 40.791909176385197 ], [ -111.646919110549007, 40.789968431605601 ], [ -111.644246862721999, 40.784481447673798 ], [ -111.644275846452004, 40.784402371451598 ], [ -111.644273361694999, 40.7832131740048 ], [ -111.644470376298003, 40.780887971746701 ], [ -111.645143528028001, 40.778671812736597 ], [ -111.647734612782997, 40.775662691002303 ], [ -111.647430568749996, 40.774628418933503 ], [ -111.642891398794006, 40.773027760025897 ], [ -111.642831301347002, 40.773025752599402 ], [ -111.639741953992996, 40.768824683056998 ], [ -111.633065371219999, 40.762627602691502 ], [ -111.629426281185999, 40.760566446619897 ], [ -111.623764037382998, 40.755602404682101 ], [ -111.629454209287999, 40.754044562441202 ], [ -111.631048090861995, 40.753237881531298 ], [ -111.636965923546995, 40.750078596091399 ], [ -111.643348938246007, 40.748799021259202 ], [ -111.653148731553998, 40.747160546181 ], [ -111.658493502677004, 40.746225267007098 ], [ -111.666646712174995, 40.743577062999499 ], [ -111.673180573791001, 40.742634319813902 ], [ -111.677668109836006, 40.745209456713297 ], [ -111.681298532533006, 40.745917505176998 ], [ -111.682734629007001, 40.746197562535201 ] ] ], [ [ [ -111.729611697742996, 40.816941387690903 ], [ -111.731063175174, 40.813539087491002 ], [ -111.730121584675999, 40.809133893172898 ], [ -111.727392887720001, 40.804626912009397 ], [ -111.724668253979999, 40.8004591846762 ], [ -111.724033631704998, 40.796843754065897 ], [ -111.723544146855005, 40.792888149049503 ], [ -111.725423305058996, 40.787786569595703 ], [ -111.727216676189002, 40.786786782314003 ], [ -111.729125246734995, 40.787059585969502 ], [ -111.733379221527997, 40.788825311729902 ], [ -111.736687003425004, 40.790518550807903 ], [ -111.734493614463005, 40.791570037558898 ], [ -111.730601928463997, 40.797430870843598 ], [ -111.735052551254, 40.800055411149202 ], [ -111.742808332321999, 40.799022019857198 ], [ -111.743418396180004, 40.798940708276596 ], [ -111.747073415798994, 40.797237116384402 ], [ -111.754317512938997, 40.795509821028901 ], [ -111.760126793953006, 40.794764264088002 ], [ -111.769682301135006, 40.794498409505898 ], [ -111.769888130485, 40.794492712276103 ], [ -111.774386880104004, 40.792890634407001 ], [ -111.777922260332005, 40.792650650748698 ], [ -111.780955921407994, 40.792900411428398 ], [ -111.783076011033998, 40.794052635578197 ], [ -111.783425901738994, 40.794454108727997 ], [ -111.783825419631, 40.794912357152398 ], [ -111.799161652902001, 40.7967296456046 ], [ -111.802144995074997, 40.805755560503897 ], [ -111.811089414850997, 40.809381972461203 ], [ -111.811879013190591, 40.812499637084038 ], [ -111.728723651785046, 40.81739146139693 ], [ -111.729611697742996, 40.816941387690903 ] ] ] ] } },
{ "type": "Feature", "properties": { "FID": 121, "SEASON": "winter", "VALUE": "crucial", "SPECIES": "mule deer", "COMMENTS": " " }, "geometry": { "type": "Polygon", "coordinates": [ [ [ -111.346366584947006, 40.749671484152898 ], [ -111.346422832759004, 40.749781941042002 ], [ -111.346424867061998, 40.749785898723403 ], [ -111.346448889398005, 40.749804024005201 ], [ -111.346455549058007, 40.749809048834798 ], [ -111.346509064217003, 40.749849426916299 ], [ -111.346509609939005, 40.7499545557258 ], [ -111.346509961129001, 40.750022209311702 ], [ -111.346509991057005, 40.750027974730401 ], [ -111.346502231458004, 40.7500392587853 ], [ -111.346482834084, 40.750067784216299 ], [ -111.346389374457004, 40.750205355915298 ], [ -111.346411003333003, 40.750241595686497 ], [ -111.346435626353994, 40.750284132490897 ], [ -111.346430788663994, 40.750310632315497 ], [ -111.346427564937997, 40.750328569118999 ], [ -111.346419501173997, 40.750372555322897 ], [ -111.346441083366997, 40.750399786620903 ], [ -111.346455272675996, 40.750417671155802 ], [ -111.346650348587005, 40.750663921231897 ], [ -111.346662153438999, 40.750678840062101 ], [ -111.346685239270997, 40.750699040083703 ], [ -111.346694169832006, 40.750707931778102 ], [ -111.346988897464996, 40.751004780507998 ], [ -111.34903302, 40.752408463508402 ], [ -111.349944796822996, 40.752766046678403 ], [ -111.351436546049996, 40.753567783833901 ], [ -111.352526287201002, 40.754307129451803 ], [ -111.352830712807005, 40.754548170182701 ], [ -111.353062529392005, 40.754723579380602 ], [ -111.353075018108996, 40.754733000204702 ], [ -111.353085384492005, 40.7547443193261 ], [ -111.353090984214006, 40.754750337955997 ], [ -111.353189282585006, 40.754856969254 ], [ -111.356313662597003, 40.758245227861103 ], [ -111.357844243146999, 40.760308054077001 ], [ -111.358327815978996, 40.761005890449397 ], [ -111.358651129644002, 40.761643414871898 ], [ -111.359002597268002, 40.762866138555196 ], [ -111.358971332891002, 40.763529447818101 ], [ -111.358957711206997, 40.763816413588998 ], [ -111.359278801875007, 40.765291560803902 ], [ -111.359310268447004, 40.765436230743298 ], [ -111.359414022733006, 40.765913002112498 ], [ -111.359470273130995, 40.766171283087203 ], [ -111.359681748829004, 40.768298990925601 ], [ -111.359587071795005, 40.769287436662403 ], [ -111.359292379530004, 40.770276595124002 ], [ -111.358970416003004, 40.770735683005 ], [ -111.358886572973006, 40.770855217276797 ], [ -111.358597883132006, 40.771266905594601 ], [ -111.358548952299998, 40.771334441747697 ], [ -111.358440505339004, 40.771484320925502 ], [ -111.358101634354, 40.7719525574689 ], [ -111.356658768724998, 40.773249305122398 ], [ -111.353818607018994, 40.775082463075002 ], [ -111.352197000982997, 40.775974496997897 ], [ -111.350079610386999, 40.777108091354997 ], [ -111.349370681653994, 40.777780927359501 ], [ -111.349209463777001, 40.777929966535801 ], [ -111.349104147323004, 40.778027397492203 ], [ -111.349068294381993, 40.778060477287902 ], [ -111.349048757393007, 40.778086300872701 ], [ -111.348577281545005, 40.7787105779841 ], [ -111.348585680617006, 40.778866400736099 ], [ -111.348675003574002, 40.780514697470799 ], [ -111.348682883939006, 40.7806165604648 ], [ -111.348752795251997, 40.7815208985539 ], [ -111.349028063117004, 40.782260749887399 ], [ -111.349868571648997, 40.784520072561797 ], [ -111.350002325681004, 40.787264121930903 ], [ -111.350062371074998, 40.7884967595311 ], [ -111.350074716514001, 40.788748601037398 ], [ -111.350077501673994, 40.788804986087101 ], [ -111.350092658445007, 40.789118167245199 ], [ -111.350151550847002, 40.789656789647601 ], [ -111.350155288804004, 40.789691461202501 ], [ -111.350237474221998, 40.790444596334503 ], [ -111.350250299763999, 40.790562028813099 ], [ -111.350234124842004, 40.790641803515598 ], [ -111.350104037058998, 40.791284597460702 ], [ -111.348910102141005, 40.792466350757202 ], [ -111.348752520955998, 40.792569794743699 ], [ -111.348248235297007, 40.792901030328103 ], [ -111.348121956138996, 40.792983929589802 ], [ -111.347330844430005, 40.793503403725602 ], [ -111.347165698050006, 40.793611822999097 ], [ -111.347153426481, 40.793622580079898 ], [ -111.346456264788998, 40.794226806093498 ], [ -111.346278891558995, 40.794355259751804 ], [ -111.346027355912, 40.794537446266901 ], [ -111.345050634466006, 40.795342130877202 ], [ -111.343224431455994, 40.7969510966294 ], [ -111.342322198157007, 40.798423879335701 ], [ -111.342091093982006, 40.798757880400203 ], [ -111.341966018060006, 40.799171292308898 ], [ -111.341904859392997, 40.799358130304597 ], [ -111.341550096462996, 40.800545784513901 ], [ -111.341474434266004, 40.800771401842702 ], [ -111.34144993662413, 40.800932640037693 ], [ -111.341116653455217, 40.79945156651673 ], [ -111.340852944120982, 40.796545452900034 ], [ -111.340974268530047, 40.793633895731197 ], [ -111.345760244551357, 40.749200340669773 ], [ -111.346366584947006, 40.749671484152898 ] ] ] } },
{ "type": "Feature", "properties": { "FID": 131, "SEASON": "winter", "VALUE": "crucial", "SPECIES": "mule deer", "COMMENTS": " " }, "geometry": { "type": "Polygon", "coordinates": [ [ [ -111.811089414850997, 40.809381972461203 ], [ -111.802144995074997, 40.805755560503897 ], [ -111.799161652902001, 40.7967296456046 ], [ -111.795225436224996, 40.7944931124646 ], [ -111.789625799592002, 40.793258226530398 ], [ -111.788149348122005, 40.791202685881899 ], [ -111.790997348356001, 40.7802040609957 ], [ -111.788581383280004, 40.775792217459099 ], [ -111.781323500575994, 40.775841497391497 ], [ -111.778412785065996, 40.7736115736557 ], [ -111.779856478878003, 40.769753496411397 ], [ -111.781702462625006, 40.768086419707899 ], [ -111.783392070283995, 40.766560366650602 ], [ -111.786955240422998, 40.7657438275575 ], [ -111.792271051130001, 40.762085505130003 ], [ -111.795587322859006, 40.760265227650599 ], [ -111.799837281484002, 40.757967423711499 ], [ -111.800405215338003, 40.757660350545201 ], [ -111.804234012983002, 40.759173102276499 ], [ -111.807581275337995, 40.760236330572603 ], [ -111.812585647603996, 40.760472807977997 ], [ -111.817315276415997, 40.761189995114599 ], [ -111.819784525605002, 40.762827788235803 ], [ -111.820902287015002, 40.7651994304101 ], [ -111.821190574824001, 40.767703535097901 ], [ -111.822758668399999, 40.769531623924699 ], [ -111.825667910701995, 40.772389588533699 ], [ -111.830293680425996, 40.775840417571203 ], [ -111.833831238216007, 40.778479158038898 ], [ -111.838324285799004, 40.782033044328102 ], [ -111.843477505511999, 40.784454703318403 ], [ -111.848356390860999, 40.786468354091099 ], [ -111.855413299394996, 40.7901052036867 ], [ -111.861350288121997, 40.790470920130801 ], [ -111.866742638869994, 40.7904305404114 ], [ -111.871064522186998, 40.791012818979098 ], [ -111.877535401366998, 40.790963787634503 ], [ -111.883401449030004, 40.790675438222699 ], [ -111.887252542550996, 40.791709241908499 ], [ -111.892179889204996, 40.797204567435998 ], [ -111.895987915684998, 40.799634350407302 ], [ -111.899700604185824, 40.807333310021463 ], [ -111.811879013190591, 40.812499637084038 ], [ -111.811089414850997, 40.809381972461203 ] ] ] } },
{ "type": "Feature", "properties": { "FID": 166, "SEASON": "summer", "VALUE": "crucial", "SPECIES": "mule deer", "COMMENTS": " " }, "geometry": { "type": "Polygon", "coordinates": [ [ [ -111.424176922776994, 40.826108441101198 ], [ -111.424580046323001, 40.825629418926297 ], [ -111.424847021996001, 40.825391963598904 ], [ -111.425729064582001, 40.824607226748803 ], [ -111.42638130796, 40.824014762751297 ], [ -111.426819881065001, 40.823668386589702 ], [ -111.428323287403003, 40.822480632120097 ], [ -111.428658151605006, 40.822256158290898 ], [ -111.430646863552994, 40.820923064096903 ], [ -111.431586581581001, 40.820292922572001 ], [ -111.433730772801994, 40.8187444309063 ], [ -111.436744912110996, 40.816534989645596 ], [ -111.437979283570002, 40.815525863911397 ], [ -111.438758282007996, 40.814261625313797 ], [ -111.438930974526997, 40.813981795295199 ], [ -111.440384445814004, 40.811440275513199 ], [ -111.441655635817, 40.809962527321296 ], [ -111.442152408382, 40.809514704023499 ], [ -111.443501236066993, 40.808027629066103 ], [ -111.445421976136004, 40.805484336705298 ], [ -111.446537593406006, 40.804106137449203 ], [ -111.446909599801003, 40.803609319388201 ], [ -111.448273855284, 40.802158071617001 ], [ -111.449917927323, 40.800494106766998 ], [ -111.450758109269998, 40.799396293400299 ], [ -111.450873928117005, 40.799098559954899 ], [ -111.451160734956005, 40.798615483408597 ], [ -111.451504930599, 40.798082634737597 ], [ -111.451883368355993, 40.797653068665802 ], [ -111.452281446634998, 40.797201263395202 ], [ -111.453229242782001, 40.795990403187297 ], [ -111.453256348668006, 40.795548879315398 ], [ -111.453254517312999, 40.795175032969297 ], [ -111.453165884997006, 40.794779006221702 ], [ -111.455101051322004, 40.791333107394401 ], [ -111.457283424066006, 40.7872890194894 ], [ -111.462509523587002, 40.7835049666797 ], [ -111.463527029822998, 40.781550715910697 ], [ -111.467430713520997, 40.779249683271303 ], [ -111.466536400921996, 40.778447127837197 ], [ -111.465089165991003, 40.776982595052402 ], [ -111.464596179693004, 40.776488390140699 ], [ -111.463538355015999, 40.775610437017797 ], [ -111.462079690229999, 40.774444635026001 ], [ -111.460363645192004, 40.772756084078203 ], [ -111.459504693721001, 40.7717808181214 ], [ -111.458846230041999, 40.770956362604103 ], [ -111.458399196450998, 40.769221379365902 ], [ -111.458778374865005, 40.766655315552804 ], [ -111.458814943657003, 40.766407795037502 ], [ -111.459136653599998, 40.764224280872099 ], [ -111.459178764864006, 40.763938902110603 ], [ -111.459451240085002, 40.761387762118197 ], [ -111.459308414559999, 40.759072586960102 ], [ -111.458693467021007, 40.756649023055701 ], [ -111.457737342290997, 40.754667958686198 ], [ -111.457299044025007, 40.754187196525301 ], [ -111.453305856666006, 40.753403527788102 ], [ -111.451098734051996, 40.754046199641998 ], [ -111.449687967448995, 40.754506638525399 ], [ -111.446978909056995, 40.755992047237697 ], [ -111.444609981620999, 40.756855841589697 ], [ -111.443000553383001, 40.757440921852002 ], [ -111.439398066543006, 40.758171506241297 ], [ -111.437208324682999, 40.7587449305069 ], [ -111.435814946969003, 40.759122344978799 ], [ -111.432598746658002, 40.760747250890098 ], [ -111.430869085946995, 40.762394002786998 ], [ -111.430589638539004, 40.762657915936401 ], [ -111.428670657623996, 40.764469837190802 ], [ -111.426610417562998, 40.765497511857902 ], [ -111.424818377484996, 40.765931398823497 ], [ -111.422551670054006, 40.765843238621699 ], [ -111.419940335129994, 40.765742505309298 ], [ -111.417653667821, 40.765378659211102 ], [ -111.415387041166994, 40.765318014263102 ], [ -111.414714779806005, 40.765282776145803 ], [ -111.413692995049999, 40.765229058776299 ], [ -111.413690122450006, 40.7652243846155 ], [ -111.413248498992999, 40.764511226584403 ], [ -111.411826203291994, 40.762683065540699 ], [ -111.409286653802994, 40.760336266109597 ], [ -111.406963464731007, 40.758412140479201 ], [ -111.405888902032004, 40.757726767803 ], [ -111.404082174829, 40.7561926392233 ], [ -111.402448867928996, 40.755153349764001 ], [ -111.401265299716002, 40.753995362490599 ], [ -111.400102819276995, 40.752751708046198 ], [ -111.399110399934003, 40.751156118337398 ], [ -111.398677666519006, 40.750045052039098 ], [ -111.398623629984002, 40.749982178487699 ], [ -111.398021745963007, 40.749623911706699 ], [ -111.397846848230003, 40.749336239514001 ], [ -111.397646661325993, 40.749098201476002 ], [ -111.397558878020007, 40.748539970606103 ], [ -111.397508969238999, 40.747936566164 ], [ -111.397508718720005, 40.747337494922199 ], [ -111.397620973933002, 40.746436247829998 ], [ -111.397795639365995, 40.745692436018601 ], [ -111.397845780848996, 40.745340927546998 ], [ -111.397858399659, 40.7450931473631 ], [ -111.397945361154996, 40.744043344761501 ], [ -111.397907873308, 40.743417375673403 ], [ -111.397882516270002, 40.742759834550398 ], [ -111.397757231976001, 40.742188219562301 ], [ -111.397644680707998, 40.7414273796483 ], [ -111.397719334178007, 40.739882235230503 ], [ -111.397694322229995, 40.739341714393703 ], [ -111.397469051906995, 40.738923679777798 ], [ -111.397356392367001, 40.738541201453103 ], [ -111.397281158617005, 40.7381585040944 ], [ -111.397031157384006, 40.737762985109804 ], [ -111.396480754720997, 40.736580333667703 ], [ -111.396218044823996, 40.735657852093702 ], [ -111.396105270687997, 40.734874488991402 ], [ -111.396017601094002, 40.734190134408699 ], [ -111.395979901925003, 40.733883970511599 ], [ -111.395942251069002, 40.7329066638003 ], [ -111.395642122764002, 40.7314212693868 ], [ -111.395316854891007, 40.730688180536397 ], [ -111.395154225100995, 40.730161732522603 ], [ -111.395166584964997, 40.729688737078803 ], [ -111.394628931293994, 40.729384282986899 ], [ -111.393973039944001, 40.729170136140503 ], [ -111.394659843862001, 40.7270599497785 ], [ -111.395018282335002, 40.724995835885998 ], [ -111.395349933445004, 40.723210989725203 ], [ -111.394929505782997, 40.721635916411699 ], [ -111.393290094584003, 40.721100994959798 ], [ -111.391008099493007, 40.721856464823901 ], [ -111.388073176297993, 40.723330273578497 ], [ -111.385953431413995, 40.7247697545222 ], [ -111.383740564080995, 40.726051764637603 ], [ -111.381055496184999, 40.7279794995492 ], [ -111.379596745453995, 40.729299566728699 ], [ -111.377418298818, 40.730811151970101 ], [ -111.375498669375006, 40.7316552154508 ], [ -111.372771040364, 40.732893734607899 ], [ -111.371925197994997, 40.733482294337598 ], [ -111.371804377244004, 40.733477909006503 ], [ -111.371019123406001, 40.733570522031201 ], [ -111.370230403666994, 40.733892860870903 ], [ -111.369265611881005, 40.7343508871514 ], [ -111.368252862779997, 40.735070308555201 ], [ -111.367021643686002, 40.735821946082098 ], [ -111.366741992342, 40.7369804433281 ], [ -111.366597096386002, 40.737877261692901 ], [ -111.366982850198994, 40.738245299310897 ], [ -111.367929482356999, 40.738949462490098 ], [ -111.368917086785999, 40.739820146316397 ], [ -111.369256255633999, 40.740391109085401 ], [ -111.369439277400005, 40.740717986708098 ], [ -111.369500405156003, 40.7408272457481 ], [ -111.369721711482001, 40.741222916253101 ], [ -111.370188369111005, 40.741991657243297 ], [ -111.370698088639998, 40.742791788090599 ], [ -111.371507859058994, 40.743892739715299 ], [ -111.372015667683996, 40.744620801702702 ], [ -111.372017457918005, 40.744623228257701 ], [ -111.372231431298999, 40.744930903162597 ], [ -111.373079181692006, 40.746396569475301 ], [ -111.373799235516003, 40.747664453435704 ], [ -111.374429101193002, 40.749130814511602 ], [ -111.374623581088002, 40.750013026592697 ], [ -111.374638868269003, 40.750098558700103 ], [ -111.374662174359003, 40.750283159402997 ], [ -111.374702040136995, 40.750801024610197 ], [ -111.374771614045997, 40.751314288993598 ], [ -111.374832891479997, 40.751678938328403 ], [ -111.374838489781993, 40.751705495517903 ], [ -111.374886048961997, 40.751926502183203 ], [ -111.374644844212995, 40.751817560646998 ], [ -111.372984698162, 40.751067836671403 ], [ -111.371414760473996, 40.749343247659802 ], [ -111.369300188905996, 40.745679025361099 ], [ -111.366452485257, 40.7415891823725 ], [ -111.363646517375997, 40.738161268194503 ], [ -111.359974302408006, 40.733483878733502 ], [ -111.357875119396994, 40.730733764391303 ], [ -111.355668685904007, 40.726956955810699 ], [ -111.352261759504998, 40.721841573389298 ], [ -111.349148781793815, 40.717740768898096 ], [ -111.358083290141735, 40.6347917597814 ], [ -111.362271788838001, 40.6346475635602 ], [ -111.366587213041001, 40.634434671428998 ], [ -111.368418166940003, 40.634379026345798 ], [ -111.371491691648004, 40.634319361862502 ], [ -111.375153183475007, 40.634158069941698 ], [ -111.375392724560996, 40.634151345754503 ], [ -111.375456898075996, 40.635812356574803 ], [ -111.377417968255003, 40.638571659218798 ], [ -111.379531567992004, 40.640064693307004 ], [ -111.383003052830006, 40.643976551495101 ], [ -111.387376459587003, 40.6532904436514 ], [ -111.388276091823002, 40.661688076966598 ], [ -111.389782161735994, 40.667781825362901 ], [ -111.392196458197006, 40.6733005023153 ], [ -111.393852303721005, 40.681353069862098 ], [ -111.395514089656004, 40.683995948330299 ], [ -111.398536743831997, 40.685607120291102 ], [ -111.402314723974996, 40.6849183648769 ], [ -111.404432796107997, 40.6838794686265 ], [ -111.408365371312001, 40.680199173927797 ], [ -111.41054891988, 40.678801206582001 ], [ -111.411237735507001, 40.678360211312302 ], [ -111.415318713625993, 40.678476229987197 ], [ -111.420004232682004, 40.679738606928801 ], [ -111.424387351668003, 40.681001815049598 ], [ -111.427259656691007, 40.683072141226802 ], [ -111.434824681243995, 40.684985181909902 ], [ -111.434776116264004, 40.6848143797856 ], [ -111.435834233738007, 40.682747398955001 ], [ -111.435203203471005, 40.6806832737823 ], [ -111.434780763065007, 40.6793010386357 ], [ -111.435536465213005, 40.678379302646299 ], [ -111.433274507321002, 40.675388003721601 ], [ -111.434635111012994, 40.6730901729971 ], [ -111.432974850362996, 40.6727450709799 ], [ -111.429356252356996, 40.667799284438701 ], [ -111.429206118899003, 40.667227788736803 ], [ -111.431249421497995, 40.665220238596099 ], [ -111.430588928733002, 40.6628309764478 ], [ -111.432704271616998, 40.660300624117802 ], [ -111.434517834700998, 40.659032591124102 ], [ -111.447071250383004, 40.657026801809799 ], [ -111.448084345151997, 40.6562017286873 ], [ -111.449017486553004, 40.655964147012 ], [ -111.449780510677996, 40.6554609222799 ], [ -111.451140680986001, 40.651433213699299 ], [ -111.452197274046, 40.650974139386101 ], [ -111.454614871193002, 40.651433101476599 ], [ -111.460657716830994, 40.649012917496897 ], [ -111.460994138882995, 40.648932658342702 ], [ -111.462428381844006, 40.647699572212296 ], [ -111.465597100254001, 40.648277002526797 ], [ -111.467689363497001, 40.6477441485711 ], [ -111.471533451316006, 40.644635902803699 ], [ -111.472137808810004, 40.642453405660703 ], [ -111.472286642556995, 40.636588095736599 ], [ -111.472921259104993, 40.634953380954101 ], [ -111.472997938532004, 40.634022281269402 ], [ -111.473432507810003, 40.633636456853203 ], [ -111.477720207805007, 40.6269220397431 ], [ -111.480887150027996, 40.6197875448565 ], [ -111.482396090170994, 40.614727410840601 ], [ -111.482271352162002, 40.613360216454303 ], [ -111.481754700110997, 40.612414827333097 ], [ -111.481454172363001, 40.608853189831898 ], [ -111.481839953542007, 40.608632667158403 ], [ -111.481787605490993, 40.608059024694498 ], [ -111.482087305535003, 40.6040354315586 ], [ -111.484349978387002, 40.600350369599703 ], [ -111.487517986604999, 40.597012877901598 ], [ -111.490688991791004, 40.596666214364298 ], [ -111.499145383995, 40.599188485126398 ], [ -111.503977850379002, 40.601599790263002 ], [ -111.521799200689998, 40.606524865478399 ], [ -111.530107030146993, 40.6083562693861 ], [ -111.536751174830997, 40.609037188296597 ], [ -111.542791490648, 40.6091440014374 ], [ -111.554249614618996, 40.608503833979903 ], [ -111.557330650577995, 40.608331444169004 ], [ -111.557740855204003, 40.610041133428801 ], [ -111.55880148992, 40.611765693168003 ], [ -111.558651882047997, 40.613261874529499 ], [ -111.558706101609005, 40.613356294532899 ], [ -111.558901870021003, 40.613697320611202 ], [ -111.560168292878004, 40.615903020201003 ], [ -111.560927457703002, 40.618894752580701 ], [ -111.562604100873997, 40.621330315731598 ], [ -111.562744496207003, 40.6215344009793 ], [ -111.567010203321004, 40.624861103081201 ], [ -111.567297521601006, 40.625043560879298 ], [ -111.567339907459996, 40.6250783066533 ], [ -111.568340749913006, 40.625898678048699 ], [ -111.571665188498997, 40.6268101719429 ], [ -111.574992471740003, 40.629104309053503 ], [ -111.575896623854007, 40.633131218547199 ], [ -111.575995233087994, 40.633570263400401 ], [ -111.576516089742, 40.635889307306599 ], [ -111.579395356307003, 40.640253053180103 ], [ -111.580307071435996, 40.643356487187702 ], [ -111.582878617621006, 40.644735293969298 ], [ -111.584389764809998, 40.644844769884401 ], [ -111.590590962055998, 40.648056360633298 ], [ -111.592383728154999, 40.651245992274397 ], [ -111.593625391060996, 40.653454947825601 ], [ -111.594009615670998, 40.653898812919202 ], [ -111.599987692267007, 40.660804605679999 ], [ -111.602869332412993, 40.665627263547499 ], [ -111.602885687468998, 40.665814378680601 ], [ -111.602995982554006, 40.667078982657102 ], [ -111.603270077150995, 40.667548434866902 ], [ -111.603085550119005, 40.668104153612603 ], [ -111.603180545102006, 40.669192987343102 ], [ -111.602930585731002, 40.670024623054701 ], [ -111.602154928163003, 40.672604072054199 ], [ -111.601381739684001, 40.675175123884301 ], [ -111.601165450172005, 40.679917873479503 ], [ -111.601174688971, 40.680076918414002 ], [ -111.601148649392997, 40.680286955908301 ], [ -111.601093286142998, 40.681500711274701 ], [ -111.601248717873005, 40.682995249820699 ], [ -111.601396959075998, 40.683346716373798 ], [ -111.604592639022002, 40.690923420360299 ], [ -111.602479031070999, 40.692425400881902 ], [ -111.598702024969, 40.693580139258898 ], [ -111.595855580259993, 40.6948853540312 ], [ -111.595673106565002, 40.694969085128399 ], [ -111.595592498667003, 40.695127963062802 ], [ -111.593952466839994, 40.698361235882899 ], [ -111.592745751901006, 40.699511445038098 ], [ -111.592647817051002, 40.700214171118198 ], [ -111.592395398486005, 40.702024761006498 ], [ -111.593746666845007, 40.702777787333403 ], [ -111.594793418267002, 40.703361112982101 ], [ -111.596914731642997, 40.705196932826503 ], [ -111.597133936307998, 40.705551459785497 ], [ -111.599521682244003, 40.709413513020301 ], [ -111.601522779131997, 40.710996998059002 ], [ -111.608329600014002, 40.716852960215199 ], [ -111.609239584630998, 40.7186949251616 ], [ -111.612264323244005, 40.720989627572202 ], [ -111.613629903358003, 40.724549690401197 ], [ -111.613323211536994, 40.726199982927497 ], [ -111.614156113668997, 40.726751294280099 ], [ -111.614207462844007, 40.726785253697898 ], [ -111.617123735386002, 40.7294066926504 ], [ -111.619708366976994, 40.731729671426898 ], [ -111.621047331887993, 40.7321312842124 ], [ -111.621193142124, 40.733063968579899 ], [ -111.621485853294004, 40.733327064915898 ], [ -111.622012875946993, 40.735211522820599 ], [ -111.622707286931004, 40.737694144712599 ], [ -111.622335420612998, 40.7390813081172 ], [ -111.621687681520996, 40.7414975634562 ], [ -111.622476005118003, 40.742371829789697 ], [ -111.622879092418003, 40.742819002295903 ], [ -111.622579350964998, 40.743852099929697 ], [ -111.620388887773004, 40.744522240531403 ], [ -111.619854598885993, 40.745749554725798 ], [ -111.620465599208003, 40.748047958107897 ], [ -111.621693915036005, 40.749824141039603 ], [ -111.624169532459007, 40.749469805502301 ], [ -111.637340617676003, 40.746259063915801 ], [ -111.645940501132998, 40.744161627732502 ], [ -111.656269563828005, 40.741641500273602 ], [ -111.661258466324, 40.740101750095199 ], [ -111.667483504065999, 40.738030073892098 ], [ -111.673117865120005, 40.736413828003101 ], [ -111.678635511319001, 40.7379650421531 ], [ -111.683256526156001, 40.739068803328202 ], [ -111.689952467598005, 40.739481379981299 ], [ -111.693403697400996, 40.739968059038901 ], [ -111.691908378408002, 40.7405476342865 ], [ -111.688318278820006, 40.742136587665101 ], [ -111.684979599802006, 40.743726910234997 ], [ -111.684851829497006, 40.743787755457497 ], [ -111.681632377580996, 40.745644557031902 ], [ -111.681298532533006, 40.745917505176998 ], [ -111.677668109836006, 40.745209456713297 ], [ -111.673180573791001, 40.742634319813902 ], [ -111.666646712174995, 40.743577062999499 ], [ -111.658493502677004, 40.746225267007098 ], [ -111.653148731553998, 40.747160546181 ], [ -111.643348938246007, 40.748799021259202 ], [ -111.636965923546995, 40.750078596091399 ], [ -111.631048090861995, 40.753237881531298 ], [ -111.629454209287999, 40.754044562441202 ], [ -111.623764037382998, 40.755602404682101 ], [ -111.629426281185999, 40.760566446619897 ], [ -111.633065371219999, 40.762627602691502 ], [ -111.639741953992996, 40.768824683056998 ], [ -111.642831301347002, 40.773025752599402 ], [ -111.642891398794006, 40.773027760025897 ], [ -111.647430568749996, 40.774628418933503 ], [ -111.647734612782997, 40.775662691002303 ], [ -111.645143528028001, 40.778671812736597 ], [ -111.644470376298003, 40.780887971746701 ], [ -111.644273361694999, 40.7832131740048 ], [ -111.644275846452004, 40.784402371451598 ], [ -111.644246862721999, 40.784481447673798 ], [ -111.646919110549007, 40.789968431605601 ], [ -111.646348019539005, 40.791909176385197 ], [ -111.647016218298006, 40.793134368392401 ], [ -111.646416896706995, 40.795894321401001 ], [ -111.645061904833995, 40.7988837990072 ], [ -111.642037250246005, 40.799004266197599 ], [ -111.640998769250999, 40.799480642494601 ], [ -111.640799817244996, 40.8003398944387 ], [ -111.640190393414002, 40.802957624746398 ], [ -111.640535203512002, 40.804061860462298 ], [ -111.640691742380994, 40.806705064954897 ], [ -111.639255781223, 40.809695099501603 ], [ -111.639258355238994, 40.810568635101902 ], [ -111.640052097635007, 40.8142531052289 ], [ -111.641317148499994, 40.816705566305203 ], [ -111.644469393620994, 40.821268252378502 ], [ -111.645492520471066, 40.821782688861049 ], [ -111.502462631266667, 40.828934598744866 ], [ -111.498367446232834, 40.828968490927856 ], [ -111.423810702784195, 40.826503981811449 ], [ -111.424176922776994, 40.826108441101198 ] ], [ [ -111.487168002664006, 40.6434540092839 ], [ -111.487181501262, 40.6441881653069 ], [ -111.487047575269003, 40.645125639905501 ], [ -111.486119476872005, 40.645480891671298 ], [ -111.484580872465997, 40.6454963671192 ], [ -111.482804491874006, 40.645702000105402 ], [ -111.480245912106, 40.645982931379898 ], [ -111.478598281369003, 40.646615789506498 ], [ -111.477299959391004, 40.648188684675802 ], [ -111.476294002450004, 40.6492513654905 ], [ -111.477095845964996, 40.651896624864797 ], [ -111.478202596467, 40.6529866083755 ], [ -111.479644727321997, 40.654340946060202 ], [ -111.481682495336003, 40.655233246834598 ], [ -111.483900897934006, 40.656102322854899 ], [ -111.484963196132, 40.656435783683797 ], [ -111.487792624614002, 40.656081534139197 ], [ -111.489743552804001, 40.655510230690403 ], [ -111.490471351457003, 40.654083762233597 ], [ -111.490562771970005, 40.652547384971797 ], [ -111.492578377311006, 40.652183049660799 ], [ -111.494253864868, 40.651477713456799 ], [ -111.493891723399997, 40.649830664224801 ], [ -111.492838371766993, 40.648357731489199 ], [ -111.492078660494002, 40.6463745438286 ], [ -111.490790503146002, 40.645222492259002 ], [ -111.489328102106995, 40.644480882301998 ], [ -111.488263405373999, 40.643989907834602 ], [ -111.487168002664006, 40.6434540092839 ] ] ] } },
{ "type": "Feature", "properties": { "FID": 283, "SEASON": "winter/spring", "VALUE": "crucial", "SPECIES": "mule deer", "COMMENTS": " " }, "geometry": { "type": "Polygon", "coordinates": [ [ [ -111.558728796742002, 39.990242207328201 ], [ -111.556904033435003, 39.990696971716602 ], [ -111.554991281976996, 39.990877331563802 ], [ -111.552271713202998, 39.990507407775098 ], [ -111.550630749058996, 39.9900512132496 ], [ -111.547531304768995, 39.987574610700101 ], [ -111.546043171492002, 39.986176109576498 ], [ -111.543566742604995, 39.985124598547301 ], [ -111.539354166373002, 39.984729828549199 ], [ -111.535537677275997, 39.984595710409103 ], [ -111.532101977569994, 39.987843964048999 ], [ -111.533379294339994, 39.993162224703198 ], [ -111.536388863249996, 39.998662567458098 ], [ -111.543613049816997, 40.005474320542497 ], [ -111.547334101377004, 40.006978008326001 ], [ -111.550811163388005, 40.008863035968901 ], [ -111.550844672241993, 40.013046176926501 ], [ -111.548411290866994, 40.018001704600401 ], [ -111.542781818573999, 40.025444001919404 ], [ -111.539103144267997, 40.029454269612401 ], [ -111.536902341038996, 40.032697072990501 ], [ -111.534439062548003, 40.034039550911601 ], [ -111.531220255801998, 40.033674053324198 ], [ -111.527501025015994, 40.032550147717899 ], [ -111.522292007470995, 40.030672158660401 ], [ -111.517077414365005, 40.028033450756801 ], [ -111.510623796836995, 40.0250196730331 ], [ -111.504658376129996, 40.021052703721899 ], [ -111.500663708104994, 40.015935935188303 ], [ -111.498641175303007, 40.009859758097399 ], [ -111.498606589855001, 40.005106191892303 ], [ -111.501284872148005, 39.999390121579999 ], [ -111.500742026577001, 39.992737326609699 ], [ -111.502676749298999, 39.986834407223 ], [ -111.506858379006005, 39.980880652242497 ], [ -111.507941537904998, 39.979258656585301 ], [ -111.509924636158999, 39.976610085324502 ], [ -111.511784666016993, 39.9747368637614 ], [ -111.514336418327005, 39.972063178996898 ], [ -111.516825637767994, 39.969804166205201 ], [ -111.519553388831, 39.9675215060794 ], [ -111.521950863479006, 39.965560116387401 ], [ -111.524819746887374, 39.963374000785215 ], [ -111.526535061629332, 39.963939909671225 ], [ -111.529769924030717, 39.965309485108129 ], [ -111.532815235324051, 39.966915973207705 ], [ -111.53564178269275, 39.968743970425699 ], [ -111.538222444642741, 39.970775948090285 ], [ -111.559796151238714, 39.989466642372633 ], [ -111.558728796742002, 39.990242207328201 ] ] ] } },
{ "type": "Feature", "properties": { "FID": 338, "SEASON": "winter/spring", "VALUE": "crucial", "SPECIES": "mule deer", "COMMENTS": "<Null>" }, "geometry": { "type": "Polygon", "coordinates": [ [ [ -111.503550409835, 40.046843166850202 ], [ -111.506189479165997, 40.044683851920702 ], [ -111.511521533362995, 40.045168220187101 ], [ -111.515011440414995, 40.047026861811801 ], [ -111.518200315787993, 40.048724480068302 ], [ -111.521357461893999, 40.050237544594196 ], [ -111.523196909399005, 40.051603225941697 ], [ -111.525516425774001, 40.053214466673403 ], [ -111.528353032390996, 40.055530651117799 ], [ -111.530436813554999, 40.057372612565899 ], [ -111.533125799187005, 40.059991176651799 ], [ -111.536080682971999, 40.062054353941001 ], [ -111.537797337797997, 40.063100525551 ], [ -111.540597641554996, 40.064754275059002 ], [ -111.543458297095, 40.066430287219298 ], [ -111.545565282368997, 40.067560102261702 ], [ -111.547827233814999, 40.069171160870098 ], [ -111.549037391135002, 40.070449393420901 ], [ -111.550462548606006, 40.072222030549597 ], [ -111.551496720106002, 40.073798389974101 ], [ -111.552289579185995, 40.0752586752659 ], [ -111.553068965807, 40.076702080948998 ], [ -111.554008163774, 40.078005338141899 ], [ -111.553145257523994, 40.079753181246602 ], [ -111.555246185775999, 40.080456691096302 ], [ -111.555836377484994, 40.082490121219301 ], [ -111.555260271028004, 40.084803846589899 ], [ -111.554744872195997, 40.087072319662497 ], [ -111.554617867472999, 40.089316316588203 ], [ -111.554899175418001, 40.090459277478999 ], [ -111.555903413232002, 40.092058169137701 ], [ -111.556817524915999, 40.093517836274302 ], [ -111.557073821423998, 40.095183466961302 ], [ -111.556872287103999, 40.095918716922398 ], [ -111.555684547102004, 40.097023589829597 ], [ -111.554911805870006, 40.0975319209291 ], [ -111.553962167145997, 40.0984779674476 ], [ -111.552551546098002, 40.1010480197329 ], [ -111.551939359951007, 40.102834833954297 ], [ -111.551126030681004, 40.105289399879702 ], [ -111.550610101681002, 40.107512801859102 ], [ -111.549910703126997, 40.1095567906711 ], [ -111.548857807890997, 40.111962922768903 ], [ -111.548459068328995, 40.1140505240324 ], [ -111.547945981444997, 40.116661308356697 ], [ -111.547281988837995, 40.1192052309069 ], [ -111.546762278610004, 40.121131223696104 ], [ -111.546448757663001, 40.122736492236299 ], [ -111.545894025121001, 40.123635557728598 ], [ -111.545509751091004, 40.122677401728097 ], [ -111.545059149742997, 40.121553780837402 ], [ -111.544148082912997, 40.120301143332902 ], [ -111.543896294115001, 40.119086037152599 ], [ -111.543130120789996, 40.117467913749998 ], [ -111.542847066323006, 40.116095193981501 ], [ -111.542825287889997, 40.113946517178803 ], [ -111.543248981391002, 40.111286620725501 ], [ -111.543791005027998, 40.108608146940497 ], [ -111.543702710022998, 40.105815505620797 ], [ -111.543437990236001, 40.103321096780199 ], [ -111.543419084703004, 40.1014020560227 ], [ -111.546016673539995, 40.0975606791635 ], [ -111.546963614359001, 40.096411994581999 ], [ -111.547213690828997, 40.094532225042997 ], [ -111.546863337816006, 40.092385093062703 ], [ -111.546510897127007, 40.0901207542394 ], [ -111.546820660655001, 40.0881956539478 ], [ -111.549189633682005, 40.085504091626902 ], [ -111.550313021481003, 40.084124706144799 ], [ -111.550808342929002, 40.082725863704901 ], [ -111.550435621866001, 40.081448271583398 ], [ -111.548566986348007, 40.0802677774372 ], [ -111.546970298914005, 40.079338328213097 ], [ -111.545672328913, 40.0781822097683 ], [ -111.544876696703994, 40.076537195662098 ], [ -111.543867796870003, 40.074438101221602 ], [ -111.542084235719997, 40.072707514210499 ], [ -111.539587638048999, 40.0715569283458 ], [ -111.537031517163001, 40.070402059411499 ], [ -111.535043253694994, 40.069181445075003 ], [ -111.533208200849003, 40.068320386267096 ], [ -111.530740791190993, 40.066962252383597 ], [ -111.528272480645995, 40.065626593636203 ], [ -111.525407988072999, 40.063535779478002 ], [ -111.522727061552004, 40.061813550770502 ], [ -111.518779593250002, 40.059087766923597 ], [ -111.515581425115997, 40.056565736695198 ], [ -111.513261688181998, 40.054909250451701 ], [ -111.511237020596994, 40.052904453505697 ], [ -111.509181153789996, 40.050787226692997 ], [ -111.506890389499006, 40.049085344827098 ], [ -111.504606152186, 40.047680797707002 ], [ -111.503482822532007, 40.046898419551702 ], [ -111.503550409835, 40.046843166850202 ] ] ] } },
{ "type": "Feature", "properties": { "FID": 353, "SEASON": "winter/spring", "VALUE": "crucial", "SPECIES": "mule deer", "COMMENTS": "<Null>" }, "geometry": { "type": "Polygon", "coordinates": [ [ [ -111.533824448884005, 40.133818898829297 ], [ -111.534220612227998, 40.134479272258901 ], [ -111.534886575924006, 40.1351158745736 ], [ -111.535734005465997, 40.136003900299698 ], [ -111.536308223006998, 40.136478747196598 ], [ -111.537976577921995, 40.138439679300902 ], [ -111.538983036793994, 40.140263931522902 ], [ -111.539810587773005, 40.142066574762502 ], [ -111.540121753340003, 40.143231855758003 ], [ -111.539930714635005, 40.145066182093203 ], [ -111.539223729713996, 40.146416487992902 ], [ -111.538756289150996, 40.147567375837397 ], [ -111.537992008673001, 40.149057587600502 ], [ -111.537667794488996, 40.149631196920502 ], [ -111.536898887594006, 40.150688876366402 ], [ -111.535445682898995, 40.152254338946399 ], [ -111.534613289890999, 40.152875335748902 ], [ -111.533629188247005, 40.153451978288103 ], [ -111.531752551696997, 40.154609412572398 ], [ -111.530707759517995, 40.1551187376771 ], [ -111.528802721933005, 40.156411396585902 ], [ -111.526244049083999, 40.158373608861403 ], [ -111.524699411574005, 40.159844751133598 ], [ -111.523867419352996, 40.160695410389401 ], [ -111.522738622915995, 40.161754712245099 ], [ -111.521432121724004, 40.163044455183901 ], [ -111.520152831112995, 40.164059271666801 ], [ -111.518575085506001, 40.165210643354001 ], [ -111.516701009390999, 40.1666426101404 ], [ -111.515070188859994, 40.1686184479044 ], [ -111.514301346752006, 40.169743635766402 ], [ -111.513984998290994, 40.171118985708702 ], [ -111.514057672318003, 40.172470084212897 ], [ -111.514664426766004, 40.173219769713903 ], [ -111.515207408956996, 40.173564219424001 ], [ -111.517735547059004, 40.174530469315599 ], [ -111.519961333869006, 40.175160166941403 ], [ -111.522635986200001, 40.175810319925397 ], [ -111.525008274246005, 40.176204922622198 ], [ -111.527441001027, 40.176513701496098 ], [ -111.530084327674999, 40.177046701713003 ], [ -111.533266347771999, 40.1773699438764 ], [ -111.537166367528997, 40.1775546275327 ], [ -111.540344312108999, 40.177490197100802 ], [ -111.543551246548006, 40.177335538852603 ], [ -111.547268631403995, 40.177313431814198 ], [ -111.550688053844993, 40.177337760427399 ], [ -111.552424211512005, 40.177315975210497 ], [ -111.554165653027994, 40.1772941386673 ], [ -111.555933127665, 40.177123404816903 ], [ -111.557639201924999, 40.176885458924602 ], [ -111.560101856630993, 40.177256473129098 ], [ -111.560819474002002, 40.177352643775997 ], [ -111.563050595784006, 40.178156629626102 ], [ -111.565606642793, 40.178873936115799 ], [ -111.568945119665003, 40.179884655346001 ], [ -111.571536021005002, 40.180989065332703 ], [ -111.574401956513, 40.182619105104799 ], [ -111.576336353765996, 40.184118572768597 ], [ -111.578724503673996, 40.185908546849802 ], [ -111.581835166394001, 40.187951610697802 ], [ -111.584549768260999, 40.189419986959201 ], [ -111.586937387706996, 40.191101678725801 ], [ -111.588902807251998, 40.192596361251503 ], [ -111.590086421210003, 40.193869671982299 ], [ -111.591365626108995, 40.195741608252 ], [ -111.592588629945993, 40.197884099765602 ], [ -111.593450901547996, 40.199893376223201 ], [ -111.594290577915999, 40.2027000038401 ], [ -111.594759335424996, 40.204413977976202 ], [ -111.595447814444995, 40.207090735277497 ], [ -111.595836356928999, 40.2097420933489 ], [ -111.595953473793003, 40.212259615659299 ], [ -111.596010549864999, 40.214750507852003 ], [ -111.596090932089993, 40.216560980381203 ], [ -111.596509846244999, 40.219302269102997 ], [ -111.597127986239997, 40.220902751154497 ], [ -111.598140941799997, 40.223023733455101 ], [ -111.599492190508002, 40.225899831398102 ], [ -111.600624185040004, 40.2278805280461 ], [ -111.602057797024003, 40.229999289355803 ], [ -111.602946175913999, 40.231665991146798 ], [ -111.604233934784006, 40.234127839032197 ], [ -111.606320867354, 40.238373933199597 ], [ -111.607486175686006, 40.2406291680904 ], [ -111.608234532262003, 40.243210918508503 ], [ -111.609071650597002, 40.245562547756798 ], [ -111.609583382704997, 40.248465363386401 ], [ -111.610055420891996, 40.250386457915198 ], [ -111.610333979453003, 40.251159791285801 ], [ -111.610652667482, 40.252851863229303 ], [ -111.61128807803, 40.256051322262103 ], [ -111.611954367332004, 40.259277640576499 ], [ -111.612622456126005, 40.2626571018505 ], [ -111.613553948822997, 40.265400004965699 ], [ -111.614637033867993, 40.268367326499501 ], [ -111.616205906849999, 40.2717419730823 ], [ -111.617347142271001, 40.274366602909303 ], [ -111.619033066433005, 40.277492827245702 ], [ -111.620472740381999, 40.280043751948703 ], [ -111.621545138879, 40.281938953804598 ], [ -111.621942323225994, 40.282508908516597 ], [ -111.623344573075997, 40.284330154937699 ], [ -111.625785557499995, 40.2877450052057 ], [ -111.627884989920005, 40.290089553488201 ], [ -111.629650042489999, 40.292138577150098 ], [ -111.631415579473, 40.294228111932902 ], [ -111.633029929204, 40.296142675629604 ], [ -111.635372638993999, 40.298778552689399 ], [ -111.637473264418006, 40.301190483839399 ], [ -111.639819382572, 40.304150581549102 ], [ -111.641626574266994, 40.307068573793401 ], [ -111.643130872439997, 40.3098485772503 ], [ -111.644080155389005, 40.311401892011197 ], [ -111.644583375134005, 40.312020004913499 ], [ -111.636913917859005, 40.315164449276303 ], [ -111.635476525719, 40.313129783286598 ], [ -111.632830865141997, 40.310355930451898 ], [ -111.630101067922993, 40.308015006906103 ], [ -111.628036680549997, 40.306219880612502 ], [ -111.626608338276, 40.304745606088296 ], [ -111.624478776125002, 40.302356157821897 ], [ -111.622926954210996, 40.300603306421998 ], [ -111.620912487534, 40.297776221809997 ], [ -111.619261490724995, 40.295203919314403 ], [ -111.618071149585006, 40.2935390671378 ], [ -111.616822550850003, 40.291969109964803 ], [ -111.615126708938007, 40.290788915798899 ], [ -111.612448239859006, 40.290303200957403 ], [ -111.609474245027997, 40.290233317275998 ], [ -111.608236237941995, 40.2896452204658 ], [ -111.606750492298005, 40.288373705254301 ], [ -111.606548115928007, 40.286383717320398 ], [ -111.606758218368, 40.283567217171203 ], [ -111.606429671672998, 40.281028322778802 ], [ -111.605083163377998, 40.278724490884201 ], [ -111.602996138359998, 40.277343451105097 ], [ -111.60001216261, 40.276331994155598 ], [ -111.596944269920996, 40.275919920698399 ], [ -111.593545077589994, 40.2754149582004 ], [ -111.591195203826004, 40.274674712084199 ], [ -111.589775257946002, 40.273835084358403 ], [ -111.589194648192006, 40.272923598492802 ], [ -111.589297753175998, 40.271414015715898 ], [ -111.590453497165001, 40.269984654329399 ], [ -111.592876069168994, 40.269008271873602 ], [ -111.595396867730003, 40.2689006410411 ], [ -111.599277337103004, 40.269587839602103 ], [ -111.603222964260993, 40.270729447610996 ], [ -111.605152117326, 40.271404081274099 ], [ -111.606506780708003, 40.271622131061498 ], [ -111.607195064061997, 40.271528428420403 ], [ -111.607518932624998, 40.270905087036098 ], [ -111.606599447722004, 40.2691981441845 ], [ -111.604325973841995, 40.267241597545997 ], [ -111.601628742583998, 40.264949270139198 ], [ -111.599866680052997, 40.2630619582579 ], [ -111.598762592230997, 40.260964001837301 ], [ -111.598655793857006, 40.259360896162001 ], [ -111.599650309308004, 40.256950258883599 ], [ -111.601282579797996, 40.255180376819801 ], [ -111.601786613859005, 40.254628188120897 ], [ -111.602346508381999, 40.253706324143202 ], [ -111.602755785268997, 40.252654606704297 ], [ -111.602989471447998, 40.252076792399599 ], [ -111.603276067623995, 40.2508635441095 ], [ -111.603329575767006, 40.250268649419802 ], [ -111.598476751207997, 40.2456989965806 ], [ -111.597172268088997, 40.244426408914102 ], [ -111.596158267668997, 40.242260385178298 ], [ -111.594992553015999, 40.239865393314197 ], [ -111.594418074618005, 40.239548513432503 ], [ -111.592218339564994, 40.238735434994297 ], [ -111.589753015252001, 40.238293051640703 ], [ -111.587227845269993, 40.237900470777703 ], [ -111.584491933886, 40.237481961244498 ], [ -111.580819111359006, 40.236360767991499 ], [ -111.579097783815001, 40.235387373526002 ], [ -111.577827863986997, 40.234546840809799 ], [ -111.575616530453004, 40.232571295340499 ], [ -111.573787885003, 40.229837023142601 ], [ -111.573012317768999, 40.2275073481416 ], [ -111.572415491635994, 40.224901997067398 ], [ -111.572629850135996, 40.222427862135 ], [ -111.573960567032998, 40.220632818542398 ], [ -111.577015684851006, 40.220113103166902 ], [ -111.579656399781001, 40.220095313921099 ], [ -111.584576092188996, 40.2200210201581 ], [ -111.587623304941999, 40.218762205419402 ], [ -111.588984419669004, 40.217016386197898 ], [ -111.590423749467007, 40.214121454635702 ], [ -111.590535521383003, 40.2105756887129 ], [ -111.590337553325, 40.2089278889433 ], [ -111.589644177438998, 40.205773538253602 ], [ -111.588693658842999, 40.203881896571403 ], [ -111.586927641718006, 40.201444810043903 ], [ -111.585661222625006, 40.200811556003799 ], [ -111.583592221928001, 40.200822005157498 ], [ -111.580747119440005, 40.201322911840201 ], [ -111.579598686018002, 40.200436735793197 ], [ -111.577081778519997, 40.197935593165397 ], [ -111.575441418119993, 40.195952677072903 ], [ -111.573565739043005, 40.194362812984402 ], [ -111.571726668253007, 40.1934844818147 ], [ -111.569952432234999, 40.193033749829297 ], [ -111.567073801304005, 40.1931920373708 ], [ -111.562857451487005, 40.1943388828889 ], [ -111.559185547252994, 40.196005492980397 ], [ -111.555897902141993, 40.197170028732103 ], [ -111.552303484193999, 40.197696356093402 ], [ -111.550316052495006, 40.196885963327198 ], [ -111.550259660726994, 40.194255478251002 ], [ -111.551165543840995, 40.191958178239098 ], [ -111.550190561031997, 40.1903860747585 ], [ -111.546029340117002, 40.188166930705201 ], [ -111.542475784795997, 40.186724106882799 ], [ -111.538921961941995, 40.185213603720399 ], [ -111.535852943158005, 40.184223386062499 ], [ -111.532787630029006, 40.183575338723799 ], [ -111.528229750944007, 40.183578205605301 ], [ -111.522843070061001, 40.184733434336103 ], [ -111.520521727022, 40.186599931678103 ], [ -111.518921990851993, 40.188647843500497 ], [ -111.516974214651995, 40.191859505612697 ], [ -111.515444770730994, 40.1950287291642 ], [ -111.513713368509002, 40.198996162245201 ], [ -111.512239087333, 40.201683090902002 ], [ -111.509723225862004, 40.205289137506497 ], [ -111.507193450060996, 40.207363497196603 ], [ -111.504801530568002, 40.208225343059901 ], [ -111.501228870316993, 40.207898600056801 ], [ -111.495821433063995, 40.207128968797598 ], [ -111.492368989278006, 40.206805761630498 ], [ -111.488406781394005, 40.206507126911902 ], [ -111.483154367696997, 40.206236362459698 ], [ -111.478416827453003, 40.206490194318398 ], [ -111.473141706969002, 40.206953247727199 ], [ -111.46868200438, 40.2080975688826 ], [ -111.464552674320004, 40.209357515405102 ], [ -111.460004577537006, 40.2106819553943 ], [ -111.456381208376996, 40.211367500046101 ], [ -111.452400798286007, 40.212554350385503 ], [ -111.449864099039999, 40.214100343616899 ], [ -111.447754299777998, 40.216351869982397 ], [ -111.445087395916005, 40.220326389291102 ], [ -111.442721389808995, 40.224295099590499 ], [ -111.440591323750994, 40.227875547092303 ], [ -111.438224389821002, 40.231781188946599 ], [ -111.435707174827002, 40.235795368637497 ], [ -111.433574486875003, 40.2390783810987 ], [ -111.430776560176, 40.2418862433016 ], [ -111.427251372450002, 40.243894979167997 ], [ -111.424051013226006, 40.245235543257103 ], [ -111.420667002941002, 40.246121802866597 ], [ -111.416559016158004, 40.246762723621401 ], [ -111.410768961331001, 40.247062710032701 ], [ -111.406387035006006, 40.247082504485498 ], [ -111.402091518573002, 40.246624515797002 ], [ -111.397670687258994, 40.2456576779324 ], [ -111.393610422430996, 40.2446038559508 ], [ -111.389219634453994, 40.243501451552099 ], [ -111.386032931486994, 40.242759750547897 ], [ -111.381345172861998, 40.242117515921201 ], [ -111.376057309212001, 40.241386948743497 ], [ -111.371218236595993, 40.240515055457998 ], [ -111.367462832666007, 40.240072065212502 ], [ -111.363231928980994, 40.2400898355829 ], [ -111.359181278215004, 40.240269061211002 ], [ -111.355913011707997, 40.240720618515503 ], [ -111.352193823788994, 40.241078767825897 ], [ -111.349071120049004, 40.240840469835 ], [ -111.346932562328007, 40.239725139604502 ], [ -111.346254822760997, 40.237281115961402 ], [ -111.347127901636995, 40.233476440007898 ], [ -111.347530000936999, 40.2310065638761 ], [ -111.347631151281007, 40.228443080790797 ], [ -111.348906129171993, 40.226263379149302 ], [ -111.350635069272002, 40.224699524177304 ], [ -111.353678453525006, 40.222235196061 ], [ -111.356542091259996, 40.2200956804854 ], [ -111.360477367073003, 40.216556298697199 ], [ -111.363159254140996, 40.214092843928398 ], [ -111.365513689221004, 40.212026776129598 ], [ -111.367633979933998, 40.210758739584001 ], [ -111.370091710012005, 40.210381520699599 ], [ -111.373594191040993, 40.2094017544525 ], [ -111.377717198591995, 40.207163131348999 ], [ -111.381287498388005, 40.203236730285397 ], [ -111.383489783588999, 40.200981596647402 ], [ -111.385604212879997, 40.1990060063426 ], [ -111.387128971674002, 40.1983342174059 ], [ -111.390066318991003, 40.198139663383401 ], [ -111.393248656588995, 40.198399270645503 ], [ -111.397092173217999, 40.199066364497803 ], [ -111.403280134636006, 40.200112683651597 ], [ -111.407966084948995, 40.200961262000803 ], [ -111.412500679236999, 40.201535401581303 ], [ -111.417330202588005, 40.201581247738297 ], [ -111.422388961951995, 40.200319595977497 ], [ -111.427021541504999, 40.1983520540443 ], [ -111.431851367630003, 40.194757384078798 ], [ -111.434924599037998, 40.192889930681403 ], [ -111.438774990856999, 40.190744663864201 ], [ -111.442478792939994, 40.188892636505201 ], [ -111.447230510281997, 40.187063475345496 ], [ -111.451743539362994, 40.185185498507103 ], [ -111.455993012538002, 40.184227349705701 ], [ -111.460126059163997, 40.1835624055539 ], [ -111.462794845763995, 40.1835742917023 ], [ -111.466696134258996, 40.183919099605703 ], [ -111.470346881679006, 40.183052930823202 ], [ -111.473412988030006, 40.180540306279099 ], [ -111.475660874805001, 40.177098393633102 ], [ -111.477197476195997, 40.174591850602603 ], [ -111.480464448362, 40.171190774638397 ], [ -111.483322476588, 40.168908489215397 ], [ -111.486759593447005, 40.167722857134798 ], [ -111.491339320533996, 40.166987258978999 ], [ -111.497595892603997, 40.165924538767001 ], [ -111.500915793526005, 40.165126398178998 ], [ -111.507747029293, 40.161452124484804 ], [ -111.510754120656998, 40.159353111177701 ], [ -111.511560152010006, 40.158935116154296 ], [ -111.51278143815, 40.158150302605598 ], [ -111.515979938146003, 40.1571946013717 ], [ -111.517595705901996, 40.156863048108903 ], [ -111.520853613022993, 40.155861809109801 ], [ -111.523750186192004, 40.154744989918598 ], [ -111.525322139329006, 40.153021559359502 ], [ -111.526113068716995, 40.151139397175797 ], [ -111.526100962450002, 40.149905150088003 ], [ -111.524674586673001, 40.148060078076199 ], [ -111.521387096921998, 40.1460883299331 ], [ -111.516993403916999, 40.144189002813 ], [ -111.512399532513001, 40.143254412439902 ], [ -111.508254889338005, 40.142407763826697 ], [ -111.504379393397002, 40.141447175530502 ], [ -111.500442536467006, 40.140252474679002 ], [ -111.497224411044002, 40.139081494180701 ], [ -111.494487637166998, 40.138066126310797 ], [ -111.491899653394995, 40.136820228319898 ], [ -111.490480621494996, 40.1357315887279 ], [ -111.489121009426, 40.134525466424599 ], [ -111.487759686359993, 40.1330896818491 ], [ -111.486368182175994, 40.131725993822002 ], [ -111.485337104625998, 40.130333840185799 ], [ -111.484597945185996, 40.128210592324102 ], [ -111.484552937770999, 40.126516895140398 ], [ -111.485133894068994, 40.124500827924798 ], [ -111.487107682572002, 40.124100627400502 ], [ -111.490826564564003, 40.124539908585596 ], [ -111.495469088655, 40.127556538426902 ], [ -111.498845701498993, 40.129758481243499 ], [ -111.503628911038007, 40.131701858675399 ], [ -111.508854855929997, 40.132976387252498 ], [ -111.512157588481003, 40.133687095464701 ], [ -111.515848771101005, 40.1342383127838 ], [ -111.523731200133994, 40.134356094800403 ], [ -111.525828049159003, 40.1342744264809 ], [ -111.528192493736, 40.133961847098703 ], [ -111.532948783568997, 40.133066131588897 ], [ -111.533824448884005, 40.133818898829297 ] ] ] } },
{ "type": "Feature", "properties": { "FID": 357, "SEASON": "winter", "VALUE": "crucial", "SPECIES": "mule deer", "COMMENTS": "<Null>" }, "geometry": { "type": "Polygon", "coordinates": [ [ [ -111.552363001653006, 40.355540945948299 ], [ -111.547498707637999, 40.3569877953977 ], [ -111.544782044265006, 40.356792961995197 ], [ -111.538669005825, 40.356267800202602 ], [ -111.535671096252003, 40.354827911767401 ], [ -111.531780326800003, 40.354915146915602 ], [ -111.526624737378995, 40.355284959555803 ], [ -111.525673465856002, 40.355150905904502 ], [ -111.524986040163995, 40.3547352811689 ], [ -111.523400379232996, 40.353776592522998 ], [ -111.521525139904, 40.352963695438604 ], [ -111.51913280107, 40.351926598722997 ], [ -111.515681514674995, 40.350280561991298 ], [ -111.512867954678001, 40.349185391036997 ], [ -111.508010027523994, 40.345695132339401 ], [ -111.503635771847996, 40.343498086310802 ], [ -111.498386878312999, 40.340804453784003 ], [ -111.495929691406999, 40.338071707966598 ], [ -111.496667593229006, 40.333536902135599 ], [ -111.499495917277002, 40.331074213288801 ], [ -111.503593236168996, 40.329542897274003 ], [ -111.508123555474995, 40.329266232713103 ], [ -111.510677011333001, 40.329552202648003 ], [ -111.514768906003994, 40.3306061639421 ], [ -111.517885350073001, 40.333105737212797 ], [ -111.519414293759993, 40.334034129211602 ], [ -111.520904837567997, 40.334939069553002 ], [ -111.522653625290999, 40.335755524583 ], [ -111.524670442865002, 40.336363435465401 ], [ -111.530912726515993, 40.339186368801201 ], [ -111.544650971674997, 40.3471179817587 ], [ -111.551620342323005, 40.350535383767102 ], [ -111.569511119615001, 40.354042616908202 ], [ -111.569702597602998, 40.355287823329398 ], [ -111.569801194811006, 40.356256634839298 ], [ -111.567631092127002, 40.356474967228301 ], [ -111.567003341689997, 40.357170401516498 ], [ -111.565745026154005, 40.358215050956403 ], [ -111.562640344084002, 40.359324630450601 ], [ -111.560566155648999, 40.359037489707703 ], [ -111.558759978140998, 40.358658835377597 ], [ -111.557373694768998, 40.3580979464775 ], [ -111.555020422804006, 40.357059784448197 ], [ -111.552363001653006, 40.355540945948299 ] ] ] } },
{ "type": "Feature", "properties": { "FID": 358, "SEASON": "winter/spring", "VALUE": "crucial", "SPECIES": "mule deer", "COMMENTS": "<Null>" }, "geometry": { "type": "Polygon", "coordinates": [ [ [ -111.567835276420993, 40.352555783264997 ], [ -111.571452369960994, 40.353452400263102 ], [ -111.575402705900999, 40.354639954545902 ], [ -111.575721946555007, 40.3543893522533 ], [ -111.576182549779006, 40.354476880051202 ], [ -111.572655542598994, 40.356753988147297 ], [ -111.563474768985003, 40.362679997264799 ], [ -111.555126659696001, 40.368159651698399 ], [ -111.554648198183997, 40.368473664285702 ], [ -111.553659629376995, 40.369122465974598 ], [ -111.553131829768006, 40.369468781056803 ], [ -111.547931048988005, 40.370983563336303 ], [ -111.545332215445995, 40.3717403639316 ], [ -111.536206222087998, 40.366290510317199 ], [ -111.529626070665998, 40.362120664902299 ], [ -111.514164536516006, 40.358024049020401 ], [ -111.507393542179003, 40.357373848237799 ], [ -111.502094872832004, 40.356581730608298 ], [ -111.498236056032994, 40.3555262340764 ], [ -111.494733071045005, 40.353852047036398 ], [ -111.490957385168002, 40.351881517297102 ], [ -111.487450561266002, 40.349770087812601 ], [ -111.483452363268, 40.346588509811099 ], [ -111.481923811838001, 40.345140261338599 ], [ -111.480905762256, 40.344175647701398 ], [ -111.477782556972002, 40.3412650096204 ], [ -111.474420276917996, 40.338422835303803 ], [ -111.471784244621006, 40.336077703928297 ], [ -111.468931910386999, 40.3330711195213 ], [ -111.467383837490004, 40.3313656300354 ], [ -111.465373702106007, 40.328378072026602 ], [ -111.464814295956003, 40.326299185763702 ], [ -111.465418574625005, 40.323274153370299 ], [ -111.466874915394996, 40.321574545624898 ], [ -111.469538085017007, 40.320297966719203 ], [ -111.473021827620997, 40.320076651525198 ], [ -111.477205671460993, 40.320829849446199 ], [ -111.483945275839005, 40.321756921786097 ], [ -111.490174646285993, 40.322775856601901 ], [ -111.493998980252996, 40.323556906624098 ], [ -111.497791915825999, 40.3242659812298 ], [ -111.501487786807004, 40.324223080493198 ], [ -111.504660154939998, 40.3229253773209 ], [ -111.507226652428002, 40.321103204423999 ], [ -111.510703165832993, 40.320074368753701 ], [ -111.513735025721999, 40.319713998209103 ], [ -111.517961519856996, 40.318753595307001 ], [ -111.519966271119998, 40.3166328343288 ], [ -111.523334602785994, 40.314360288072301 ], [ -111.528797272532998, 40.314586174688301 ], [ -111.535799012984, 40.3160586822952 ], [ -111.537799407345005, 40.320396719608802 ], [ -111.537526571935004, 40.3220290200044 ], [ -111.537630061591003, 40.3233528966162 ], [ -111.536422110567003, 40.325831628715001 ], [ -111.534519040467003, 40.327813459195397 ], [ -111.535769890216002, 40.333113834795299 ], [ -111.546174377059998, 40.336325520396599 ], [ -111.549449260616996, 40.335975498708997 ], [ -111.552958695379999, 40.335460926319698 ], [ -111.555108965952002, 40.334076722307799 ], [ -111.556305397206003, 40.333543935506903 ], [ -111.558104098865996, 40.333098324163501 ], [ -111.561982231117, 40.333232614287901 ], [ -111.563765875968997, 40.334250985010002 ], [ -111.563915134968994, 40.337020589027397 ], [ -111.562567240359996, 40.340324521088597 ], [ -111.559051678022996, 40.343341719744402 ], [ -111.557507993610997, 40.345205065060199 ], [ -111.556509809342998, 40.347547847855701 ], [ -111.556849976034002, 40.348505689500001 ], [ -111.560535737251996, 40.350244587540097 ], [ -111.564214612846996, 40.351388884812003 ], [ -111.564853982054998, 40.351594957333397 ], [ -111.567835276420993, 40.352555783264997 ] ], [ [ -111.557373694768998, 40.3580979464775 ], [ -111.558759978140998, 40.358658835377597 ], [ -111.560566155648999, 40.359037489707703 ], [ -111.562640344084002, 40.359324630450601 ], [ -111.565745026154005, 40.358215050956403 ], [ -111.567003341689997, 40.357170401516498 ], [ -111.567631092127002, 40.356474967228301 ], [ -111.569801194811006, 40.356256634839298 ], [ -111.569702597602998, 40.355287823329398 ], [ -111.569511119615001, 40.354042616908202 ], [ -111.551620342323005, 40.350535383767102 ], [ -111.544650971674997, 40.3471179817587 ], [ -111.530912726515993, 40.339186368801201 ], [ -111.524670442865002, 40.336363435465401 ], [ -111.522653625290999, 40.335755524583 ], [ -111.520904837567997, 40.334939069553002 ], [ -111.519414293759993, 40.334034129211602 ], [ -111.517885350073001, 40.333105737212797 ], [ -111.514768906003994, 40.3306061639421 ], [ -111.510677011333001, 40.329552202648003 ], [ -111.508123555474995, 40.329266232713103 ], [ -111.503593236168996, 40.329542897274003 ], [ -111.499495917277002, 40.331074213288801 ], [ -111.496667593229006, 40.333536902135599 ], [ -111.495929691406999, 40.338071707966598 ], [ -111.498386878312999, 40.340804453784003 ], [ -111.503635771847996, 40.343498086310802 ], [ -111.508010027523994, 40.345695132339401 ], [ -111.512867954678001, 40.349185391036997 ], [ -111.515681514674995, 40.350280561991298 ], [ -111.51913280107, 40.351926598722997 ], [ -111.521525139904, 40.352963695438604 ], [ -111.523400379232996, 40.353776592522998 ], [ -111.524986040163995, 40.3547352811689 ], [ -111.525673465856002, 40.355150905904502 ], [ -111.526624737378995, 40.355284959555803 ], [ -111.531780326800003, 40.354915146915602 ], [ -111.535671096252003, 40.354827911767401 ], [ -111.538669005825, 40.356267800202602 ], [ -111.544782044265006, 40.356792961995197 ], [ -111.547498707637999, 40.3569877953977 ], [ -111.552363001653006, 40.355540945948299 ], [ -111.555020422804006, 40.357059784448197 ], [ -111.557373694768998, 40.3580979464775 ] ] ] } },
{ "type": "Feature", "properties": { "FID": 359, "SEASON": "winter/spring", "VALUE": "crucial", "SPECIES": "mule deer", "COMMENTS": "<Null>" }, "geometry": { "type": "Polygon", "coordinates": [ [ [ -111.631152088524999, 40.343376806234602 ], [ -111.636933746083002, 40.343770526171802 ], [ -111.639601195452002, 40.343869051852302 ], [ -111.642572524816998, 40.344759356194203 ], [ -111.647771334591994, 40.346203807142103 ], [ -111.653103296246996, 40.346060397155298 ], [ -111.665965828113997, 40.343379799654898 ], [ -111.665450680405996, 40.351260466122902 ], [ -111.671251536713996, 40.353550495802097 ], [ -111.677936050355001, 40.355268200960097 ], [ -111.682254419971997, 40.357396353290497 ], [ -111.682869854911999, 40.359659690997503 ], [ -111.686301936567006, 40.362019589069099 ], [ -111.689001319317001, 40.365177185143096 ], [ -111.695733458385007, 40.371370832730399 ], [ -111.699809709991001, 40.378600372557699 ], [ -111.700557343886004, 40.3789469305379 ], [ -111.699634406184003, 40.380478119348197 ], [ -111.698324784728996, 40.3798879210241 ], [ -111.690383644652997, 40.382415178219297 ], [ -111.677483550583005, 40.370873682081097 ], [ -111.676302758483004, 40.363938069273701 ], [ -111.669382990759999, 40.3572484995452 ], [ -111.664163976501996, 40.353878264573098 ], [ -111.655087918475999, 40.353788493765002 ], [ -111.648271669064002, 40.357581645430002 ], [ -111.643996419857999, 40.3559762244791 ], [ -111.626135188874002, 40.347219279385598 ], [ -111.621819189220005, 40.343342940630002 ], [ -111.631152088524999, 40.343376806234602 ] ] ] } },
{ "type": "Feature", "properties": { "FID": 360, "SEASON": "winter/spring", "VALUE": "crucial", "SPECIES": "mule deer", "COMMENTS": "<Null>" }, "geometry": { "type": "Polygon", "coordinates": [ [ [ -111.412835075732005, 40.351795924435002 ], [ -111.405210718212004, 40.343525391141299 ], [ -111.372733385486001, 40.328263027270701 ], [ -111.367724301519004, 40.312988610898003 ], [ -111.383393239973003, 40.312080962074504 ], [ -111.390701245954006, 40.311656860715402 ], [ -111.397728407336999, 40.316898027342503 ], [ -111.406917401659001, 40.323749690731397 ], [ -111.418722475335002, 40.329781962714101 ], [ -111.425306708907996, 40.332271521758301 ], [ -111.435451004192998, 40.334956912120397 ], [ -111.442893120395993, 40.342888042060302 ], [ -111.448667964826996, 40.346845519032499 ], [ -111.456649219121005, 40.353098118726102 ], [ -111.485835155071996, 40.366070098837803 ], [ -111.490269177290003, 40.363534312342999 ], [ -111.502889346846004, 40.368662563962303 ], [ -111.527712419652005, 40.370149645836598 ], [ -111.546808246249995, 40.377494386905603 ], [ -111.549675794386999, 40.379569562949399 ], [ -111.546853618954003, 40.383120562643001 ], [ -111.536257280816002, 40.389833163287697 ], [ -111.533589505235, 40.395323864585201 ], [ -111.523970859040006, 40.403659482724002 ], [ -111.516338571654998, 40.406062943070999 ], [ -111.511997890613003, 40.406082335312298 ], [ -111.508472110030993, 40.399800160382 ], [ -111.501871928125993, 40.396477780721597 ], [ -111.493930336134, 40.396930810727 ], [ -111.488444330798998, 40.3960114888501 ], [ -111.478010409153001, 40.392703692702398 ], [ -111.470248339348998, 40.3795398140755 ], [ -111.449369574998997, 40.370092384992503 ], [ -111.414784835003005, 40.354072153929401 ], [ -111.412835075732005, 40.351795924435002 ] ] ] } },
{ "type": "Feature", "properties": { "FID": 361, "SEASON": "winter", "VALUE": "crucial", "SPECIES": "mule deer", "COMMENTS": "<Null>" }, "geometry": { "type": "Polygon", "coordinates": [ [ [ -111.449369574998997, 40.370092384992503 ], [ -111.470248339348998, 40.3795398140755 ], [ -111.478010409153001, 40.392703692702398 ], [ -111.488444330798998, 40.3960114888501 ], [ -111.493930336134, 40.396930810727 ], [ -111.501871928125993, 40.396477780721597 ], [ -111.508472110030993, 40.399800160382 ], [ -111.511997890613003, 40.406082335312298 ], [ -111.507235192389999, 40.4061034166863 ], [ -111.496234491769002, 40.402916608136898 ], [ -111.481166346931005, 40.403697599373402 ], [ -111.475384040093999, 40.397331792455297 ], [ -111.470077869421004, 40.393960914462397 ], [ -111.464344171548007, 40.3897837476175 ], [ -111.454810587227996, 40.385944277865903 ], [ -111.448724237947999, 40.3783365738703 ], [ -111.441170379607001, 40.3726372441348 ], [ -111.427699661817996, 40.364518946168701 ], [ -111.419453690750998, 40.359522103351502 ], [ -111.414784835003005, 40.354072153929401 ], [ -111.449369574998997, 40.370092384992503 ] ] ] } },
{ "type": "Feature", "properties": { "FID": 363, "SEASON": "winter", "VALUE": "crucial", "SPECIES": "mule deer", "COMMENTS": "<Null>" }, "geometry": { "type": "Polygon", "coordinates": [ [ [ -111.731204415286996, 40.422347994144303 ], [ -111.730423046832996, 40.4199007659236 ], [ -111.727322764898005, 40.4124198374532 ], [ -111.732384866903004, 40.409358771892002 ], [ -111.729713576592999, 40.406635109310599 ], [ -111.725254256105003, 40.401679176771403 ], [ -111.720696580631, 40.391393281238102 ], [ -111.713810640565001, 40.385088643452697 ], [ -111.700557343886004, 40.3789469305379 ], [ -111.699809709991001, 40.378600372557699 ], [ -111.695733458385007, 40.371370832730399 ], [ -111.689001319317001, 40.365177185143096 ], [ -111.686301936567006, 40.362019589069099 ], [ -111.682869854911999, 40.359659690997503 ], [ -111.682254419971997, 40.357396353290497 ], [ -111.677936050355001, 40.355268200960097 ], [ -111.671251536713996, 40.353550495802097 ], [ -111.665450680405996, 40.351260466122902 ], [ -111.665965828113997, 40.343379799654898 ], [ -111.653103296246996, 40.346060397155298 ], [ -111.647771334591994, 40.346203807142103 ], [ -111.642572524816998, 40.344759356194203 ], [ -111.639601195452002, 40.343869051852302 ], [ -111.636933746083002, 40.343770526171802 ], [ -111.631152088524999, 40.343376806234602 ], [ -111.621819189220005, 40.343342940630002 ], [ -111.619682102374995, 40.3415725737012 ], [ -111.614838388514002, 40.337559422911703 ], [ -111.614206838770002, 40.337036190884 ], [ -111.620520063672998, 40.330881647609999 ], [ -111.632506106356999, 40.329683101112799 ], [ -111.640652970383002, 40.329751422644101 ], [ -111.645952321018001, 40.326321519515702 ], [ -111.649570801289997, 40.324111570474201 ], [ -111.661065475675002, 40.318666606655903 ], [ -111.663553554938005, 40.319752746042198 ], [ -111.666311392411004, 40.322792454896998 ], [ -111.670900441140006, 40.325923383624101 ], [ -111.674368231613997, 40.330028256579503 ], [ -111.675139747605002, 40.333996085029703 ], [ -111.679407882678007, 40.334887688015399 ], [ -111.685041198226003, 40.339132287772699 ], [ -111.690136477701003, 40.342768638485197 ], [ -111.697125774301, 40.349296199721003 ], [ -111.699378590584004, 40.354731690264501 ], [ -111.701486972764997, 40.359047721572502 ], [ -111.705033357743005, 40.363965952039898 ], [ -111.710066986765995, 40.370962988646099 ], [ -111.714218247082002, 40.373127179435997 ], [ -111.715265951953995, 40.376150826372402 ], [ -111.720865475855007, 40.378280402887398 ], [ -111.727082371820003, 40.380482133542401 ], [ -111.733149777061996, 40.384212236683901 ], [ -111.736742572878001, 40.389995032650603 ], [ -111.738236074488, 40.392582732628298 ], [ -111.741983196939003, 40.394137407722397 ], [ -111.744248704059004, 40.397229263116699 ], [ -111.744427634629005, 40.4059208572166 ], [ -111.747769784612998, 40.413153370193903 ], [ -111.748130326750001, 40.4189315920366 ], [ -111.747456579844993, 40.425056678978201 ], [ -111.749285196311007, 40.429465204176303 ], [ -111.747261125042002, 40.429796232949002 ], [ -111.743226690149001, 40.430455933970499 ], [ -111.740339130411996, 40.429789596663397 ], [ -111.737364855861998, 40.428647974080597 ], [ -111.733319518792996, 40.425940549064499 ], [ -111.731204415286996, 40.422347994144303 ] ] ] } },
{ "type": "Feature", "properties": { "FID": 365, "SEASON": "winter/spring", "VALUE": "crucial", "SPECIES": "mule deer", "COMMENTS": "<Null>" }, "geometry": { "type": "Polygon", "coordinates": [ [ [ -111.691808515234001, 40.431145421138403 ], [ -111.68899417419, 40.427903572505102 ], [ -111.694324026239997, 40.423337799753298 ], [ -111.702840035563, 40.422152735509002 ], [ -111.706438787639001, 40.420588725235199 ], [ -111.708831135341995, 40.419548944200798 ], [ -111.710775655461006, 40.418703760164803 ], [ -111.713933466144994, 40.413361761884097 ], [ -111.727322764898005, 40.4124198374532 ], [ -111.730423046832996, 40.4199007659236 ], [ -111.731204415286996, 40.422347994144303 ], [ -111.733319518792996, 40.425940549064499 ], [ -111.725786940261003, 40.425442586637303 ], [ -111.722769991210001, 40.427376625238701 ], [ -111.718361310917999, 40.4269979766568 ], [ -111.716726515236005, 40.428236953861898 ], [ -111.715756532398004, 40.4289720633708 ], [ -111.708346707721006, 40.434587077055603 ], [ -111.705268250377998, 40.435302565774499 ], [ -111.700207600471003, 40.4364786444727 ], [ -111.700202497272002, 40.4364754321372 ], [ -111.691808515234001, 40.431145421138403 ] ] ] } },
{ "type": "Feature", "properties": { "FID": 367, "SEASON": "winter/spring", "VALUE": "crucial", "SPECIES": "mule deer", "COMMENTS": "<Null>" }, "geometry": { "type": "Polygon", "coordinates": [ [ [ -111.368224396556997, 40.441703582990499 ], [ -111.362431380372001, 40.436476077050997 ], [ -111.352948222945002, 40.428145241697301 ], [ -111.358304017492003, 40.4268174917447 ], [ -111.377458881443005, 40.4382313389671 ], [ -111.380709251739006, 40.443958025436999 ], [ -111.386954348388002, 40.4479534456908 ], [ -111.397431648966005, 40.441689025831202 ], [ -111.400321837250999, 40.441231122289601 ], [ -111.405362666147994, 40.440432199410601 ], [ -111.408986291062007, 40.4375842786893 ], [ -111.410914510940003, 40.436068779811599 ], [ -111.404755731962993, 40.428647283948997 ], [ -111.398513720341995, 40.417877138085501 ], [ -111.397644895222001, 40.416377768972303 ], [ -111.394230483526997, 40.413719428054897 ], [ -111.390146708998003, 40.410539454512801 ], [ -111.387269875835997, 40.408299185343601 ], [ -111.385527057288002, 40.406941837301197 ], [ -111.384310237061001, 40.405597940977302 ], [ -111.377435520450007, 40.398003894323097 ], [ -111.369947628117004, 40.376513026431198 ], [ -111.365185854226993, 40.362953193129201 ], [ -111.365608330388994, 40.360666041819499 ], [ -111.367178413453004, 40.352165375959402 ], [ -111.377101885447999, 40.349332119368398 ], [ -111.392725911708993, 40.377838123806697 ], [ -111.387222053306004, 40.384052564001202 ], [ -111.385520467126, 40.385890894483403 ], [ -111.382241235243995, 40.389698152645202 ], [ -111.389985587837003, 40.402574751118003 ], [ -111.402284480855997, 40.406638080052403 ], [ -111.411984411378995, 40.415652420068596 ], [ -111.420798409422005, 40.422825984145497 ], [ -111.428913340438001, 40.423215177701003 ], [ -111.439054505342995, 40.431722957696302 ], [ -111.446957536308005, 40.433033316253798 ], [ -111.456217263458996, 40.4403699944192 ], [ -111.459402284622001, 40.446915890460701 ], [ -111.442196585047995, 40.454686720636197 ], [ -111.425891236365004, 40.451416935621999 ], [ -111.412449846979001, 40.456361017002401 ], [ -111.382909335807, 40.456626879061901 ], [ -111.379593136463001, 40.452401394742402 ], [ -111.373365338940999, 40.446541636524799 ], [ -111.368224396556997, 40.441703582990499 ] ] ] } },
{ "type": "Feature", "properties": { "FID": 368, "SEASON": "winter", "VALUE": "crucial", "SPECIES": "mule deer", "COMMENTS": "<Null>" }, "geometry": { "type": "Polygon", "coordinates": [ [ [ -111.412449846979001, 40.456361017002401 ], [ -111.425891236365004, 40.451416935621999 ], [ -111.442196585047995, 40.454686720636197 ], [ -111.459402284622001, 40.446915890460701 ], [ -111.456217263458996, 40.4403699944192 ], [ -111.446957536308005, 40.433033316253798 ], [ -111.439054505342995, 40.431722957696302 ], [ -111.428913340438001, 40.423215177701003 ], [ -111.420798409422005, 40.422825984145497 ], [ -111.411984411378995, 40.415652420068596 ], [ -111.402284480855997, 40.406638080052403 ], [ -111.389985587837003, 40.402574751118003 ], [ -111.382241235243995, 40.389698152645202 ], [ -111.385520467126, 40.385890894483403 ], [ -111.398971317879997, 40.3977215011152 ], [ -111.408308190285993, 40.401354549158803 ], [ -111.412413803863004, 40.396960994748703 ], [ -111.418967991120994, 40.397232212339098 ], [ -111.427733494817005, 40.396990748037702 ], [ -111.432980254325003, 40.403464376629501 ], [ -111.433893059691997, 40.408083178521103 ], [ -111.436606946610993, 40.413504561327201 ], [ -111.448405355811005, 40.415763577469001 ], [ -111.454693415473997, 40.413539805906503 ], [ -111.465905458117007, 40.410144140515598 ], [ -111.474947802111004, 40.4101074411724 ], [ -111.476070424493003, 40.413873046996102 ], [ -111.481188422970007, 40.416461257521703 ], [ -111.491403833912997, 40.412133471958199 ], [ -111.497992574492002, 40.413780975103499 ], [ -111.499947972881003, 40.418799433364597 ], [ -111.497517028138006, 40.4236273510015 ], [ -111.491746350593999, 40.421557335710602 ], [ -111.486299847729001, 40.4263977131207 ], [ -111.489937236637005, 40.436645587009103 ], [ -111.482562922542002, 40.4404466283424 ], [ -111.474360901001006, 40.443622215414798 ], [ -111.476067865730997, 40.452412179927499 ], [ -111.468677831815995, 40.454327431388798 ], [ -111.455584215944, 40.4574350149163 ], [ -111.446338053876005, 40.461423984021501 ], [ -111.431670944432, 40.460985361624097 ], [ -111.422191899129004, 40.462502629620701 ], [ -111.410765908135005, 40.4631201061678 ], [ -111.382909335807, 40.456626879061901 ], [ -111.412449846979001, 40.456361017002401 ] ] ] } },
{ "type": "Feature", "properties": { "FID": 370, "SEASON": "winter/spring", "VALUE": "crucial", "SPECIES": "mule deer", "COMMENTS": "<Null>" }, "geometry": { "type": "Polygon", "coordinates": [ [ [ -111.371217181548005, 40.458207458826699 ], [ -111.370595594104003, 40.467731839937599 ], [ -111.357117688293997, 40.468031384439598 ], [ -111.357080815852996, 40.467973840463301 ], [ -111.352021284862005, 40.460068781232998 ], [ -111.340874981471998, 40.4546973799862 ], [ -111.329726558087003, 40.448552915014197 ], [ -111.325832668425093, 40.449943291294964 ], [ -111.299716887207765, 40.411924491638345 ], [ -111.308343261814997, 40.413610275016197 ], [ -111.330634130026993, 40.427446605559503 ], [ -111.345840467388001, 40.437439429933001 ], [ -111.356980335581, 40.442038312520502 ], [ -111.367030280886993, 40.453453322792797 ], [ -111.371217181548005, 40.458207458826699 ] ] ] } },
{ "type": "Feature", "properties": { "FID": 373, "SEASON": "winter", "VALUE": "crucial", "SPECIES": "mule deer", "COMMENTS": "<Null>" }, "geometry": { "type": "Polygon", "coordinates": [ [ [ -111.329726558087003, 40.448552915014197 ], [ -111.340874981471998, 40.4546973799862 ], [ -111.352021284862005, 40.460068781232998 ], [ -111.357080815852996, 40.467973840463301 ], [ -111.345954381137005, 40.473613553759598 ], [ -111.342539385744942, 40.474264575556674 ], [ -111.325832668425093, 40.449943291294964 ], [ -111.329726558087003, 40.448552915014197 ] ] ] } },
{ "type": "Feature", "properties": { "FID": 374, "SEASON": "winter", "VALUE": "crucial", "SPECIES": "mule deer", "COMMENTS": "<Null>" }, "geometry": { "type": "Polygon", "coordinates": [ [ [ -111.555668900263001, 40.395826364876299 ], [ -111.554026725149001, 40.401714672959002 ], [ -111.554018142562001, 40.401932734504797 ], [ -111.535186396355996, 40.417273207649103 ], [ -111.529244380169004, 40.428401550377998 ], [ -111.522229829593996, 40.442885788257101 ], [ -111.512123816832002, 40.447853274909797 ], [ -111.510282167712006, 40.458124516675497 ], [ -111.516842050571, 40.470071153545703 ], [ -111.513466461587996, 40.477790520107298 ], [ -111.504535165605006, 40.489140463111198 ], [ -111.502235742763006, 40.497510450075801 ], [ -111.494353670763999, 40.506067998963601 ], [ -111.492194144863006, 40.504438036045698 ], [ -111.494949527844994, 40.499508813492298 ], [ -111.498124460151999, 40.493266277143498 ], [ -111.505320276481996, 40.479301826352 ], [ -111.501205048787995, 40.474402179955 ], [ -111.495154255759999, 40.474185556956897 ], [ -111.488535389641001, 40.475519938724403 ], [ -111.486578069881006, 40.470956211095199 ], [ -111.489731833793002, 40.463595223699002 ], [ -111.488650804605996, 40.4600307812346 ], [ -111.490531258578997, 40.455917579060298 ], [ -111.495632639153001, 40.451977065906704 ], [ -111.503943121123996, 40.4485122027369 ], [ -111.513375096106998, 40.423978026407902 ], [ -111.527476519757997, 40.411531646397101 ], [ -111.536820348692004, 40.4064486802136 ], [ -111.543331322724001, 40.396143646389099 ], [ -111.545834550614003, 40.392125500484397 ], [ -111.553417019757006, 40.389181404431 ], [ -111.554305811784005, 40.3918042085214 ], [ -111.555668900263001, 40.395826364876299 ] ] ] } },
{ "type": "Feature", "properties": { "FID": 381, "SEASON": "winter", "VALUE": "crucial", "SPECIES": "mule deer", "COMMENTS": "<Null>" }, "geometry": { "type": "Polygon", "coordinates": [ [ [ -111.437474724821001, 40.5636305782214 ], [ -111.435392468079002, 40.554511537911601 ], [ -111.441084558604004, 40.548705421987997 ], [ -111.446113677534001, 40.544701203091201 ], [ -111.450953747688004, 40.537740864597197 ], [ -111.456105215451998, 40.537168217337197 ], [ -111.460020558487003, 40.533077509332301 ], [ -111.464051712743995, 40.531261766917602 ], [ -111.466929296496005, 40.533178444905602 ], [ -111.467795236094005, 40.536130229037397 ], [ -111.472724043693006, 40.542538929795903 ], [ -111.469392656069999, 40.548080015395897 ], [ -111.472196194877995, 40.553269156842397 ], [ -111.471944572525004, 40.553245320421603 ], [ -111.466295084516005, 40.555583454725202 ], [ -111.460932009553005, 40.559956178146997 ], [ -111.456266319055004, 40.564528597926 ], [ -111.453120269077004, 40.5669237378102 ], [ -111.448089734364999, 40.568686576289998 ], [ -111.435055828585007, 40.566477510032399 ], [ -111.437474724821001, 40.5636305782214 ] ] ] } },
{ "type": "Feature", "properties": { "FID": 382, "SEASON": "winter/spring", "VALUE": "crucial", "SPECIES": "mule deer", "COMMENTS": "<Null>" }, "geometry": { "type": "Polygon", "coordinates": [ [ [ -111.476555174837998, 40.550025174446297 ], [ -111.479091158448, 40.545442940397599 ], [ -111.482312388929998, 40.5468990703503 ], [ -111.486846560843006, 40.552268273414697 ], [ -111.494752428002997, 40.550275525428397 ], [ -111.500529471994, 40.549924070048199 ], [ -111.510824100015995, 40.5524913196342 ], [ -111.511413944880005, 40.545631052963699 ], [ -111.507188874096997, 40.540501991680799 ], [ -111.513115688644007, 40.5302753935078 ], [ -111.512447534412004, 40.526849563065497 ], [ -111.507809689870996, 40.521971793237299 ], [ -111.508627182417996, 40.516906526733798 ], [ -111.504525231803996, 40.512026255194399 ], [ -111.499389578579994, 40.511885320777402 ], [ -111.496584160951997, 40.508631754709199 ], [ -111.494353670763999, 40.506067998963601 ], [ -111.502235742763006, 40.497510450075801 ], [ -111.504535165605006, 40.489140463111198 ], [ -111.513466461587996, 40.477790520107298 ], [ -111.516842050571, 40.470071153545703 ], [ -111.510282167712006, 40.458124516675497 ], [ -111.512123816832002, 40.447853274909797 ], [ -111.522229829593996, 40.442885788257101 ], [ -111.529244380169004, 40.428401550377998 ], [ -111.535186396355996, 40.417273207649103 ], [ -111.554018142562001, 40.401932734504797 ], [ -111.553607306434998, 40.412443457249097 ], [ -111.548909821433, 40.416989227600801 ], [ -111.544480598087006, 40.424372572399299 ], [ -111.546104827261004, 40.427247815179499 ], [ -111.547390678113999, 40.429390397167097 ], [ -111.549075095964994, 40.432242787635602 ], [ -111.550550599396004, 40.435208670121597 ], [ -111.551446166239998, 40.437443152063302 ], [ -111.551069553527, 40.438841441196203 ], [ -111.550411490968997, 40.439258992567702 ], [ -111.549480668276999, 40.439470628782701 ], [ -111.548370005313004, 40.439795723854701 ], [ -111.547172953136993, 40.440490588251002 ], [ -111.546070808522003, 40.441594993764497 ], [ -111.545448150415993, 40.4426069466966 ], [ -111.544687100103005, 40.444736669870998 ], [ -111.544140752939001, 40.447189702380598 ], [ -111.543660379634005, 40.450327197937703 ], [ -111.543350834704, 40.452481812492799 ], [ -111.542847413862006, 40.456281483695001 ], [ -111.542361240890003, 40.458756743161203 ], [ -111.541480021031006, 40.460981688383796 ], [ -111.540107767513007, 40.4622268486076 ], [ -111.538730259483998, 40.463012556988197 ], [ -111.536603053752003, 40.4641441643764 ], [ -111.534898071260997, 40.465233148753903 ], [ -111.533378877258002, 40.466911431144197 ], [ -111.532313074569004, 40.468772200706603 ], [ -111.531581518864996, 40.470856648390203 ], [ -111.530460062255003, 40.473154682518299 ], [ -111.529033571528998, 40.475107164956498 ], [ -111.527306740390003, 40.487266023712003 ], [ -111.524301137462004, 40.4925785087311 ], [ -111.525901420335003, 40.502393083749801 ], [ -111.520512753923995, 40.5061653867158 ], [ -111.518807855256, 40.511923826719197 ], [ -111.519370921217003, 40.515461722033002 ], [ -111.519911203727005, 40.5205808727967 ], [ -111.527771846228006, 40.524935828932797 ], [ -111.526280081449002, 40.530705909025897 ], [ -111.518803304957999, 40.5340720285404 ], [ -111.518011605967004, 40.537674639753497 ], [ -111.526574894464005, 40.5409910262021 ], [ -111.530460972412001, 40.545218421751201 ], [ -111.533089235267994, 40.5527170327167 ], [ -111.529103297483999, 40.563021866329699 ], [ -111.522473980276004, 40.564031751679501 ], [ -111.513909978252002, 40.564070255182799 ], [ -111.507915167274007, 40.564096856952197 ], [ -111.503847196452, 40.564114760215801 ], [ -111.499922785508005, 40.567027078662903 ], [ -111.498821821294001, 40.5678439868162 ], [ -111.497563060976006, 40.568174635089903 ], [ -111.494951648121003, 40.568860616728699 ], [ -111.493092171414006, 40.5682484883786 ], [ -111.491669106339998, 40.567780056726498 ], [ -111.490037002234999, 40.566636649172899 ], [ -111.488768760623998, 40.565748071816003 ], [ -111.487285170826993, 40.564708589396602 ], [ -111.486268298564994, 40.563156050772299 ], [ -111.485516874048002, 40.562008867935297 ], [ -111.484628479541001, 40.560652437831202 ], [ -111.483394007553997, 40.558767456623897 ], [ -111.480438770773006, 40.554254350588103 ], [ -111.479863705574999, 40.553628190320403 ], [ -111.476555174837998, 40.550025174446297 ] ] ] } },
{ "type": "Feature", "properties": { "FID": 383, "SEASON": "winter/spring", "VALUE": "crucial", "SPECIES": "mule deer", "COMMENTS": "<Null>" }, "geometry": { "type": "Polygon", "coordinates": [ [ [ -111.775700781590999, 40.559841119019502 ], [ -111.779412471860994, 40.550176173678501 ], [ -111.786358434584997, 40.5447825532734 ], [ -111.792372817040004, 40.536414965475103 ], [ -111.794269581188999, 40.531281140522701 ], [ -111.809188682972007, 40.522667690068197 ], [ -111.809490397485007, 40.518347004770398 ], [ -111.809410992015003, 40.511734609180202 ], [ -111.789577109519001, 40.502844039603097 ], [ -111.789476500210995, 40.502798961852498 ], [ -111.774433688442002, 40.499288185280797 ], [ -111.766466469066003, 40.498261675719498 ], [ -111.757180719537004, 40.499774583435503 ], [ -111.749336558793999, 40.4999259818346 ], [ -111.739206698288996, 40.504522518758797 ], [ -111.736302220411005, 40.504615024362501 ], [ -111.73626222419, 40.504616270172697 ], [ -111.733363753925005, 40.504708483475198 ], [ -111.727496445433999, 40.507623551919004 ], [ -111.722748421104995, 40.510121512504902 ], [ -111.721195597141005, 40.5109383209114 ], [ -111.718241274258006, 40.509805924941602 ], [ -111.717298832031005, 40.509444666253998 ], [ -111.716601965869998, 40.508301886836797 ], [ -111.715818514118993, 40.507016938326998 ], [ -111.71605647941, 40.505731695542302 ], [ -111.717153195590996, 40.504548512074102 ], [ -111.718344034639998, 40.503263923352897 ], [ -111.719095198041998, 40.5024534950374 ], [ -111.719693386315996, 40.501808156855297 ], [ -111.720689981454996, 40.501007720714199 ], [ -111.721362672544004, 40.5004674034777 ], [ -111.728515770062998, 40.494721241988501 ], [ -111.728882980817005, 40.494304696614002 ], [ -111.729880256355997, 40.493173459051803 ], [ -111.731989754018002, 40.4907804111564 ], [ -111.738593156164995, 40.487579149659901 ], [ -111.737320521488996, 40.4843482964964 ], [ -111.736746677412995, 40.480370728724999 ], [ -111.733119621864006, 40.471891422723701 ], [ -111.733552810850995, 40.462981429249702 ], [ -111.733457525562997, 40.454209639734799 ], [ -111.738128978152005, 40.4463356040539 ], [ -111.739519052812994, 40.443992040239699 ], [ -111.740569940263995, 40.442220271067796 ], [ -111.740446510070001, 40.447079609454399 ], [ -111.741546488831005, 40.450716511444803 ], [ -111.739283884759999, 40.453835047266402 ], [ -111.740950969582997, 40.460842270193901 ], [ -111.741162496379999, 40.464012428809902 ], [ -111.742246341940003, 40.466164740676099 ], [ -111.741394079543994, 40.469004427194498 ], [ -111.740191073239998, 40.472116170911001 ], [ -111.742004250221001, 40.476288207975898 ], [ -111.743449322779995, 40.479113043220501 ], [ -111.744550011130002, 40.482749800419597 ], [ -111.746876020743002, 40.485299003138302 ], [ -111.752125940455002, 40.487168812154998 ], [ -111.755927616660003, 40.489909746061699 ], [ -111.761379836436006, 40.492157713968297 ], [ -111.768296383321996, 40.493566968084899 ], [ -111.777291774640005, 40.494894186781998 ], [ -111.784707903994004, 40.495222441943298 ], [ -111.786495574548994, 40.496030099040603 ], [ -111.791751005943993, 40.497120144253401 ], [ -111.793203003084002, 40.497421174152599 ], [ -111.794411390825005, 40.497638096009702 ], [ -111.797587403850002, 40.500845995450902 ], [ -111.801557937178998, 40.502768945980598 ], [ -111.809842198040997, 40.504161796367598 ], [ -111.815841913913005, 40.506651087058998 ], [ -111.821535146125001, 40.511167525254102 ], [ -111.818955879973004, 40.517261495828897 ], [ -111.815067601408998, 40.524883445477499 ], [ -111.808868355353994, 40.533534140661303 ], [ -111.798043326186004, 40.543988573469299 ], [ -111.790593001264995, 40.555555397694299 ], [ -111.784983429535004, 40.5623048440102 ], [ -111.786506255850995, 40.567357876258697 ], [ -111.785663229711005, 40.569638330666301 ], [ -111.785266970546999, 40.5706971244188 ], [ -111.780244119881004, 40.566939271555398 ], [ -111.777031397292006, 40.564692692669396 ], [ -111.776527739055993, 40.562856483561198 ], [ -111.775700781590999, 40.559841119019502 ] ] ] } },
{ "type": "Feature", "properties": { "FID": 384, "SEASON": "winter", "VALUE": "crucial", "SPECIES": "mule deer", "COMMENTS": "<Null>" }, "geometry": { "type": "Polygon", "coordinates": [ [ [ -111.785663229711005, 40.569638330666301 ], [ -111.786506255850995, 40.567357876258697 ], [ -111.784983429535004, 40.5623048440102 ], [ -111.790593001264995, 40.555555397694299 ], [ -111.798043326186004, 40.543988573469299 ], [ -111.808868355353994, 40.533534140661303 ], [ -111.815067601408998, 40.524883445477499 ], [ -111.818955879973004, 40.517261495828897 ], [ -111.821535146125001, 40.511167525254102 ], [ -111.815841913913005, 40.506651087058998 ], [ -111.809842198040997, 40.504161796367598 ], [ -111.801557937178998, 40.502768945980598 ], [ -111.797587403850002, 40.500845995450902 ], [ -111.794411390825005, 40.497638096009702 ], [ -111.793203003084002, 40.497421174152599 ], [ -111.791751005943993, 40.497120144253401 ], [ -111.786495574548994, 40.496030099040603 ], [ -111.784707903994004, 40.495222441943298 ], [ -111.777291774640005, 40.494894186781998 ], [ -111.768296383321996, 40.493566968084899 ], [ -111.761379836436006, 40.492157713968297 ], [ -111.755927616660003, 40.489909746061699 ], [ -111.752125940455002, 40.487168812154998 ], [ -111.746876020743002, 40.485299003138302 ], [ -111.744550011130002, 40.482749800419597 ], [ -111.743449322779995, 40.479113043220501 ], [ -111.742004250221001, 40.476288207975898 ], [ -111.740191073239998, 40.472116170911001 ], [ -111.741394079543994, 40.469004427194498 ], [ -111.742246341940003, 40.466164740676099 ], [ -111.741162496379999, 40.464012428809902 ], [ -111.740950969582997, 40.460842270193901 ], [ -111.739283884759999, 40.453835047266402 ], [ -111.741546488831005, 40.450716511444803 ], [ -111.740446510070001, 40.447079609454399 ], [ -111.740569940263995, 40.442220271067796 ], [ -111.749088010335001, 40.435142785832497 ], [ -111.748611239802997, 40.4432233387951 ], [ -111.748155164929003, 40.453178872986399 ], [ -111.754207026876998, 40.464063813370601 ], [ -111.753445877253995, 40.474069339346102 ], [ -111.755354977915999, 40.478890442390501 ], [ -111.755498665107993, 40.481972989347803 ], [ -111.757392337716993, 40.485377409465997 ], [ -111.759709599120995, 40.487612357808203 ], [ -111.76473964873, 40.488412597797698 ], [ -111.769673886619003, 40.490379910376703 ], [ -111.779875426291994, 40.490768991442003 ], [ -111.782625544335005, 40.487126117276901 ], [ -111.784377931549997, 40.479288372844898 ], [ -111.787691646325001, 40.465745053408497 ], [ -111.794743661141993, 40.460328260811501 ], [ -111.802342627868001, 40.460872335098003 ], [ -111.811128679583007, 40.459087782805199 ], [ -111.824148530426996, 40.448788818287397 ], [ -111.834162310181, 40.444740257417997 ], [ -111.843952799758, 40.443741360993499 ], [ -111.857313056487996, 40.438340738421701 ], [ -111.866114489172006, 40.437426756922598 ], [ -111.873089448556001, 40.438761846714598 ], [ -111.876886102219999, 40.4439734326766 ], [ -111.887865352659006, 40.452956572919803 ], [ -111.882801652536003, 40.461160770956397 ], [ -111.881892969836002, 40.468643929626801 ], [ -111.876009618628004, 40.472556011564699 ], [ -111.867096255326999, 40.471386573503203 ], [ -111.865714923181002, 40.471205218792299 ], [ -111.857897222597003, 40.473384387230602 ], [ -111.850775336409995, 40.4784741787713 ], [ -111.843205632473001, 40.4803917928825 ], [ -111.840722946114994, 40.4815810362227 ], [ -111.838146518726006, 40.4825637014563 ], [ -111.834910021453993, 40.4836906274219 ], [ -111.834042302854002, 40.484039320851899 ], [ -111.833176352736999, 40.484617631773702 ], [ -111.831875361428999, 40.486275631289899 ], [ -111.831116181970003, 40.487956747374199 ], [ -111.831200294143997, 40.489600264866098 ], [ -111.831918437398002, 40.491378857183797 ], [ -111.832509229032993, 40.492703413279997 ], [ -111.83328903428, 40.494481551740499 ], [ -111.834425015898006, 40.495982342319003 ], [ -111.837274117172001, 40.500466262161602 ], [ -111.837656368702994, 40.501215732584797 ], [ -111.837973606923001, 40.501785495731099 ], [ -111.838057337934003, 40.501970200937798 ], [ -111.838821527636, 40.504103631321399 ], [ -111.839130168859995, 40.505099122100901 ], [ -111.839449890018997, 40.506130566816502 ], [ -111.839686937275999, 40.5070432438335 ], [ -111.839981459800001, 40.509005034224501 ], [ -111.840155127757001, 40.5109001355193 ], [ -111.840120509870999, 40.511814785699201 ], [ -111.839380479713995, 40.5137498593282 ], [ -111.839248106197999, 40.514095949804002 ], [ -111.838734164242993, 40.515090654611797 ], [ -111.837970261744005, 40.5158349222841 ], [ -111.836579813767997, 40.516772908430497 ], [ -111.834113467026, 40.518092516320102 ], [ -111.830954131840002, 40.521223329866203 ], [ -111.829652734668997, 40.522516441056702 ], [ -111.829145778443007, 40.5237688851076 ], [ -111.828542003167001, 40.524379600926302 ], [ -111.826976124008993, 40.5263033944182 ], [ -111.825466847653999, 40.527853616113603 ], [ -111.822986826298006, 40.530017120666002 ], [ -111.819717544908002, 40.532652740901597 ], [ -111.81762921232, 40.533809136346299 ], [ -111.815922939326001, 40.535348194110497 ], [ -111.814626955858998, 40.5363739845954 ], [ -111.812140521356994, 40.538070823386903 ], [ -111.809956965232004, 40.539532247276902 ], [ -111.807570444394997, 40.541928001776299 ], [ -111.805216132031006, 40.5444634789337 ], [ -111.801397944382998, 40.547335640345104 ], [ -111.800112018988997, 40.5497702650474 ], [ -111.798002838542999, 40.552397136421099 ], [ -111.795996743334001, 40.556002965319799 ], [ -111.796723740022003, 40.559212022324303 ], [ -111.798690182941996, 40.561348932704 ], [ -111.801630897726994, 40.564314076309998 ], [ -111.799455029027996, 40.566521622236401 ], [ -111.794085798842005, 40.5676782663163 ], [ -111.791261151637002, 40.571312871841101 ], [ -111.787311439711004, 40.5717517398284 ], [ -111.785266970546999, 40.5706971244188 ], [ -111.785663229711005, 40.569638330666301 ] ] ] } },
{ "type": "Feature", "properties": { "FID": 387, "SEASON": "winter", "VALUE": "crucial", "SPECIES": "mule deer", "COMMENTS": "<Null>" }, "geometry": { "type": "Polygon", "coordinates": [ [ [ -111.373775557173005, 40.511035385862598 ], [ -111.383993584850998, 40.511002064909 ], [ -111.388403385773003, 40.514745149383202 ], [ -111.390326799754007, 40.523056101402297 ], [ -111.408673016920005, 40.5445489814811 ], [ -111.418056191613999, 40.561810612442201 ], [ -111.420236610770999, 40.580669986371603 ], [ -111.416822773340002, 40.582988532467098 ], [ -111.410760076654995, 40.575562622488398 ], [ -111.407730683262997, 40.565762326995397 ], [ -111.399744024143999, 40.552434098884099 ], [ -111.389899136284001, 40.5421734332905 ], [ -111.380423929692, 40.5370578569377 ], [ -111.372620163790998, 40.528976500534199 ], [ -111.369846603321079, 40.528144396026171 ], [ -111.371203719225647, 40.515993503472892 ], [ -111.369943234919333, 40.514158517189571 ], [ -111.373775557173005, 40.511035385862598 ] ] ] } },
{ "type": "Feature", "properties": { "FID": 389, "SEASON": "winter/spring", "VALUE": "crucial", "SPECIES": "mule deer", "COMMENTS": "<Null>" }, "geometry": { "type": "Polygon", "coordinates": [ [ [ -111.372620163790998, 40.528976500534199 ], [ -111.380423929692, 40.5370578569377 ], [ -111.389899136284001, 40.5421734332905 ], [ -111.399744024143999, 40.552434098884099 ], [ -111.407730683262997, 40.565762326995397 ], [ -111.410760076654995, 40.575562622488398 ], [ -111.416822773340002, 40.582988532467098 ], [ -111.417171029610998, 40.587501251017599 ], [ -111.411084751041997, 40.588649086906202 ], [ -111.406043499733002, 40.589599603586997 ], [ -111.384024625997, 40.576549713524201 ], [ -111.368755517397005, 40.562058851593797 ], [ -111.366220283318938, 40.560612532727923 ], [ -111.369846603321079, 40.528144396026171 ], [ -111.372620163790998, 40.528976500534199 ] ] ] } },
{ "type": "Feature", "properties": { "FID": 391, "SEASON": "winter/spring", "VALUE": "crucial", "SPECIES": "mule deer", "COMMENTS": "<Null>" }, "geometry": { "type": "Polygon", "coordinates": [ [ [ -111.448089734364999, 40.568686576289998 ], [ -111.453120269077004, 40.5669237378102 ], [ -111.456266319055004, 40.564528597926 ], [ -111.460932009553005, 40.559956178146997 ], [ -111.466295084516005, 40.555583454725202 ], [ -111.471944572525004, 40.553245320421603 ], [ -111.472196194877995, 40.553269156842397 ], [ -111.470834100047995, 40.557560604528099 ], [ -111.468950489500997, 40.559185810790503 ], [ -111.466926355281998, 40.560932182966702 ], [ -111.465294510722003, 40.562163884359499 ], [ -111.464268807899998, 40.5635283514967 ], [ -111.463640814372994, 40.5651164357281 ], [ -111.462805953591996, 40.5685242362091 ], [ -111.462201412767996, 40.570991392741099 ], [ -111.461750259238997, 40.5735387416238 ], [ -111.461343999514995, 40.575832489198604 ], [ -111.460898037171006, 40.577509916875599 ], [ -111.460535407129996, 40.578885213575603 ], [ -111.459256744201994, 40.581097473065398 ], [ -111.456363028126006, 40.585302379999099 ], [ -111.455806638929005, 40.5861109584649 ], [ -111.454737437635998, 40.592056412123803 ], [ -111.451596359243993, 40.595441642130098 ], [ -111.449216991822993, 40.598005643739803 ], [ -111.441276147612996, 40.597554010737198 ], [ -111.437420454196996, 40.5972539078385 ], [ -111.434222997090004, 40.592335436919797 ], [ -111.434863548802994, 40.585042079635102 ], [ -111.431897168533993, 40.5731989008912 ], [ -111.434102606565006, 40.567883958210501 ], [ -111.435055828585007, 40.566477510032399 ], [ -111.448089734364999, 40.568686576289998 ] ] ] } },
{ "type": "Feature", "properties": { "FID": 392, "SEASON": "winter/spring", "VALUE": "crucial", "SPECIES": "mule deer", "COMMENTS": "<Null>" }, "geometry": { "type": "Polygon", "coordinates": [ [ [ -111.773663935528006, 40.609669001008299 ], [ -111.770722081738995, 40.606642368764298 ], [ -111.767277881298995, 40.603560530928902 ], [ -111.768065075039004, 40.598046724626897 ], [ -111.764607397261997, 40.593047197955002 ], [ -111.765425984806996, 40.5902875296849 ], [ -111.765679511068001, 40.588954895493899 ], [ -111.766063784226006, 40.586933844754803 ], [ -111.766227983768999, 40.586069806302497 ], [ -111.765609261894994, 40.5831368711533 ], [ -111.765740171801994, 40.581757751864998 ], [ -111.765840694429002, 40.580698374719098 ], [ -111.765933503929006, 40.579719226525498 ], [ -111.766789749089995, 40.579054914461302 ], [ -111.769893686114003, 40.576646583017698 ], [ -111.770204423603005, 40.576585143744502 ], [ -111.771435108106004, 40.576341802492401 ], [ -111.775773788219993, 40.575483849049803 ], [ -111.777861198937003, 40.576155559678497 ], [ -111.776475570006994, 40.580479633113697 ], [ -111.776575631567994, 40.582593047733297 ], [ -111.778232765807005, 40.584759403137603 ], [ -111.779475987050006, 40.586409983501703 ], [ -111.781050980949004, 40.5900520342093 ], [ -111.780303873619999, 40.592561516298296 ], [ -111.778956851138005, 40.596336264168698 ], [ -111.778274034928003, 40.599020967618401 ], [ -111.777826909403004, 40.601456428796602 ], [ -111.777530556920993, 40.603931321621801 ], [ -111.777067465629003, 40.6069118234021 ], [ -111.776627471, 40.609644426713999 ], [ -111.777191292797994, 40.610937709851903 ], [ -111.775825607553003, 40.6104465473951 ], [ -111.773663935528006, 40.609669001008299 ] ] ] } },
{ "type": "Feature", "properties": { "FID": 395, "SEASON": "winter", "VALUE": "crucial", "SPECIES": "mule deer", "COMMENTS": "<Null>" }, "geometry": { "type": "Polygon", "coordinates": [ [ [ -111.776627471, 40.609644426713999 ], [ -111.777067465629003, 40.6069118234021 ], [ -111.777530556920993, 40.603931321621801 ], [ -111.777826909403004, 40.601456428796602 ], [ -111.778274034928003, 40.599020967618401 ], [ -111.778956851138005, 40.596336264168698 ], [ -111.780303873619999, 40.592561516298296 ], [ -111.781050980949004, 40.5900520342093 ], [ -111.779475987050006, 40.586409983501703 ], [ -111.778232765807005, 40.584759403137603 ], [ -111.776575631567994, 40.582593047733297 ], [ -111.776475570006994, 40.580479633113697 ], [ -111.777861198937003, 40.576155559678497 ], [ -111.784391672591994, 40.576422563046798 ], [ -111.787528790940996, 40.577230745826398 ], [ -111.788706705883001, 40.578444208211202 ], [ -111.789552913658994, 40.5821120212644 ], [ -111.789283231837004, 40.5852043191232 ], [ -111.788708412955998, 40.588356985343196 ], [ -111.788173079825995, 40.591626040992402 ], [ -111.788543141023993, 40.594125243787701 ], [ -111.788171624211998, 40.597238407722202 ], [ -111.786302562507998, 40.600258173105999 ], [ -111.787156311062006, 40.603466763465804 ], [ -111.785976949119004, 40.607311251562798 ], [ -111.786012178869001, 40.610318033006301 ], [ -111.785631966753002, 40.612705497774002 ], [ -111.784403981664994, 40.614758372286602 ], [ -111.783856008498006, 40.615726024974002 ], [ -111.781371530355003, 40.616263564311502 ], [ -111.779530085502998, 40.614152834484599 ], [ -111.777191292797994, 40.610937709851903 ], [ -111.776627471, 40.609644426713999 ] ] ] } },
{ "type": "Feature", "properties": { "FID": 396, "SEASON": "winter", "VALUE": "crucial", "SPECIES": "mule deer", "COMMENTS": "<Null>" }, "geometry": { "type": "Polygon", "coordinates": [ [ [ -111.361454814835, 40.603945580525803 ], [ -111.361580188494997, 40.604004826591797 ], [ -111.36164303564, 40.604064178218998 ], [ -111.361705808295, 40.604087764979603 ], [ -111.361752989969006, 40.604135364031301 ], [ -111.361784772061, 40.604242469592101 ], [ -111.362363412945001, 40.6042526374627 ], [ -111.362863860700998, 40.604251066362103 ], [ -111.362973311480005, 40.604250722464499 ], [ -111.363067288894001, 40.604274210418403 ], [ -111.363223481515007, 40.604261827691502 ], [ -111.363348523770995, 40.604237651090699 ], [ -111.363457199598997, 40.604094248918599 ], [ -111.363550402328997, 40.603974768749602 ], [ -111.363628143320994, 40.603903083992897 ], [ -111.363737270230999, 40.603843101920297 ], [ -111.363862257807, 40.603830816593899 ], [ -111.363987492548006, 40.603842313671301 ], [ -111.364081793335998, 40.603925438253299 ], [ -111.364128781996996, 40.603937181789703 ], [ -111.364192020052997, 40.604068151011703 ], [ -111.364223611862002, 40.604139491435099 ], [ -111.364317913362001, 40.604222615816902 ], [ -111.364380752163001, 40.604258182659599 ], [ -111.364474612362997, 40.604281759925897 ], [ -111.364552729348006, 40.604257639996902 ], [ -111.364583415564994, 40.604162229700599 ], [ -111.364614090163997, 40.604042946026297 ], [ -111.364629303458997, 40.603971367874003 ], [ -111.364691246933006, 40.603863967207602 ], [ -111.364847555989996, 40.603851491829097 ], [ -111.364972985956996, 40.603898842373603 ], [ -111.365192145687999, 40.603945806384701 ], [ -111.365285993960995, 40.603945509625703 ], [ -111.365411046191994, 40.603945114077497 ], [ -111.365567680218007, 40.603992275164899 ], [ -111.365630206375002, 40.6039920772551 ], [ -111.365786645691003, 40.604003473598297 ], [ -111.365943150403993, 40.604026851268799 ], [ -111.366209235439996, 40.604073664668803 ], [ -111.366334601358005, 40.604109032188099 ], [ -111.366459849210003, 40.604144399945497 ], [ -111.366538302820004, 40.6042036993869 ], [ -111.366632477310006, 40.604263038962699 ], [ -111.366695524603998, 40.604358152257603 ], [ -111.366774227367998, 40.6044413241477 ], [ -111.366884134550006, 40.604524396870197 ], [ -111.366931385222003, 40.604583885235897 ], [ -111.367041488477994, 40.604702722241299 ], [ -111.367151461491005, 40.604797686151898 ], [ -111.367214640683002, 40.604916672134401 ], [ -111.367277611847001, 40.604976020285299 ], [ -111.367356328569002, 40.605083065123502 ], [ -111.367450700389995, 40.6051780783597 ], [ -111.367513358403997, 40.605201752408902 ], [ -111.367576407835003, 40.605296865198298 ], [ -111.367639771613995, 40.605427742004103 ], [ -111.367765283826003, 40.605510764199998 ], [ -111.367859265150003, 40.605534338321597 ], [ -111.368125226493007, 40.605557274283498 ], [ -111.368187754090997, 40.605557074982897 ], [ -111.368281997211, 40.605628304631601 ], [ -111.368360454661001, 40.605687692892197 ], [ -111.368423244064999, 40.605735149334002 ], [ -111.368611207368005, 40.605782206336301 ], [ -111.368845585434002, 40.605757674809901 ], [ -111.368986361587005, 40.605757225173598 ], [ -111.369095814749002, 40.605756875463797 ], [ -111.369158919716, 40.605840095545702 ], [ -111.369159444136997, 40.605935407275403 ], [ -111.369128580020998, 40.606018927666803 ], [ -111.369113239745005, 40.606066633392302 ], [ -111.369082441423004, 40.6061621353007 ], [ -111.369208205866997, 40.606268938414203 ], [ -111.36941119622, 40.606232524326302 ], [ -111.369489248183001, 40.606196509621199 ], [ -111.369598439529, 40.606148503571603 ], [ -111.369707696245001, 40.6061123888623 ], [ -111.369848407578004, 40.606100046728898 ], [ -111.369910870107006, 40.606087955050199 ], [ -111.369957730145998, 40.606075913313603 ], [ -111.370082983060996, 40.606111187019003 ], [ -111.370130040386002, 40.606134909627698 ], [ -111.370177491901003, 40.606230070959 ], [ -111.370240875177004, 40.606384819640297 ], [ -111.370397650052993, 40.606455847088299 ], [ -111.370507236172003, 40.606479369005903 ], [ -111.370742260333998, 40.606550054863902 ], [ -111.370804723115995, 40.606537962701601 ], [ -111.370945566621998, 40.606549402111099 ], [ -111.371086292472, 40.606560931815103 ], [ -111.371242606555001, 40.606548447765697 ], [ -111.371383318504002, 40.606536103760497 ], [ -111.371570772248006, 40.606511717574101 ], [ -111.371789865064997, 40.606522904201199 ], [ -111.371930722838997, 40.606558215755001 ], [ -111.372087367494998, 40.606605367932701 ], [ -111.372228145375004, 40.606604914337602 ], [ -111.372352937979002, 40.606556855409998 ], [ -111.372352541002002, 40.606485326603099 ], [ -111.372352078030005, 40.606401906356098 ], [ -111.372476539079997, 40.6062942099258 ], [ -111.372616786961004, 40.606198444172698 ], [ -111.372710174893996, 40.606114721119603 ], [ -111.372834767498006, 40.606030897268099 ], [ -111.372975279238005, 40.605982786924102 ], [ -111.373022270871999, 40.6059945268251 ], [ -111.373084798842996, 40.605994324871702 ], [ -111.373178914964996, 40.606041677529397 ], [ -111.373225973326001, 40.606065398872403 ], [ -111.373304899291995, 40.606208113904003 ], [ -111.373336421486997, 40.606243777064897 ], [ -111.373211313531002, 40.606256163119099 ], [ -111.373117778704, 40.606292140265097 ], [ -111.373180837595001, 40.606387340024298 ], [ -111.373274888178003, 40.606422801159802 ], [ -111.373384540909001, 40.606458121694502 ], [ -111.373494194255997, 40.606493532210997 ], [ -111.373541452167999, 40.606553017820403 ], [ -111.373573121803005, 40.606636337130602 ], [ -111.373636365588993, 40.606743337598999 ], [ -111.373683623803998, 40.606802823146303 ], [ -111.373746351757006, 40.606838385227597 ], [ -111.373887211207006, 40.606873694386003 ], [ -111.374012386976005, 40.6068732891191 ], [ -111.374121708771995, 40.6068490616803 ], [ -111.374309228704007, 40.606836562486997 ], [ -111.374418550833994, 40.606812424854503 ], [ -111.374590253207003, 40.606740338048802 ], [ -111.374667918618997, 40.606656664411602 ], [ -111.374777106465999, 40.606608563396499 ], [ -111.374917884309994, 40.606608106522998 ], [ -111.374980412838994, 40.606607903540898 ], [ -111.375807438880003, 40.606283510440598 ], [ -111.375948030686999, 40.6062710711779 ], [ -111.376073138647001, 40.606258772248097 ], [ -111.376151269340994, 40.606258517831598 ], [ -111.376167123887996, 40.6062823395891 ], [ -111.376229718787997, 40.606294027366303 ], [ -111.376323585931999, 40.606317594964302 ], [ -111.376480366520994, 40.606388524042401 ], [ -111.376558414833994, 40.606352504577103 ], [ -111.376667668590002, 40.606316473387203 ], [ -111.376808311714001, 40.606292141258997 ], [ -111.377011432057998, 40.606279586785199 ], [ -111.377121137854004, 40.6063030119468 ], [ -111.377246462776, 40.606350349469899 ], [ -111.377402976336995, 40.606373621474198 ], [ -111.377481241468999, 40.606397239108603 ], [ -111.377575696349993, 40.606504135410297 ], [ -111.377700804433005, 40.606491834717403 ], [ -111.377794604892998, 40.606503419597402 ], [ -111.377873055489005, 40.6065389280093 ], [ -111.378029503207003, 40.606550397816299 ], [ -111.378185883437993, 40.6065498858936 ], [ -111.378264350180004, 40.606609177286799 ], [ -111.378327333179996, 40.6066686094319 ], [ -111.378374678477996, 40.606763767720302 ], [ -111.378375216007996, 40.606859079334498 ], [ -111.378375737612998, 40.6069306077002 ], [ -111.378438669890002, 40.6070019315964 ], [ -111.378454272556993, 40.607001880474002 ], [ -111.378610519112001, 40.606977495026001 ], [ -111.378735240653995, 40.606917537793599 ], [ -111.378875346024003, 40.606797891539898 ], [ -111.378968592090004, 40.606690290520604 ], [ -111.378999528069997, 40.606642532326298 ], [ -111.379092773721993, 40.6065349312058 ], [ -111.379249086680005, 40.606522526414203 ], [ -111.379483597794007, 40.606521756168497 ], [ -111.379921533092997, 40.606520316506703 ], [ -111.379983926807, 40.606496327959199 ], [ -111.380187097437002, 40.606471785997101 ], [ -111.380343544859002, 40.606483162582201 ], [ -111.380484339533993, 40.606506572257103 ], [ -111.380719036239, 40.6065176905417 ], [ -111.380922477739006, 40.606540893169502 ], [ -111.381063137140004, 40.606540429196599 ], [ -111.381250840603997, 40.606539809779299 ], [ -111.381344624231005, 40.606527518443201 ], [ -111.381407559270002, 40.606598840714199 ], [ -111.381423771811995, 40.606706082287097 ], [ -111.381455772837995, 40.606825163363297 ], [ -111.381456518090999, 40.606956239305902 ], [ -111.381441796396004, 40.607111239710697 ], [ -111.381489061257, 40.607170631941699 ], [ -111.381551929428994, 40.607230062697802 ], [ -111.381614661919997, 40.6072656204826 ], [ -111.381661655938998, 40.607277356855199 ], [ -111.381708582317998, 40.607277201784001 ], [ -111.381755644538003, 40.607300919629303 ], [ -111.381833844072005, 40.607312552787803 ], [ -111.381911958245993, 40.607288421143103 ], [ -111.381990293718005, 40.607323927130601 ], [ -111.382084621624003, 40.607407036841899 ], [ -111.382179018016998, 40.607502127983999 ], [ -111.382257150103001, 40.607501869430699 ], [ -111.382209408571995, 40.607358967296697 ], [ -111.382302446758999, 40.607215689345303 ], [ -111.382426621606001, 40.607060326490704 ], [ -111.382551118009005, 40.606940727468398 ], [ -111.382644376306999, 40.606856996836498 ], [ -111.382690690382006, 40.606749548290097 ], [ -111.382784066442994, 40.606665817153001 ], [ -111.382940038589993, 40.606593770073601 ], [ -111.383064483422999, 40.606486152399199 ], [ -111.383142256130995, 40.606402472717001 ], [ -111.383329636623998, 40.606366085955997 ], [ -111.383548408094995, 40.606341486305602 ], [ -111.383751100278005, 40.606233608027701 ], [ -111.383860212824999, 40.606173607031103 ], [ -111.384015773775999, 40.606030119873097 ], [ -111.384187072645005, 40.605910363457298 ], [ -111.384295911313998, 40.605802706267298 ], [ -111.384388738, 40.605623662267398 ], [ -111.384481837284994, 40.605492273974001 ], [ -111.384575345681, 40.605432324237498 ], [ -111.384778393668, 40.605407864697099 ], [ -111.384841175619997, 40.605431438836298 ], [ -111.384919510450004, 40.605466942851301 ], [ -111.384966982931005, 40.6055621881112 ], [ -111.384967735009994, 40.605693264028702 ], [ -111.385030809577998, 40.605788367168003 ], [ -111.385140399627005, 40.605811875186198 ], [ -111.385172132701001, 40.605883209359703 ], [ -111.385172680387996, 40.6059786109995 ], [ -111.385157556856001, 40.606062083158001 ], [ -111.385079837012995, 40.606133872372602 ], [ -111.385048855649998, 40.606193523995202 ], [ -111.385033937165005, 40.606312760487697 ], [ -111.385112751964996, 40.606431684485997 ], [ -111.385128901605995, 40.6065269440073 ], [ -111.385129585765995, 40.606646128479198 ], [ -111.385114530295994, 40.6067414920443 ], [ -111.385036946631004, 40.606837154153503 ], [ -111.385006238387007, 40.6069444615284 ], [ -111.385006785859005, 40.607039863152401 ], [ -111.385069793512002, 40.607123074821999 ], [ -111.385148248646004, 40.6071585782678 ], [ -111.385382350944994, 40.607086267343199 ], [ -111.385538115729005, 40.606978452422702 ], [ -111.385678209028995, 40.606858797972698 ], [ -111.385786773308993, 40.606703573719003 ], [ -111.385942262417004, 40.606548102486002 ], [ -111.386035770963005, 40.606488151577402 ], [ -111.386145088220005, 40.606464002865899 ], [ -111.386270007402004, 40.606439711786997 ], [ -111.386458259994996, 40.6065344855256 ], [ -111.386521199935999, 40.606605714898798 ], [ -111.386568400919998, 40.606653303705002 ], [ -111.386584827278, 40.606796218771102 ], [ -111.386585376472993, 40.606891530293403 ], [ -111.386601322749996, 40.606951115336003 ], [ -111.386633470131997, 40.607093977766397 ], [ -111.386618485751001, 40.607201323015197 ], [ -111.386634500663007, 40.607272799467303 ], [ -111.386713300029001, 40.607367849018502 ], [ -111.386776035363994, 40.607403403986098 ], [ -111.386901299981005, 40.607438749480103 ], [ -111.387026407497004, 40.607426348601201 ], [ -111.387197842280003, 40.607330460677701 ], [ -111.387290938386997, 40.607199070173301 ], [ -111.387415376798003, 40.607091357762599 ], [ -111.387477148667003, 40.606960072166103 ], [ -111.387523455576002, 40.606852711805402 ], [ -111.387585295712995, 40.606733317565102 ], [ -111.387694268179999, 40.6066495301286 ], [ -111.387803446578999, 40.606601416841698 ], [ -111.387912832124996, 40.606589157877004 ], [ -111.388006683851003, 40.606588842640598 ], [ -111.388101018130001, 40.606671947419599 ], [ -111.388101363112, 40.606731584676702 ], [ -111.388086262434996, 40.606838840422199 ], [ -111.388118413441006, 40.606981792514297 ], [ -111.388119309819999, 40.607136741269002 ], [ -111.388120068099994, 40.6072678171018 ], [ -111.388120826383997, 40.607398892931599 ], [ -111.388074658153997, 40.607530126435897 ], [ -111.388059607204994, 40.607625580438402 ], [ -111.388044417611994, 40.607697071435098 ], [ -111.388029504141002, 40.607816308260603 ], [ -111.388155184024995, 40.607923181044697 ], [ -111.388264847458004, 40.607958577482798 ], [ -111.388390093883999, 40.607970048038901 ], [ -111.388562218375995, 40.607993342498602 ], [ -111.388640419862995, 40.608004971038199 ], [ -111.388749876442006, 40.608004602687302 ], [ -111.388905845221004, 40.607932547583502 ], [ -111.388983819638995, 40.607884628340699 ], [ -111.389061329892996, 40.607777072204698 ], [ -111.389201418531997, 40.6076574135191 ], [ -111.389310736528003, 40.607633261812801 ], [ -111.389419777303999, 40.607561364177798 ], [ -111.389497563681999, 40.607501553573996 ], [ -111.389622670812003, 40.607489149884699 ], [ -111.389810258539001, 40.607488516944301 ], [ -111.389888716585006, 40.607524017154297 ], [ -111.390045653517006, 40.607618890722698 ], [ -111.390077205322001, 40.607678332485499 ], [ -111.390140338050003, 40.6077615409488 ], [ -111.390234558415997, 40.6078446443479 ], [ -111.390266437270995, 40.6079399400627 ], [ -111.390267060892995, 40.608047142935398 ], [ -111.390330353273995, 40.608178007415603 ], [ -111.390393556513004, 40.608273197226502 ], [ -111.390440899303002, 40.608344477152201 ], [ -111.390519448665998, 40.608415741638197 ], [ -111.390644786360994, 40.6084629744579 ], [ -111.390722829923007, 40.608427035544402 ], [ -111.390753549991004, 40.608343509935601 ], [ -111.390815642467999, 40.608247896436701 ], [ -111.390924682613004, 40.608175997391399 ], [ -111.391033723049006, 40.608104188329797 ], [ -111.391095975040997, 40.608056320891599 ], [ -111.391252219319, 40.608031918356602 ], [ -111.391408046692007, 40.607936077067002 ], [ -111.391579545865, 40.607852074080903 ], [ -111.391641657869997, 40.607780333443799 ], [ -111.391782020186, 40.607708327374603 ], [ -111.391906800661005, 40.607660247384302 ], [ -111.392031420687005, 40.6075645111342 ], [ -111.392124737456996, 40.607492664316901 ], [ -111.392218381313995, 40.607456581337601 ], [ -111.392312512876003, 40.607503918320504 ], [ -111.392375181733996, 40.607527578822598 ], [ -111.392515751971999, 40.607491336178398 ], [ -111.392656203854003, 40.607455093765303 ], [ -111.392828306873994, 40.607454508563301 ], [ -111.392890836060005, 40.607454295881702 ], [ -111.392953365246001, 40.607454083166303 ], [ -111.393125419735, 40.607465389331999 ], [ -111.393188765632004, 40.607584360425498 ], [ -111.39336075077, 40.6075837748309 ], [ -111.393501202379994, 40.6075475313922 ], [ -111.393594915855999, 40.607523428794103 ], [ -111.393672816120002, 40.607463524906301 ], [ -111.393782062360998, 40.607427477568798 ], [ -111.393938653820001, 40.607462618530398 ], [ -111.394001183005003, 40.607462405247702 ], [ -111.394001253370007, 40.607474386741004 ], [ -111.394157495204993, 40.6074499802845 ], [ -111.394203791734995, 40.607342617302699 ], [ -111.394265549988006, 40.607211238055697 ], [ -111.394374444931998, 40.607115552951498 ], [ -111.394483549856005, 40.607055632052202 ], [ -111.394686716669995, 40.607031064603802 ], [ -111.394889953855994, 40.6070184782916 ], [ -111.395108653007995, 40.606981965350997 ], [ -111.395295888343, 40.6069217763906 ], [ -111.395405272454994, 40.6069094202484 ], [ -111.395592695635997, 40.606861121809601 ], [ -111.395718315031004, 40.606956004841997 ], [ -111.395828332665999, 40.6070510312924 ], [ -111.395953648803996, 40.607074385055398 ], [ -111.396141024586996, 40.607038067624302 ], [ -111.396360074897999, 40.607061099426097 ], [ -111.396406789728005, 40.607025174084797 ], [ -111.396469155069994, 40.606977303358498 ], [ -111.396547075024003, 40.606941270842398 ], [ -111.396672532349001, 40.606988496720199 ], [ -111.396844727434001, 40.607023670243002 ], [ -111.397001038054995, 40.607011241437803 ], [ -111.397313681758007, 40.607010166406397 ], [ -111.397579777217004, 40.607033124143904 ], [ -111.397829962757996, 40.607044154335 ], [ -111.398002276781995, 40.607079325721102 ], [ -111.398111802290998, 40.607090839907201 ], [ -111.398268325127006, 40.607114173678603 ], [ -111.398503120845007, 40.607161020498602 ], [ -111.398644253277993, 40.607220081792299 ], [ -111.398675742362997, 40.607267719861099 ], [ -111.398629594902005, 40.607398957489998 ], [ -111.398598955731003, 40.607494376559401 ], [ -111.398552595503006, 40.607589849867502 ], [ -111.398474817679997, 40.607649756617597 ], [ -111.398381389332997, 40.607721608940203 ], [ -111.398319567559, 40.6078410088544 ], [ -111.398257462133003, 40.607912662962299 ], [ -111.398132709265994, 40.607984623085898 ], [ -111.398055142277002, 40.6080802037525 ], [ -111.397993036881999, 40.608151947803997 ], [ -111.397930789753005, 40.6081998189361 ], [ -111.397884145456999, 40.608247636286201 ], [ -111.397884711266002, 40.608343037741903 ], [ -111.397838278926002, 40.608426619357402 ], [ -111.397760380758001, 40.608486435945998 ], [ -111.397541890122994, 40.608558718199497 ], [ -111.397417182512996, 40.608618695658699 ], [ -111.397260868765002, 40.608631215127197 ], [ -111.397089445175993, 40.608727117913702 ], [ -111.396995872572006, 40.608775096230197 ], [ -111.396949227209006, 40.608822913202999 ], [ -111.396855865939003, 40.608906655692103 ], [ -111.396809220384995, 40.608954472608197 ], [ -111.396746972198997, 40.609002433189502 ], [ -111.396731862428993, 40.609085906755602 ], [ -111.396732355759994, 40.609169326725002 ], [ -111.396685780252, 40.609229034989603 ], [ -111.396685991731999, 40.609264799274001 ], [ -111.396639275501997, 40.609300724721002 ], [ -111.396514636521005, 40.609372682693902 ], [ -111.396436454454999, 40.609384842706802 ], [ -111.396327347519005, 40.609444765436301 ], [ -111.396358883437003, 40.60948042223 ], [ -111.396406163673007, 40.609539898349198 ], [ -111.396500301098001, 40.609587231874499 ], [ -111.396609760155997, 40.609586856063103 ], [ -111.396735033954997, 40.609622190835303 ], [ -111.396875817758996, 40.609621707169801 ], [ -111.397000880109999, 40.609621277371602 ], [ -111.397067156564006, 40.609614743373697 ], [ -111.393399247702007, 40.613342260020701 ], [ -111.392795004437005, 40.6139402495048 ], [ -111.387579684897005, 40.619101357798897 ], [ -111.371145446819995, 40.618855255287698 ], [ -111.360148097706755, 40.6156218474745 ], [ -111.361408280956354, 40.603922160397268 ], [ -111.361454814835, 40.603945580525803 ] ] ] } },
{ "type": "Feature", "properties": { "FID": 400, "SEASON": "winter", "VALUE": "crucial", "SPECIES": "mule deer", "COMMENTS": "<Null>" }, "geometry": { "type": "Polygon", "coordinates": [ [ [ -111.766844390711, 40.626880404684897 ], [ -111.767243149327001, 40.626286425051703 ], [ -111.770141266091002, 40.624650793432401 ], [ -111.771847647056006, 40.623687722146201 ], [ -111.776660475548994, 40.620926989451704 ], [ -111.780077859410994, 40.623896017376403 ], [ -111.784722636256006, 40.625896641699299 ], [ -111.788378305666001, 40.6322443104917 ], [ -111.791353790439999, 40.6338389453731 ], [ -111.794101887831005, 40.636700155184499 ], [ -111.795582134848004, 40.638905469772503 ], [ -111.799807155541998, 40.643639526782003 ], [ -111.802196531617, 40.648866172109699 ], [ -111.803804310912994, 40.653581289825901 ], [ -111.802871988804995, 40.656689452635597 ], [ -111.802140528815997, 40.6603869076176 ], [ -111.799543079938005, 40.662140346902497 ], [ -111.796192237270006, 40.665782089683098 ], [ -111.791558879041006, 40.667623240738401 ], [ -111.788771757104001, 40.669783846013999 ], [ -111.784216758626997, 40.670073331823801 ], [ -111.780142231249002, 40.669990218854998 ], [ -111.774282344419007, 40.674866667294999 ], [ -111.776910308094998, 40.6805247135744 ], [ -111.781494277361006, 40.686116859262597 ], [ -111.779702475342006, 40.686535172365801 ], [ -111.773882769226006, 40.682254161276198 ], [ -111.771520752390998, 40.679316044834103 ], [ -111.769262754143995, 40.676967970562302 ], [ -111.769507846954994, 40.672978489063603 ], [ -111.774901500835995, 40.669693182572701 ], [ -111.778752350348995, 40.667230258154703 ], [ -111.781163863678998, 40.666106266198199 ], [ -111.783383882232002, 40.665205045622699 ], [ -111.787927256154006, 40.663955622272098 ], [ -111.792926478281998, 40.6602659638923 ], [ -111.795395025134994, 40.655818084243698 ], [ -111.792431255704997, 40.651185944431298 ], [ -111.789750004756996, 40.645813351875297 ], [ -111.786806035512996, 40.642805635990001 ], [ -111.783684063153999, 40.641128370907403 ], [ -111.781122403108, 40.637600993381803 ], [ -111.781485164814001, 40.635456905368997 ], [ -111.776569401827999, 40.629508298141602 ], [ -111.764082422376006, 40.6309946963935 ], [ -111.766844390711, 40.626880404684897 ] ] ] } },
{ "type": "Feature", "properties": { "FID": 401, "SEASON": "winter/spring", "VALUE": "crucial", "SPECIES": "mule deer", "COMMENTS": "<Null>" }, "geometry": { "type": "Polygon", "coordinates": [ [ [ -111.762657154722007, 40.633515020782603 ], [ -111.764082422376006, 40.6309946963935 ], [ -111.776569401827999, 40.629508298141602 ], [ -111.781485164814001, 40.635456905368997 ], [ -111.781122403108, 40.637600993381803 ], [ -111.783684063153999, 40.641128370907403 ], [ -111.786806035512996, 40.642805635990001 ], [ -111.789750004756996, 40.645813351875297 ], [ -111.792431255704997, 40.651185944431298 ], [ -111.795395025134994, 40.655818084243698 ], [ -111.792926478281998, 40.6602659638923 ], [ -111.787927256154006, 40.663955622272098 ], [ -111.783383882232002, 40.665205045622699 ], [ -111.781163863678998, 40.666106266198199 ], [ -111.778752350348995, 40.667230258154703 ], [ -111.774901500835995, 40.669693182572701 ], [ -111.769507846954994, 40.672978489063603 ], [ -111.769262754143995, 40.676967970562302 ], [ -111.771520752390998, 40.679316044834103 ], [ -111.773882769226006, 40.682254161276198 ], [ -111.779702475342006, 40.686535172365801 ], [ -111.778289582618996, 40.686698662983801 ], [ -111.777330868274007, 40.686809621929001 ], [ -111.773528924773998, 40.685210456020698 ], [ -111.769825773047998, 40.683758246549999 ], [ -111.769233216565993, 40.682839083660497 ], [ -111.767952703933005, 40.681149124126598 ], [ -111.766484247446996, 40.679977312206098 ], [ -111.764527470933999, 40.678513323215803 ], [ -111.762411794765001, 40.676949453303898 ], [ -111.761992943040994, 40.676639799338403 ], [ -111.760846432931999, 40.675792351795302 ], [ -111.765122930553005, 40.671198337258097 ], [ -111.773812864253003, 40.667817319055203 ], [ -111.781058861779002, 40.663991568434597 ], [ -111.782477960245004, 40.659167021183002 ], [ -111.777741515692, 40.657442875821502 ], [ -111.774885715530004, 40.655510982343301 ], [ -111.772960083102006, 40.6542081748429 ], [ -111.777261270780997, 40.647384249877099 ], [ -111.776039199592006, 40.642324642288202 ], [ -111.773048376602006, 40.6393814790204 ], [ -111.770205186051001, 40.638076291414102 ], [ -111.764537502861003, 40.636899583439202 ], [ -111.762397479065996, 40.636249070909201 ], [ -111.762412783176003, 40.636087083758397 ], [ -111.762657154722007, 40.633515020782603 ] ] ] } },
{ "type": "Feature", "properties": { "FID": 404, "SEASON": "winter/spring", "VALUE": "crucial", "SPECIES": "mule deer", "COMMENTS": "<Null>" }, "geometry": { "type": "Polygon", "coordinates": [ [ [ -111.745717669993994, 40.697213729682801 ], [ -111.748387680505999, 40.695605352769398 ], [ -111.753445774861007, 40.6939244185536 ], [ -111.758663921601993, 40.693208383628402 ], [ -111.759036327239002, 40.693119813487897 ], [ -111.762354410198, 40.692330507183698 ], [ -111.763578178404998, 40.692039459289397 ], [ -111.769704876031994, 40.692453347550597 ], [ -111.773885403578007, 40.692425489249501 ], [ -111.777612823210006, 40.6919457785243 ], [ -111.780590912028003, 40.691243819776098 ], [ -111.785227399697007, 40.691894237449098 ], [ -111.788439033231001, 40.6983506942438 ], [ -111.789859469038007, 40.704819232791998 ], [ -111.789013064765996, 40.709030221505699 ], [ -111.782913907408002, 40.711117504343299 ], [ -111.776365949731002, 40.711251724748102 ], [ -111.77613675856, 40.710732300492303 ], [ -111.775576143332998, 40.7094622567733 ], [ -111.776002810492997, 40.709065534620898 ], [ -111.776090649745996, 40.7089838669581 ], [ -111.777792463945005, 40.707401588198202 ], [ -111.778613088015007, 40.700917717621799 ], [ -111.773660438755002, 40.698791567571803 ], [ -111.767260488879003, 40.700652754616101 ], [ -111.760817503922993, 40.6987632348592 ], [ -111.754703742877993, 40.699542160322302 ], [ -111.751259747321996, 40.700816548318102 ], [ -111.745717669993994, 40.697213729682801 ] ] ] } },
{ "type": "Feature", "properties": { "FID": 405, "SEASON": "spring/fall", "VALUE": "crucial", "SPECIES": "mule deer", "COMMENTS": "<Null>" }, "geometry": { "type": "Polygon", "coordinates": [ [ [ -111.622012875946993, 40.735211522820599 ], [ -111.621485853294004, 40.733327064915898 ], [ -111.621193142124, 40.733063968579899 ], [ -111.621047331887993, 40.7321312842124 ], [ -111.619708366976994, 40.731729671426898 ], [ -111.617123735386002, 40.7294066926504 ], [ -111.614207462844007, 40.726785253697898 ], [ -111.614156113668997, 40.726751294280099 ], [ -111.613323211536994, 40.726199982927497 ], [ -111.613629903358003, 40.724549690401197 ], [ -111.612264323244005, 40.720989627572202 ], [ -111.609239584630998, 40.7186949251616 ], [ -111.608329600014002, 40.716852960215199 ], [ -111.601522779131997, 40.710996998059002 ], [ -111.599521682244003, 40.709413513020301 ], [ -111.597133936307998, 40.705551459785497 ], [ -111.596914731642997, 40.705196932826503 ], [ -111.594793418267002, 40.703361112982101 ], [ -111.593746666845007, 40.702777787333403 ], [ -111.592395398486005, 40.702024761006498 ], [ -111.592647817051002, 40.700214171118198 ], [ -111.592745751901006, 40.699511445038098 ], [ -111.593952466839994, 40.698361235882899 ], [ -111.595592498667003, 40.695127963062802 ], [ -111.595673106565002, 40.694969085128399 ], [ -111.595855580259993, 40.6948853540312 ], [ -111.598702024969, 40.693580139258898 ], [ -111.602479031070999, 40.692425400881902 ], [ -111.604592639022002, 40.690923420360299 ], [ -111.601396959075998, 40.683346716373798 ], [ -111.601248717873005, 40.682995249820699 ], [ -111.601093286142998, 40.681500711274701 ], [ -111.601148649392997, 40.680286955908301 ], [ -111.601174688971, 40.680076918414002 ], [ -111.601165450172005, 40.679917873479503 ], [ -111.601381739684001, 40.675175123884301 ], [ -111.602154928163003, 40.672604072054199 ], [ -111.602930585731002, 40.670024623054701 ], [ -111.603180545102006, 40.669192987343102 ], [ -111.603085550119005, 40.668104153612603 ], [ -111.603270077150995, 40.667548434866902 ], [ -111.602995982554006, 40.667078982657102 ], [ -111.602885687468998, 40.665814378680601 ], [ -111.602869332412993, 40.665627263547499 ], [ -111.599987692267007, 40.660804605679999 ], [ -111.594009615670998, 40.653898812919202 ], [ -111.593625391060996, 40.653454947825601 ], [ -111.592383728154999, 40.651245992274397 ], [ -111.590590962055998, 40.648056360633298 ], [ -111.584389764809998, 40.644844769884401 ], [ -111.582878617621006, 40.644735293969298 ], [ -111.580307071435996, 40.643356487187702 ], [ -111.579395356307003, 40.640253053180103 ], [ -111.576516089742, 40.635889307306599 ], [ -111.575995233087994, 40.633570263400401 ], [ -111.575896623854007, 40.633131218547199 ], [ -111.574992471740003, 40.629104309053503 ], [ -111.571665188498997, 40.6268101719429 ], [ -111.568340749913006, 40.625898678048699 ], [ -111.567339907459996, 40.6250783066533 ], [ -111.567297521601006, 40.625043560879298 ], [ -111.567010203321004, 40.624861103081201 ], [ -111.562744496207003, 40.6215344009793 ], [ -111.562604100873997, 40.621330315731598 ], [ -111.560927457703002, 40.618894752580701 ], [ -111.560168292878004, 40.615903020201003 ], [ -111.558901870021003, 40.613697320611202 ], [ -111.558706101609005, 40.613356294532899 ], [ -111.558651882047997, 40.613261874529499 ], [ -111.55880148992, 40.611765693168003 ], [ -111.557740855204003, 40.610041133428801 ], [ -111.557330650577995, 40.608331444169004 ], [ -111.554249614618996, 40.608503833979903 ], [ -111.542791490648, 40.6091440014374 ], [ -111.536751174830997, 40.609037188296597 ], [ -111.530107030146993, 40.6083562693861 ], [ -111.521799200689998, 40.606524865478399 ], [ -111.503977850379002, 40.601599790263002 ], [ -111.499145383995, 40.599188485126398 ], [ -111.490688991791004, 40.596666214364298 ], [ -111.487517986604999, 40.597012877901598 ], [ -111.484349978387002, 40.600350369599703 ], [ -111.482087305535003, 40.6040354315586 ], [ -111.481787605490993, 40.608059024694498 ], [ -111.481839953542007, 40.608632667158403 ], [ -111.481454172363001, 40.608853189831898 ], [ -111.481754700110997, 40.612414827333097 ], [ -111.482271352162002, 40.613360216454303 ], [ -111.482396090170994, 40.614727410840601 ], [ -111.480887150027996, 40.6197875448565 ], [ -111.477720207805007, 40.6269220397431 ], [ -111.473432507810003, 40.633636456853203 ], [ -111.472997938532004, 40.634022281269402 ], [ -111.472921259104993, 40.634953380954101 ], [ -111.472286642556995, 40.636588095736599 ], [ -111.472137808810004, 40.642453405660703 ], [ -111.471533451316006, 40.644635902803699 ], [ -111.467689363497001, 40.6477441485711 ], [ -111.465597100254001, 40.648277002526797 ], [ -111.462428381844006, 40.647699572212296 ], [ -111.460994138882995, 40.648932658342702 ], [ -111.460657716830994, 40.649012917496897 ], [ -111.454614871193002, 40.651433101476599 ], [ -111.452197274046, 40.650974139386101 ], [ -111.451140680986001, 40.651433213699299 ], [ -111.449780510677996, 40.6554609222799 ], [ -111.449017486553004, 40.655964147012 ], [ -111.448084345151997, 40.6562017286873 ], [ -111.447071250383004, 40.657026801809799 ], [ -111.434517834700998, 40.659032591124102 ], [ -111.432704271616998, 40.660300624117802 ], [ -111.430588928733002, 40.6628309764478 ], [ -111.431249421497995, 40.665220238596099 ], [ -111.429206118899003, 40.667227788736803 ], [ -111.429356252356996, 40.667799284438701 ], [ -111.432974850362996, 40.6727450709799 ], [ -111.434635111012994, 40.6730901729971 ], [ -111.433274507321002, 40.675388003721601 ], [ -111.435536465213005, 40.678379302646299 ], [ -111.434780763065007, 40.6793010386357 ], [ -111.435203203471005, 40.6806832737823 ], [ -111.435834233738007, 40.682747398955001 ], [ -111.434776116264004, 40.6848143797856 ], [ -111.434824681243995, 40.684985181909902 ], [ -111.427259656691007, 40.683072141226802 ], [ -111.424387351668003, 40.681001815049598 ], [ -111.420004232682004, 40.679738606928801 ], [ -111.415318713625993, 40.678476229987197 ], [ -111.411237735507001, 40.678360211312302 ], [ -111.41054891988, 40.678801206582001 ], [ -111.414588704105995, 40.669283297757602 ], [ -111.415132292067995, 40.665571371512399 ], [ -111.416688716101007, 40.6623540628878 ], [ -111.419207412773005, 40.657146725246697 ], [ -111.41953270834, 40.6572963501497 ], [ -111.419720403487005, 40.657271794900502 ], [ -111.419876752191996, 40.6572474434195 ], [ -111.420001603648004, 40.6571992430463 ], [ -111.420079270073003, 40.657115539592603 ], [ -111.420203492195995, 40.6569482457422 ], [ -111.420249886576002, 40.656876637590898 ], [ -111.420327595410996, 40.656780952186899 ], [ -111.420420170574999, 40.656566117048598 ], [ -111.420435261023002, 40.656482641162498 ], [ -111.420481697902005, 40.656399051132396 ], [ -111.420575469099006, 40.656374836470597 ], [ -111.420684929564999, 40.656362546200903 ], [ -111.420747504174997, 40.6563623182141 ], [ -111.420825468141004, 40.656326269406598 ], [ -111.420981514109997, 40.656254171203003 ], [ -111.421090899535997, 40.656229989283503 ], [ -111.421247095146001, 40.656181763339802 ], [ -111.421324877125997, 40.656098058615598 ], [ -111.421324276974005, 40.656002658231102 ], [ -111.421292181557007, 40.6558836797659 ], [ -111.421291806423, 40.655824043262598 ], [ -111.421448451041996, 40.655847344818099 ], [ -111.421511025163994, 40.6558471164198 ], [ -111.421589856636999, 40.655930249583101 ], [ -111.421762265354999, 40.655977276234402 ], [ -111.421871799848006, 40.655976876108497 ], [ -111.422028444451996, 40.656000086788403 ], [ -111.422153443064005, 40.655975846798199 ], [ -111.422199952407993, 40.6559041473473 ], [ -111.422199802484997, 40.655880364817101 ], [ -111.422246311712996, 40.655808665346903 ], [ -111.422308509754004, 40.655748800020199 ], [ -111.422323297171999, 40.6556176687413 ], [ -111.422228744102, 40.6554988288554 ], [ -111.422211960194005, 40.655332048313703 ], [ -111.422148860766995, 40.655248858054001 ], [ -111.422148560397005, 40.655201202902703 ], [ -111.422179562574996, 40.655165324850799 ], [ -111.422210608043997, 40.6551175550915 ], [ -111.422288537539004, 40.655057632248301 ], [ -111.422335422160998, 40.655045569239398 ], [ -111.422444955122003, 40.655045168577402 ], [ -111.422570026824999, 40.655032819408198 ], [ -111.422663344528004, 40.654937165375301 ], [ -111.422631171090003, 40.654806115832301 ], [ -111.422567770982994, 40.6546752706411 ], [ -111.422567319706005, 40.654603742867998 ], [ -111.422566417723999, 40.654460777404303 ], [ -111.422565740817006, 40.654353485740202 ], [ -111.422564913868996, 40.654222411538299 ], [ -111.422595614695993, 40.654138878214503 ], [ -111.422642272944998, 40.6540910511929 ], [ -111.422720201434004, 40.654031218141 ], [ -111.422813549384003, 40.653959346947502 ], [ -111.422938661618005, 40.653935015600602 ], [ -111.423048042540998, 40.653910831839802 ], [ -111.423188918926996, 40.6539103156408 ], [ -111.423220070227998, 40.653898219842603 ], [ -111.423297997974998, 40.653838386402498 ], [ -111.423327793566003, 40.653611797327599 ], [ -111.423280081802005, 40.653492786530101 ], [ -111.423263866105998, 40.653397533442899 ], [ -111.423215853502001, 40.653230867452102 ], [ -111.423152227835004, 40.6530642586509 ], [ -111.423072795828006, 40.6528858161765 ], [ -111.422930717420002, 40.652695621470798 ], [ -111.422898964300998, 40.652612316769599 ], [ -111.422897910954006, 40.652445478635002 ], [ -111.422959804395006, 40.652337957770797 ], [ -111.423053225415003, 40.652278067732198 ], [ -111.423209410397007, 40.652229839154003 ], [ -111.42338102475, 40.6521338074336 ], [ -111.423474939846002, 40.652133463061602 ], [ -111.423553123570997, 40.6521331763158 ], [ -111.423662727532999, 40.652144755878297 ], [ -111.423787416283005, 40.652072768888999 ], [ -111.423724318012006, 40.651989579437803 ], [ -111.423660767498006, 40.651834862152597 ], [ -111.423581034275003, 40.651608764817098 ], [ -111.423533592172006, 40.651513536188403 ], [ -111.423501419306007, 40.651382576895898 ], [ -111.423500439684005, 40.651227630011398 ], [ -111.423593599834007, 40.651108102565601 ], [ -111.423671405741004, 40.651048269296297 ], [ -111.423905845061, 40.651011644182802 ], [ -111.423968457661999, 40.650999522768601 ], [ -111.424109436063006, 40.651034769813499 ], [ -111.424218962441003, 40.651034367501303 ], [ -111.424281650322996, 40.651034137189498 ], [ -111.424312347579004, 40.650950603381197 ], [ -111.424342634026004, 40.650783559967401 ], [ -111.424341728377996, 40.650640594441697 ], [ -111.424309629689006, 40.650521526633199 ], [ -111.424309327832006, 40.650473871456001 ], [ -111.424434465988995, 40.6504734115749 ], [ -111.424669021146997, 40.650436784485699 ], [ -111.424872156980996, 40.650388380976302 ], [ -111.424950263219998, 40.6503762020225 ], [ -111.424997143511007, 40.650364047856399 ], [ -111.424933743072998, 40.650233203865703 ], [ -111.424870073194995, 40.650078487639803 ], [ -111.424868259126995, 40.649792466483902 ], [ -111.424883158593005, 40.649661334338397 ], [ -111.424976120398, 40.649529914929303 ], [ -111.425069351024007, 40.649422277556802 ], [ -111.425131541219997, 40.649362500770998 ], [ -111.425240913308997, 40.649338224869801 ], [ -111.425319061034003, 40.649314153961299 ], [ -111.425397241449005, 40.649313865983302 ], [ -111.425507067691996, 40.649361117642997 ], [ -111.425616591313002, 40.649360714018897 ], [ -111.425710502493999, 40.649360367847997 ], [ -111.425804413673006, 40.649360021600799 ], [ -111.425929549726007, 40.6493595601099 ], [ -111.425944750032002, 40.649276083005901 ], [ -111.425881912039998, 40.649252441580799 ], [ -111.425865845486996, 40.649181061434398 ], [ -111.425849551050007, 40.6490738272934 ], [ -111.425848945176, 40.648978516933603 ], [ -111.425848035797998, 40.648835461305602 ], [ -111.425878805709004, 40.648763818337997 ], [ -111.425956725131002, 40.648703983092297 ], [ -111.426050441487007, 40.648691745811803 ], [ -111.426097396605996, 40.648691572561802 ], [ -111.426128360099, 40.648631820365203 ], [ -111.426095804859003, 40.6484413152915 ], [ -111.426079585874007, 40.648345972444801 ], [ -111.426141546677002, 40.648250431203699 ], [ -111.426235001204006, 40.648178556794697 ], [ -111.426344219601006, 40.648130497305701 ], [ -111.426469201950994, 40.648106252692202 ], [ -111.426547347221003, 40.648082090871299 ], [ -111.426657020774002, 40.648105558904902 ], [ -111.426751461571996, 40.6481886309858 ], [ -111.42687689908, 40.648235823659803 ], [ -111.427033679407003, 40.648282900295598 ], [ -111.427206072147996, 40.648329918960798 ], [ -111.427394423772995, 40.648412643050797 ], [ -111.427504249924993, 40.648459892818799 ], [ -111.427566817097002, 40.648459661173497 ], [ -111.427566893565995, 40.648471642531 ], [ -111.427676415703999, 40.648471236960503 ], [ -111.427675883156994, 40.648387817885499 ], [ -111.427581516833001, 40.648316637843202 ], [ -111.427455926359997, 40.648245573307697 ], [ -111.42739305536, 40.648198149714901 ], [ -111.427329305938002, 40.648031543536 ], [ -111.427281101526006, 40.647817223493803 ], [ -111.427280417226001, 40.647709931771402 ], [ -111.427263015012997, 40.6474478414248 ], [ -111.427199384915994, 40.647281234709702 ], [ -111.427246034552994, 40.647233315726197 ], [ -111.427402508759002, 40.647232736694598 ], [ -111.427512105329996, 40.647244312650201 ], [ -111.427669263892, 40.6473509348981 ], [ -111.427747822762001, 40.647410281881598 ], [ -111.427873453719002, 40.647469364318901 ], [ -111.428187164952007, 40.647587387324897 ], [ -111.428328138332006, 40.6476226292652 ], [ -111.428500572475997, 40.647657754296098 ], [ -111.428719537964, 40.647645050021502 ], [ -111.428813022821998, 40.647596956519997 ], [ -111.428859748791993, 40.647561108334699 ], [ -111.428796800764999, 40.647501704144901 ], [ -111.428639716147998, 40.647406974717903 ], [ -111.428607458702004, 40.647264035436898 ], [ -111.428590398493995, 40.647037708762603 ], [ -111.428541233527, 40.646692225308499 ], [ -111.428477600991002, 40.646525619288298 ], [ -111.428445344907004, 40.646382770021702 ], [ -111.428397858013994, 40.646299525120902 ], [ -111.428349913923995, 40.646144752374298 ], [ -111.428411759049993, 40.6460134455535 ], [ -111.428442524942994, 40.645941801888199 ], [ -111.428598615178004, 40.645881674786096 ], [ -111.428645339498999, 40.645845736597003 ], [ -111.428785698881995, 40.645785577544302 ], [ -111.428910717525, 40.645749348504701 ], [ -111.429097877144997, 40.645665232120201 ], [ -111.429222513911995, 40.645569456281201 ], [ -111.429362643578003, 40.6454736227032 ], [ -111.429471973583006, 40.645425559827402 ], [ -111.429549614595999, 40.645341849961902 ], [ -111.429690014111998, 40.645269798098902 ], [ -111.429799301559996, 40.645233626629803 ], [ -111.429955541536998, 40.645197280251203 ], [ -111.430236986419999, 40.645172448902898 ], [ -111.430346655883994, 40.645195823376298 ], [ -111.430471861065001, 40.645207338362098 ], [ -111.430612871866003, 40.645230595746597 ], [ -111.430706853640004, 40.645242136815597 ], [ -111.430879088118999, 40.645265367501501 ], [ -111.430988604967993, 40.645264958816099 ], [ -111.431144997979999, 40.645252483463203 ], [ -111.431207408483004, 40.645228377228797 ], [ -111.431269742398001, 40.6451923796877 ], [ -111.431253363804004, 40.645073255000803 ], [ -111.431190186438002, 40.644978178268197 ], [ -111.431064097084999, 40.6448475715897 ], [ -111.430922438088004, 40.644705041223098 ], [ -111.430733862701004, 40.644586558892797 ], [ -111.430560788291004, 40.644432343775499 ], [ -111.430262699007997, 40.644314268934899 ], [ -111.430043056079001, 40.644219684337799 ], [ -111.429886130617007, 40.644148829162503 ], [ -111.429823261199999, 40.644101316762999 ], [ -111.429760239906997, 40.644030111858299 ], [ -111.429744357337, 40.644006297753499 ], [ -111.429775316017, 40.643946634643399 ], [ -111.429884677561006, 40.643922354374403 ], [ -111.430072366304998, 40.6439216555314 ], [ -111.430182075581996, 40.643933138458898 ], [ -111.430385834964994, 40.644003908784697 ], [ -111.430589713044, 40.6440746783069 ], [ -111.430652428955995, 40.644098227563198 ], [ -111.430793438059993, 40.644121574828603 ], [ -111.430903029514994, 40.644133057509698 ], [ -111.430965669684994, 40.644144805404402 ], [ -111.431028273989, 40.644132590101499 ], [ -111.431043425618995, 40.644061094091697 ], [ -111.430980785515004, 40.644049346238603 ], [ -111.430823858894001, 40.643978402253097 ], [ -111.430745183682006, 40.643919147846901 ], [ -111.430666473431003, 40.643836020305699 ], [ -111.430477518383, 40.643657991052102 ], [ -111.430241960233005, 40.643515809808598 ], [ -111.430100417698995, 40.6434091328248 ], [ -111.429896083241005, 40.643266834571797 ], [ -111.429739236439005, 40.643207870452599 ], [ -111.429675756823002, 40.643065047550301 ], [ -111.429596242749994, 40.6428746279161 ], [ -111.429564486119006, 40.642791324924303 ], [ -111.429547993493003, 40.6426722904529 ], [ -111.429578798115998, 40.642588664650802 ], [ -111.429640748658997, 40.642493121489103 ], [ -111.429718351838005, 40.642385628483197 ], [ -111.429795912201001, 40.642289937060603 ], [ -111.429904888997001, 40.6422061102867 ], [ -111.429951457464995, 40.642146388999798 ], [ -111.430044746209006, 40.642050638846897 ], [ -111.430216742632993, 40.642038106646801 ], [ -111.430389045081995, 40.642073229400303 ], [ -111.430498709516002, 40.6420966037672 ], [ -111.430655325090001, 40.642119893035002 ], [ -111.430702505455997, 40.642155481862197 ], [ -111.430733232544, 40.6420600545582 ], [ -111.430779298513002, 40.641940696807701 ], [ -111.430872432857996, 40.641821163428602 ], [ -111.430918999615997, 40.641761351667903 ], [ -111.430965566870995, 40.641701629973703 ], [ -111.431074541244001, 40.641617802099702 ], [ -111.431105727163995, 40.641593812462503 ], [ -111.431324825974002, 40.641604975984201 ], [ -111.431402997332995, 40.641604683985598 ], [ -111.431417993736005, 40.641509225168399 ], [ -111.431417533802005, 40.641437787399603 ], [ -111.431463946674, 40.641354192857598 ], [ -111.431573686880995, 40.6413894574913 ], [ -111.431636289081993, 40.641377331952 ], [ -111.431714076535002, 40.641317493256601 ], [ -111.431745031654998, 40.641257739520498 ], [ -111.431838506028996, 40.6412097336583 ], [ -111.431900913107995, 40.6411857171381 ], [ -111.432103707734996, 40.641089555706799 ], [ -111.432213336001993, 40.6410891454519 ], [ -111.432385329525999, 40.641076610034403 ], [ -111.432510296497, 40.641052358931098 ], [ -111.432619729083996, 40.6410399673684 ], [ -111.432697941246005, 40.641027782774003 ], [ -111.432713013051, 40.640944305154299 ], [ -111.432712397589, 40.640848994745703 ], [ -111.432758654268, 40.640741527039701 ], [ -111.432851972986001, 40.640669647714802 ], [ -111.433008123812002, 40.640621405960196 ], [ -111.433133284825004, 40.640609045022501 ], [ -111.433305276351007, 40.640596418155603 ], [ -111.433398790029997, 40.640536519312299 ], [ -111.433413783361999, 40.640441060233996 ], [ -111.433397325870004, 40.640310134572303 ], [ -111.433349914111005, 40.640238782909798 ], [ -111.433349220278004, 40.640131491131797 ], [ -111.433442691926999, 40.640083483975602 ], [ -111.433661672962003, 40.640058878720303 ], [ -111.433849273221, 40.640046192428599 ], [ -111.434146500501996, 40.640033183836501 ], [ -111.434365517, 40.640032360251197 ], [ -111.434506363997997, 40.640031830393397 ], [ -111.434819433377001, 40.640054525255501 ], [ -111.435006724035006, 40.639994181886898 ], [ -111.435100312553004, 40.6399461729495 ], [ -111.435240731579, 40.639897987445799 ], [ -111.435460020407007, 40.639920943896499 ], [ -111.435647387996994, 40.639872580855197 ], [ -111.435834873573995, 40.639824217064501 ], [ -111.436084876994997, 40.639787508474598 ], [ -111.436350531143006, 40.639738848639197 ], [ -111.436569354412995, 40.639690365241997 ], [ -111.436646746902994, 40.639570886687302 ], [ -111.436692996394001, 40.639463417418497 ], [ -111.436645426783002, 40.639368284560298 ], [ -111.436457322319995, 40.639321339274602 ], [ -111.436222542731002, 40.639298353141399 ], [ -111.435878448604001, 40.639323525635803 ], [ -111.435612795747005, 40.639372184381997 ], [ -111.435472455364007, 40.639432261613798 ], [ -111.43528466107, 40.6394329696151 ], [ -111.435081024468005, 40.639397972200697 ], [ -111.434877506917999, 40.639363064066103 ], [ -111.434657755584993, 40.639268488560703 ], [ -111.434438355561994, 40.639209766199997 ], [ -111.434297628547995, 40.639210295521202 ], [ -111.434125136185997, 40.639163287718503 ], [ -111.433874166511998, 40.639068828068901 ], [ -111.433779539675996, 40.6389381060036 ], [ -111.433731974569994, 40.638842971913498 ], [ -111.433668758343998, 40.638759788149002 ], [ -111.433527569538995, 40.638688788659103 ], [ -111.433183708051999, 40.638749626965598 ], [ -111.433058823042998, 40.638785860153199 ], [ -111.432793247587995, 40.638846493786502 ], [ -111.432558778453995, 40.638871155409298 ], [ -111.432308658191005, 40.638907856806497 ], [ -111.432136091299, 40.638848954734499 ], [ -111.431979677791006, 40.6388375582682 ], [ -111.431916540958994, 40.638766354904099 ], [ -111.431853291470006, 40.638659297033797 ], [ -111.431727638091004, 40.638576345670202 ], [ -111.431461448020002, 40.638541575698099 ], [ -111.431289266028003, 40.638542218867698 ], [ -111.430992776541004, 40.638650620190603 ], [ -111.430821018876998, 40.638698917456203 ], [ -111.430664947336993, 40.638759047542003 ], [ -111.430539942668005, 40.6387952784536 ], [ -111.430305626131997, 40.638843808166001 ], [ -111.430101535358006, 40.638737364131103 ], [ -111.429834962946998, 40.638642953795497 ], [ -111.429647170725005, 40.638643652618299 ], [ -111.429491328031006, 40.638739635161699 ], [ -111.429382050396995, 40.638775716241703 ], [ -111.429085022631, 40.638800693485997 ], [ -111.428803333605003, 40.638801739779602 ], [ -111.428615735224994, 40.638814327778597 ], [ -111.428397408414, 40.638922432311801 ], [ -111.428319773322997, 40.639006141465302 ], [ -111.428179765850999, 40.639137738219802 ], [ -111.428008461716999, 40.639257559228199 ], [ -111.427742727346995, 40.639294308607397 ], [ -111.427507756569995, 40.639259413887601 ], [ -111.427288742399995, 40.639260224454397 ], [ -111.427179159510999, 40.639248738290298 ], [ -111.427053924103006, 40.6392492014784 ], [ -111.426897392206996, 40.639237798566803 ], [ -111.426772199343006, 40.6392263697198 ], [ -111.426662540885005, 40.639202991772102 ], [ -111.426458985026002, 40.6391798704189 ], [ -111.426224285390006, 40.639168845316902 ], [ -111.425973856935997, 40.639157787669099 ], [ -111.425723504673996, 40.6391587108576 ], [ -111.425442234819997, 40.639207403787502 ], [ -111.425364401956003, 40.639279220111497 ], [ -111.425317874141001, 40.639327047858799 ], [ -111.425239965548002, 40.639386972804402 ], [ -111.425177633166996, 40.639422877030398 ], [ -111.425099422035004, 40.639435146617899 ], [ -111.425005567027995, 40.639423510407099 ], [ -111.424879953719, 40.639364424679002 ], [ -111.424769842293998, 40.639269516989501 ], [ -111.424659655257003, 40.639162627810499 ], [ -111.424455571818996, 40.639056083677502 ], [ -111.424330153233996, 40.639008888203698 ], [ -111.424204390179, 40.638925929050203 ], [ -111.424093827777, 40.638759492745002 ], [ -111.423999295626999, 40.638640653858403 ], [ -111.423904796562994, 40.638545688006602 ], [ -111.423872629417005, 40.638414728495697 ], [ -111.423872026012006, 40.638319327849501 ], [ -111.423918370978001, 40.638223844959597 ], [ -111.424011965055996, 40.638175844966398 ], [ -111.424074221096006, 40.638127959979897 ], [ -111.424136174873993, 40.638032329593102 ], [ -111.424135496415005, 40.637925127730099 ], [ -111.424134892647004, 40.637829727079001 ], [ -111.424212381098997, 40.6377222381035 ], [ -111.424321475800994, 40.637638416100003 ], [ -111.424445986354002, 40.637542645758202 ], [ -111.424524001823997, 40.637518485755102 ], [ -111.424633279497996, 40.637482319175902 ], [ -111.424711942306999, 40.6375416679628 ], [ -111.424774801357998, 40.637589093162497 ], [ -111.424931479860007, 40.637624281572798 ], [ -111.425056669431001, 40.637635712435099 ], [ -111.425198192286999, 40.637742485894996 ], [ -111.425370254105005, 40.637741852252802 ], [ -111.425526706187, 40.637741275873204 ], [ -111.425714192689, 40.637692838403503 ], [ -111.425808011962999, 40.6376806009376 ], [ -111.425964463892996, 40.6376800239657 ], [ -111.426183775989998, 40.637726871207597 ], [ -111.426387360397996, 40.637773776103103 ], [ -111.426528354734003, 40.637797128676702 ], [ -111.426575377906005, 40.637808846566102 ], [ -111.426669424872998, 40.637832372372898 ], [ -111.426794918604003, 40.637891456613801 ], [ -111.426889041508005, 40.637926873535399 ], [ -111.426983316611995, 40.637986163054599 ], [ -111.427061787474997, 40.638033529279397 ], [ -111.427187020611996, 40.638033066094202 ], [ -111.427327821109003, 40.638044436744202 ], [ -111.427530917492007, 40.6379960286528 ], [ -111.427639966081998, 40.637924095268701 ], [ -111.427811419885998, 40.637828147466102 ], [ -111.427873791126999, 40.637780260005698 ], [ -111.427967263472993, 40.637732257258598 ], [ -111.428029025206996, 40.637588969107398 ], [ -111.428122345247004, 40.637517183647397 ], [ -111.428294219549002, 40.637468799867101 ], [ -111.428466051946003, 40.637432397649597 ], [ -111.428575632648005, 40.6374439726956 ], [ -111.428653646490005, 40.637419809910298 ], [ -111.428825749569, 40.637407279391802 ], [ -111.428919449598993, 40.6373950398416 ], [ -111.429075747957, 40.637370585986801 ], [ -111.429154032655006, 40.637370295095998 ], [ -111.429295214082998, 40.637441299986797 ], [ -111.429389413845996, 40.637488606161803 ], [ -111.429499071, 40.637512071621998 ], [ -111.429702163593007, 40.637463569638101 ], [ -111.429748958317006, 40.637439612359898 ], [ -111.429952356814994, 40.637438855273999 ], [ -111.430061937193997, 40.637450338822802 ], [ -111.430265259372007, 40.637437689894803 ], [ -111.430468045655999, 40.637341621404701 ], [ -111.430670984185994, 40.637269335140701 ], [ -111.430748767191005, 40.637209406987402 ], [ -111.430857734580997, 40.637125579288501 ], [ -111.430951322113003, 40.637077573694903 ], [ -111.431044985992003, 40.637041459316201 ], [ -111.431169792362994, 40.6369933370162 ], [ -111.431278605830002, 40.6368857263409 ], [ -111.431387418366995, 40.636778025477298 ], [ -111.43144913079, 40.636646717332802 ], [ -111.431510919534006, 40.636527300444101 ], [ -111.431682210424, 40.636407474250902 ], [ -111.431791021539993, 40.636299773005298 ], [ -111.431868844627999, 40.636228042451002 ], [ -111.432040364659002, 40.636143979685201 ], [ -111.432180818966998, 40.636083816081403 ], [ -111.432258753214001, 40.6360477595791 ], [ -111.432367947546993, 40.6359996944146 ], [ -111.432429964815995, 40.635916040989301 ], [ -111.432460686656995, 40.635820613149697 ], [ -111.432616749163003, 40.635760390563902 ], [ -111.432741628791007, 40.635724157862903 ], [ -111.432897999206006, 40.635711680230699 ], [ -111.433163793309006, 40.635686810342499 ], [ -111.433367186395998, 40.635686047269203 ], [ -111.433507870450001, 40.6356617360969 ], [ -111.433633057733005, 40.635673157676997 ], [ -111.433867942022005, 40.6356961487147 ], [ -111.433961561127006, 40.635671923712501 ], [ -111.434008044473998, 40.635600309475301 ], [ -111.434164336734, 40.635575848756801 ], [ -111.434289796903997, 40.635611141842801 ], [ -111.434398947874001, 40.635574966498197 ], [ -111.434445857841993, 40.635551006879503 ], [ -111.434508258137996, 40.635526898873003 ], [ -111.434570504183995, 40.635479008257001 ], [ -111.434570040403003, 40.6354074803576 ], [ -111.434538549036006, 40.635383725611199 ], [ -111.434444503391006, 40.6353602962851 ], [ -111.434350575478007, 40.6353367763516 ], [ -111.434334307487006, 40.635253416310803 ], [ -111.434302394564995, 40.6351463319454 ], [ -111.434364408630003, 40.635062677485401 ], [ -111.43437939943, 40.634967218204601 ], [ -111.434379090579, 40.6349195629615 ], [ -111.434316536104006, 40.634919798233497 ], [ -111.434175545784001, 40.634896545225601 ], [ -111.434081464003995, 40.634849152401998 ], [ -111.434033746829996, 40.634730145690099 ], [ -111.433876684967998, 40.634635423062001 ], [ -111.433704127751994, 40.634576523240298 ], [ -111.433500429819006, 40.634529631638102 ], [ -111.433203268189004, 40.634530746719904 ], [ -111.432937247088006, 40.634519762631797 ], [ -111.432686912380007, 40.634520700828197 ], [ -111.432358414573002, 40.634521931138401 ], [ -111.432139339355004, 40.634510859532298 ], [ -111.431873088622993, 40.634464199109203 ], [ -111.431622293467996, 40.634393607058001 ], [ -111.431355966442993, 40.634334964056698 ], [ -111.431011129411999, 40.634240938734699 ], [ -111.430776216555003, 40.634194158815603 ], [ -111.430556912905004, 40.634147320224002 ], [ -111.430400316019004, 40.634124030695801 ], [ -111.43008719945, 40.634089432384002 ], [ -111.429899419991997, 40.634090131552703 ], [ -111.429633096225999, 40.634031574646897 ], [ -111.429366849093995, 40.633984908423201 ], [ -111.429179188161001, 40.633985605979703 ], [ -111.428725238515995, 40.633951527264102 ], [ -111.428568642702999, 40.633928235245897 ], [ -111.428239843146002, 40.633881798537097 ], [ -111.428130420814995, 40.633894095823898 ], [ -111.428067520588996, 40.6338585641547 ], [ -111.428004510304007, 40.633787268021699 ], [ -111.427941272389006, 40.633680297946697 ], [ -111.428003293082995, 40.633596646847899 ], [ -111.428096877775005, 40.633548643552899 ], [ -111.428206071069994, 40.633500582308301 ], [ -111.428409381074999, 40.633487846612397 ], [ -111.428534487448999, 40.6334873824472 ], [ -111.428706538268997, 40.633486743889002 ], [ -111.428847371616996, 40.633486221002201 ], [ -111.428988357750995, 40.633509570630899 ], [ -111.429286091376994, 40.633579993950597 ], [ -111.429411121149002, 40.633567547449204 ], [ -111.429567563405001, 40.633566965644199 ], [ -111.429754841364996, 40.633506720879097 ], [ -111.429973301538993, 40.633422486463303 ], [ -111.430113675735996, 40.633350434065299 ], [ -111.430332211288999, 40.633278090272398 ], [ -111.430488423734005, 40.633241833326203 ], [ -111.430660167113004, 40.633193446493898 ], [ -111.430800770526005, 40.633157247331802 ], [ -111.430988623808005, 40.6331684380091 ], [ -111.431363752563001, 40.633119381015099 ], [ -111.431598431761003, 40.6331303957869 ], [ -111.431848761311997, 40.633129459976203 ], [ -111.431958258316001, 40.633129050471403 ], [ -111.432083363960999, 40.633128582465098 ], [ -111.432271678649997, 40.633211299004799 ], [ -111.432350147600005, 40.6332586616847 ], [ -111.432413126224006, 40.633306082312203 ], [ -111.432538540297998, 40.633353359165099 ], [ -111.432679450056, 40.633364722902002 ], [ -111.432945465952002, 40.633375617524301 ], [ -111.433211405074005, 40.633374620238797 ], [ -111.433555352084994, 40.633349546345997 ], [ -111.433742666513993, 40.633277313309698 ], [ -111.433898567997005, 40.633193306413602 ], [ -111.433991993294001, 40.633121425689303 ], [ -111.434132013199999, 40.633013694991398 ], [ -111.434194102557001, 40.632941931894798 ], [ -111.434303135766001, 40.632869992234397 ], [ -111.434349616245996, 40.6327982877512 ], [ -111.434270683603003, 40.632679488580003 ], [ -111.434129388786005, 40.6326084901334 ], [ -111.433940805698001, 40.632466139526301 ], [ -111.433768099541993, 40.632383367073203 ], [ -111.433548337147997, 40.632265006180802 ], [ -111.433344492608995, 40.632194331655199 ], [ -111.433172214091996, 40.632159213129498 ], [ -111.432999894323999, 40.632135986086297 ], [ -111.432827692917996, 40.632112758342203 ], [ -111.432655492210003, 40.6320896204261 ], [ -111.432451648552004, 40.632018854229202 ], [ -111.432279140304004, 40.631947970383699 ], [ -111.432231889660997, 40.631900490806302 ], [ -111.431981180964996, 40.631841880841002 ], [ -111.431746505644995, 40.631830776736301 ], [ -111.431574459142993, 40.631831419801898 ], [ -111.431370540873004, 40.631748760383097 ], [ -111.431229711222002, 40.6317492863285 ], [ -111.430869509282005, 40.631691082743302 ], [ -111.430634911626001, 40.631691957763202 ], [ -111.430384740679997, 40.631716763606001 ], [ -111.430134568965997, 40.6317414788221 ], [ -111.429900123639001, 40.631766134956102 ], [ -111.429462526481998, 40.6318274011916 ], [ -111.429258992122996, 40.631804284635798 ], [ -111.429117704990006, 40.6317333700961 ], [ -111.428804218731997, 40.631639131536701 ], [ -111.428459703722993, 40.631592753771102 ], [ -111.428146794141995, 40.631570040985302 ], [ -111.427974858324006, 40.631606443127701 ], [ -111.427724272616004, 40.631547823455499 ], [ -111.427567606913001, 40.631512638733 ], [ -111.427285796286995, 40.6314898084714 ], [ -111.427035894545995, 40.631538389241001 ], [ -111.426879338728995, 40.63153896803 ], [ -111.426707444833994, 40.631563476543498 ], [ -111.426613558602, 40.631563823400597 ], [ -111.426628829894, 40.631492237282501 ], [ -111.426738020917, 40.631444177420398 ], [ -111.427003345453997, 40.631347883830102 ], [ -111.427174707082997, 40.631239955549702 ], [ -111.427330460546997, 40.631132174856397 ], [ -111.427517471664999, 40.631012296568002 ], [ -111.427625672811999, 40.630809288517803 ], [ -111.427672040805007, 40.6307375871056 ], [ -111.427733949184997, 40.630618171671202 ], [ -111.427796043225996, 40.630546411961198 ], [ -111.427873821643999, 40.630486575786499 ], [ -111.427904851760005, 40.630438804370101 ], [ -111.427717234222001, 40.6304632825574 ], [ -111.427623577687996, 40.6304993942409 ], [ -111.427592361606003, 40.6304995098224 ], [ -111.427514388839995, 40.630547454937201 ], [ -111.427280099415, 40.630596068531098 ], [ -111.427139499423006, 40.630632263405303 ], [ -111.426905057390996, 40.630657003535397 ], [ -111.426686147002997, 40.630669704128998 ], [ -111.426388732700005, 40.630647019406602 ], [ -111.426153911200004, 40.630612121287101 ], [ -111.425981522187996, 40.630576992421602 ], [ -111.425715593914006, 40.630577973003099 ], [ -111.425512485900995, 40.6306025947978 ], [ -111.425434662453, 40.630674321139999 ], [ -111.425247119326002, 40.630710776719098 ], [ -111.424950276407003, 40.6307595258167 ], [ -111.424715790182006, 40.630796153256199 ], [ -111.424371777448997, 40.630809309470401 ], [ -111.424230949643004, 40.630809826871499 ], [ -111.424074061778001, 40.630738963445303 ], [ -111.423901565585993, 40.630668067008898 ], [ -111.423760587155996, 40.6306447111198 ], [ -111.423651546144995, 40.630716640892899 ], [ -111.423527423837996, 40.630872047178897 ], [ -111.423418532431, 40.630967759361603 ], [ -111.423278306108998, 40.631063586291702 ], [ -111.423169113195002, 40.631111642895 ], [ -111.423044161828003, 40.631135973941603 ], [ -111.422965884348997, 40.631136260654699 ], [ -111.422856164867, 40.631100897586101 ], [ -111.422793087716997, 40.631017707219499 ], [ -111.422760851484995, 40.630874855883398 ], [ -111.422760024271994, 40.630743691064403 ], [ -111.422805990100997, 40.630588661846303 ], [ -111.422852406347999, 40.630505070592001 ], [ -111.422883289463996, 40.630433427788198 ], [ -111.422976453955002, 40.630337683614897 ], [ -111.423085538842003, 40.630253952809802 ], [ -111.423178251823998, 40.6300867704865 ], [ -111.423271307837993, 40.629955261604003 ], [ -111.423379746074005, 40.6297880214765 ], [ -111.423566718046004, 40.629680131377697 ], [ -111.423675682318006, 40.629596310362601 ], [ -111.423815904448006, 40.629500392858098 ], [ -111.423909411278999, 40.629440501618902 ], [ -111.424096305629007, 40.629320629262402 ], [ -111.424221069897001, 40.629248641300897 ], [ -111.424361474514996, 40.629200469009703 ], [ -111.424470663462998, 40.629152411282803 ], [ -111.424626491805, 40.629056525516802 ], [ -111.424766711442004, 40.628960606861398 ], [ -111.424860141305999, 40.628888823537999 ], [ -111.425016270035002, 40.6288405025145 ], [ -111.425156597807003, 40.628780437943703 ], [ -111.425343908678997, 40.628708218491603 ], [ -111.425500037206007, 40.6286599869022 ], [ -111.425593843892003, 40.628647749654398 ], [ -111.425718335453993, 40.628551887798999 ], [ -111.425811839256994, 40.628491995024703 ], [ -111.425858477502004, 40.628444166592303 ], [ -111.425842372877995, 40.628384587826602 ], [ -111.425685715547004, 40.628349400489697 ], [ -111.425497465367997, 40.628254781278699 ], [ -111.425340808518001, 40.628219593470703 ], [ -111.425153045385997, 40.628220284839998 ], [ -111.424965400486997, 40.628220975468999 ], [ -111.424730696555002, 40.628221838870097 ], [ -111.424652422495996, 40.628222126709403 ], [ -111.424464475849007, 40.628175161164101 ], [ -111.424417384530003, 40.628151551040901 ], [ -111.424339002414996, 40.628116074189897 ], [ -111.424214013495003, 40.628152208152599 ], [ -111.424151993603999, 40.628235947379402 ], [ -111.424074139214, 40.628283889755203 ], [ -111.423980558931007, 40.628331889811697 ], [ -111.423871144833996, 40.628344183033199 ], [ -111.423605451327006, 40.628380922756499 ], [ -111.423371273607998, 40.628465202808101 ], [ -111.4232620099, 40.628501368179499 ], [ -111.423152746073995, 40.628537533447997 ], [ -111.422902701653001, 40.628562232532303 ], [ -111.422793287542007, 40.628574614820799 ], [ -111.422543275072002, 40.628623186288102 ], [ -111.422418778240996, 40.628718954657401 ], [ -111.422294013000993, 40.628790940683103 ], [ -111.422247446859004, 40.628850659008002 ], [ -111.422185123177997, 40.628886651729303 ], [ -111.422044299372004, 40.628887166443903 ], [ -111.421872260206996, 40.6288877950185 ], [ -111.421684838323003, 40.628924244376798 ], [ -111.421591330205004, 40.628984133826499 ], [ -111.421498421749007, 40.629139424030001 ], [ -111.421405288046998, 40.629258950107101 ], [ -111.421327880047997, 40.629378418737303 ], [ -111.421234520984996, 40.629462180626099 ], [ -111.421094188237007, 40.629522240448701 ], [ -111.421000454720001, 40.629546455456897 ], [ -111.420859629505998, 40.629546968733898 ], [ -111.420593630534, 40.629536046179503 ], [ -111.420343687412995, 40.6295965042248 ], [ -111.420265828705993, 40.629644444043301 ], [ -111.420187403870997, 40.629620946220001 ], [ -111.420139907885002, 40.629513824410402 ], [ -111.420138893637002, 40.629370858709102 ], [ -111.420122389311999, 40.629227859266898 ], [ -111.420058720108003, 40.629049356593498 ], [ -111.420026639688999, 40.628930287060101 ], [ -111.419994677624004, 40.628811217084703 ], [ -111.420024698065006, 40.628620391939499 ], [ -111.420102599483997, 40.628560560525301 ], [ -111.420289722470002, 40.628476458349297 ], [ -111.420492570787999, 40.628392298615097 ], [ -111.420585929303996, 40.628308537313302 ], [ -111.420648028911003, 40.628236781390498 ], [ -111.420662963202005, 40.628129432362798 ], [ -111.420584134904999, 40.628022514917497 ], [ -111.420583985137, 40.627998642181502 ], [ -111.420489356285998, 40.627879800524497 ], [ -111.420441743403003, 40.6277727693193 ], [ -111.420472509628993, 40.627701127550203 ], [ -111.420518851672, 40.627605555775503 ], [ -111.420596601707004, 40.627521851287497 ], [ -111.420737229807003, 40.627509447457101 ], [ -111.420862443386, 40.627508991227202 ], [ -111.421066261231005, 40.627579778064899 ], [ -111.421191656095004, 40.627626977294703 ], [ -111.421316452162003, 40.627578865617203 ], [ -111.421425565937, 40.6275189194333 ], [ -111.421471906494006, 40.627423347280597 ], [ -111.421502340556998, 40.627280266770697 ], [ -111.421516748795995, 40.627089498172403 ], [ -111.421531875024002, 40.626994129999197 ], [ -111.421578096836996, 40.6268985582293 ], [ -111.421765031769993, 40.626766797849697 ], [ -111.421983630480995, 40.626706451246299 ], [ -111.422092817106005, 40.626658395758703 ], [ -111.422139531626996, 40.6266224601316 ], [ -111.422075934456998, 40.626455849830201 ], [ -111.421950197856006, 40.6263728879102 ], [ -111.421887275981007, 40.626313479606097 ], [ -111.421808629485, 40.626254218787302 ], [ -111.421761433133, 40.626194752977398 ], [ -111.421807429636999, 40.626063507125103 ], [ -111.421979205005997, 40.626003331529702 ], [ -111.422197725588006, 40.6259310031135 ], [ -111.422494474285998, 40.625870369820298 ], [ -111.422619383813, 40.625822166222797 ], [ -111.422806571549998, 40.625750041395101 ], [ -111.423009859169994, 40.625737315300199 ], [ -111.423244436222006, 40.625736455872698 ], [ -111.423401086183006, 40.625771646574002 ], [ -111.423511066234994, 40.625830881502203 ], [ -111.423604976503995, 40.625854320290699 ], [ -111.423699231654993, 40.625913612714299 ], [ -111.423762154179997, 40.625972929943401 ], [ -111.423855430070006, 40.625877274676199 ], [ -111.423854977876999, 40.625805746557099 ], [ -111.424010874572005, 40.625721752925401 ], [ -111.424182679294006, 40.625685357146502 ], [ -111.424432453205995, 40.625601018107901 ], [ -111.424604030891004, 40.625528857645797 ], [ -111.424791635817002, 40.625504384558901 ], [ -111.424901045108001, 40.625492090483398 ], [ -111.425041440814994, 40.625443827290198 ], [ -111.425181804304003, 40.6253718709306 ], [ -111.424977988909006, 40.625301091317198 ], [ -111.424805581727, 40.625242177508802 ], [ -111.424648705771006, 40.625171224646898 ], [ -111.424491981288995, 40.625124144305303 ], [ -111.424335105937004, 40.625053191012903 ], [ -111.424084052446005, 40.624934926870097 ], [ -111.423707457548005, 40.624745593032799 ], [ -111.423503570486005, 40.624662919464903 ], [ -111.423331015499997, 40.6245801306925 ], [ -111.423142736052995, 40.624497399273601 ], [ -111.422938775426999, 40.624402833368997 ], [ -111.422828615933994, 40.624295942030898 ], [ -111.422765395336995, 40.624188968859698 ], [ -111.422670917991994, 40.624093911564202 ], [ -111.422560760004004, 40.623987110046102 ], [ -111.422482007978005, 40.623891995055303 ], [ -111.422309037849004, 40.623761549750903 ], [ -111.422308512444005, 40.623678130259798 ], [ -111.422401336647994, 40.623510947973202 ], [ -111.422447673657004, 40.623415465469201 ], [ -111.422603491084999, 40.6233194923038 ], [ -111.422774989968005, 40.6232354432181 ], [ -111.422977744316, 40.623139387805502 ], [ -111.423086924434003, 40.623091331380898 ], [ -111.423274178558998, 40.623031007047302 ], [ -111.423477006669003, 40.622946842092702 ], [ -111.423648847688995, 40.622898555360003 ], [ -111.423914293368, 40.622826051533004 ], [ -111.424070485054003, 40.622789803307001 ], [ -111.423991991185005, 40.622754326589401 ], [ -111.423882209751994, 40.622707073047401 ], [ -111.423725491005001, 40.622659901528202 ], [ -111.423662797614995, 40.622636348309896 ], [ -111.423506229965, 40.622613049240201 ], [ -111.423348910512004, 40.622470656463904 ], [ -111.423208024581001, 40.622459191112497 ], [ -111.423036152546999, 40.622483694090398 ], [ -111.422926672800997, 40.622484095049799 ], [ -111.422691988889, 40.622484954208304 ], [ -111.422566677568994, 40.622449647856399 ], [ -111.422503609008004, 40.622366457164503 ], [ -111.422393979630996, 40.622343074950102 ], [ -111.422222363743003, 40.622427033820301 ], [ -111.422129209065005, 40.622522777467097 ], [ -111.422051316435002, 40.622582610267003 ], [ -111.421910849129006, 40.622618888409903 ], [ -111.421738707816004, 40.622619517137899 ], [ -111.421566684726997, 40.622620145177898 ], [ -111.421441298996001, 40.622572946269003 ], [ -111.421378487685004, 40.622549302151498 ], [ -111.421317142947004, 40.622740242115398 ], [ -111.421317741820005, 40.622835552965498 ], [ -111.421349596783003, 40.62291885818 ], [ -111.421287652798, 40.623014487272499 ], [ -111.42122563337, 40.623098134910997 ], [ -111.421147889205997, 40.623181839857203 ], [ -111.421054463242001, 40.623253620228503 ], [ -111.420851600087005, 40.6233139978442 ], [ -111.420601605759003, 40.623362565061903 ], [ -111.420351536515994, 40.6233992404049 ], [ -111.420101242919998, 40.623400151115597 ], [ -111.419960772829, 40.623436426895303 ], [ -111.419725637745003, 40.623365751855999 ], [ -111.419693604521001, 40.6232347903304 ], [ -111.419646219533007, 40.623163432698099 ], [ -111.419583079492995, 40.623068349070202 ], [ -111.419457501118004, 40.623009167014999 ], [ -111.419254146121006, 40.623009905401901 ], [ -111.41905123814, 40.623082171628802 ], [ -111.419020695965997, 40.623189577172099 ], [ -111.418958747839, 40.623285114942902 ], [ -111.418896725246995, 40.623368761342398 ], [ -111.418787467371999, 40.623404922483203 ], [ -111.418630558041002, 40.623345853137401 ], [ -111.418552407842995, 40.623346136385898 ], [ -111.418317913761996, 40.623358967666498 ], [ -111.418239645314998, 40.623359251131703 ], [ -111.418035991552998, 40.6233122418531 ], [ -111.417926065119005, 40.6232411999598 ], [ -111.417847543395993, 40.623181845863201 ], [ -111.417753000895004, 40.623074983232897 ], [ -111.417658309434998, 40.622944157669799 ], [ -111.417548086685002, 40.6228253698741 ], [ -111.417313075040994, 40.622754779550803 ], [ -111.417203520224007, 40.622743193660298 ], [ -111.417062931678998, 40.622779466347502 ], [ -111.416953747701001, 40.6228275170986 ], [ -111.416844564127004, 40.6228756578329 ], [ -111.416609952543993, 40.622888395980901 ], [ -111.416344054443996, 40.622889354834498 ], [ -111.416109191409006, 40.622842544741999 ], [ -111.415983690264, 40.622795250232898 ], [ -111.415842332533003, 40.622688554637101 ], [ -111.415748015104001, 40.622617364367898 ], [ -111.415637869974006, 40.622510466067098 ], [ -111.415558716470997, 40.622367781322303 ], [ -111.415558199489993, 40.622284361738998 ], [ -111.415526174929994, 40.622153398990399 ], [ -111.415416474051995, 40.622118028707099 ], [ -111.415322527257999, 40.622106474975602 ], [ -111.415462627623, 40.622010567932399 ], [ -111.415602551006998, 40.621867094912901 ], [ -111.415680404091006, 40.621819158201603 ], [ -111.415694872367993, 40.621616498302203 ], [ -111.415693616387003, 40.621413894991001 ], [ -111.415692803273004, 40.621282729837802 ], [ -111.415676119183004, 40.621127928668201 ], [ -111.415753646111, 40.621008463227 ], [ -111.415831350055001, 40.620936653632398 ], [ -111.415986875670995, 40.620793033860302 ], [ -111.416143140803001, 40.6207686876918 ], [ -111.416268075448997, 40.620744364150902 ], [ -111.416393202627006, 40.620732021481402 ], [ -111.416486733463003, 40.620695919307998 ], [ -111.416549170878994, 40.620659929206802 ], [ -111.416564184581006, 40.620564561976799 ], [ -111.416563444215996, 40.620445378251503 ], [ -111.416484216810005, 40.620290712654501 ], [ -111.416468093047996, 40.620207349325398 ], [ -111.416530190211006, 40.620135685617399 ], [ -111.416686083043999, 40.620051701810397 ], [ -111.416748179270996, 40.619979947898997 ], [ -111.416794818143998, 40.619932123053601 ], [ -111.416746994079006, 40.619789235905401 ], [ -111.416699836915001, 40.619753641124497 ], [ -111.416605937574005, 40.619730196642401 ], [ -111.416496048032002, 40.619682936430898 ], [ -111.416386350702993, 40.619647567036402 ], [ -111.416261047958997, 40.619612253782797 ], [ -111.416245368060999, 40.619600328591503 ], [ -111.416198285655, 40.619576715037901 ], [ -111.416135227698007, 40.619493520774697 ], [ -111.416165921016002, 40.619409988696397 ], [ -111.416290853126, 40.619385665137699 ], [ -111.416509847053007, 40.619372983969299 ], [ -111.416681861924005, 40.619372363501903 ], [ -111.416837975099995, 40.619324143621199 ], [ -111.416978364377997, 40.619275980299399 ], [ -111.417087542576994, 40.619227929524001 ], [ -111.417212295748001, 40.619155949063803 ], [ -111.417180225259003, 40.6190368784873 ], [ -111.417148940502997, 40.619025099871003 ], [ -111.417054478417995, 40.618930037820697 ], [ -111.416991672617002, 40.618906481364 ], [ -111.416881902382997, 40.618859221080797 ], [ -111.416787855308002, 40.618811813865499 ], [ -111.416677567063005, 40.618681133762699 ], [ -111.41669243183, 40.618561893699201 ], [ -111.416660066475004, 40.618395167470602 ], [ -111.416659400436004, 40.618287965139103 ], [ -111.416658585522995, 40.618156799930702 ], [ -111.416720383923007, 40.618037390526901 ], [ -111.416813658964003, 40.617941740820399 ], [ -111.416953867310994, 40.617845921611703 ], [ -111.417062598388995, 40.6177263425771 ], [ -111.417312233607007, 40.617642019350299 ], [ -111.417499892720997, 40.617629359436002 ], [ -111.417671829040003, 40.617616846164999 ], [ -111.417938151941996, 40.617687412632101 ], [ -111.418047772736998, 40.617710889226302 ], [ -111.418142085084995, 40.617781987613903 ], [ -111.418283257596997, 40.617841114692098 ], [ -111.418393250254994, 40.617924137788997 ], [ -111.418518997315999, 40.618030977015401 ], [ -111.418613310614006, 40.618102075009602 ], [ -111.418738804777007, 40.618149366733803 ], [ -111.418879487872999, 40.618148856589102 ], [ -111.419004684002999, 40.618148402459099 ], [ -111.419192300860004, 40.618147721653301 ], [ -111.419286242742004, 40.618159272268898 ], [ -111.419349154049002, 40.618218592037401 ], [ -111.419396908134999, 40.618349586778201 ], [ -111.419413183805005, 40.618456732402699 ], [ -111.419429578313995, 40.6185639676793 ], [ -111.419368827585998, 40.6188502176892 ], [ -111.419369497969001, 40.618957419973199 ], [ -111.419417432458005, 40.6191360705824 ], [ -111.419527844998001, 40.6192667475989 ], [ -111.419669052462993, 40.619349656064898 ], [ -111.419747540070006, 40.619385135772703 ], [ -111.419857089250996, 40.619396629195798 ], [ -111.419935054638003, 40.619348689195498 ], [ -111.420012752172994, 40.619276876798601 ], [ -111.420059313736999, 40.619217159298898 ], [ -111.420088881864999, 40.618954805603003 ], [ -111.420150749927998, 40.618847375837497 ], [ -111.420322433280006, 40.618775221284899 ], [ -111.420431384029996, 40.618691403240298 ], [ -111.420445793680003, 40.618500634485798 ], [ -111.420444374382996, 40.618274248497002 ], [ -111.420427947453007, 40.618143230245003 ], [ -111.420412074398996, 40.618119414702903 ], [ -111.420349161686005, 40.6180600054306 ], [ -111.420317235794997, 40.617964808506201 ], [ -111.420301107856005, 40.617881445699503 ], [ -111.420362675899, 40.617726360334402 ], [ -111.420471400679006, 40.617606778119203 ], [ -111.420517661309006, 40.617499314865597 ], [ -111.420641691548994, 40.617332020195597 ], [ -111.420750489797996, 40.617224329062402 ], [ -111.420921944458996, 40.617116499580597 ], [ -111.421155967570002, 40.617032224942797 ], [ -111.421327751657003, 40.6169958334592 ], [ -111.421562341655999, 40.616983085821303 ], [ -111.421828440539997, 40.6170177891075 ], [ -111.421984994547003, 40.617041090542202 ], [ -111.422110220592998, 40.617064506265002 ], [ -111.422282604353995, 40.617123424297297 ], [ -111.422376846008007, 40.617182717956901 ], [ -111.422502415409994, 40.617241806853102 ], [ -111.422612487199999, 40.617336717263399 ], [ -111.422800177233995, 40.617348012037802 ], [ -111.423019119957999, 40.617347210338004 ], [ -111.423191774095002, 40.617429999342001 ], [ -111.423364084669004, 40.617477024404103 ], [ -111.423536546245003, 40.617547921978101 ], [ -111.423677722392995, 40.617606952357598 ], [ -111.423865757035003, 40.617653918986299 ], [ -111.424085002645995, 40.617700860797903 ], [ -111.424226136593006, 40.6177717822763 ], [ -111.424351482988001, 40.617795195120898 ], [ -111.424633267445998, 40.617841816005402 ], [ -111.424790050281999, 40.617900787639101 ], [ -111.424962741065997, 40.618007447168601 ], [ -111.425135475236999, 40.618102214661398 ], [ -111.425339570524002, 40.6182205595466 ], [ -111.425449345600001, 40.618267811771801 ], [ -111.425777764073999, 40.618266601511202 ], [ -111.425918489988007, 40.618254191018202 ], [ -111.426106106974004, 40.618253498979897 ], [ -111.426230730929007, 40.618181599345696 ], [ -111.426433691892996, 40.618121211893801 ], [ -111.426699495083, 40.6181083385694 ], [ -111.426918482700998, 40.618095637692598 ], [ -111.427105947182, 40.618071071274997 ], [ -111.427325044259007, 40.618094134157502 ], [ -111.427543684905999, 40.618045578356401 ], [ -111.427699939312006, 40.618021216592901 ], [ -111.427871992820997, 40.618008687704297 ], [ -111.428028246444001, 40.617984235411697 ], [ -111.428137566942993, 40.617960046984699 ], [ -111.428309805766006, 40.617995083219498 ], [ -111.428419278107, 40.617994677193998 ], [ -111.428528978971997, 40.6180300351512 ], [ -111.428544355574004, 40.6179942131632 ], [ -111.428512764838999, 40.617934782210099 ], [ -111.428512307804993, 40.617863254035697 ], [ -111.428590070967005, 40.617803417324801 ], [ -111.428652076335993, 40.6177197657261 ], [ -111.428667148196993, 40.6176362882983 ], [ -111.428666691003997, 40.617564760121603 ], [ -111.428635176366996, 40.617517220531603 ], [ -111.428540852769004, 40.617446040677798 ], [ -111.428493691043997, 40.617410450721302 ], [ -111.428509067525994, 40.617374628734702 ], [ -111.428587481443998, 40.6173982111005 ], [ -111.428806804900006, 40.617456945186497 ], [ -111.428885599821001, 40.617540074104703 ], [ -111.429089811127994, 40.617694266960498 ], [ -111.429200011730998, 40.617789260680702 ], [ -111.429263084213005, 40.617872447761499 ], [ -111.429451310377999, 40.617967061125398 ], [ -111.429592187289003, 40.617978428826298 ], [ -111.429732988048002, 40.617977905023302 ], [ -111.429810673457993, 40.617906086079003 ], [ -111.429794610529996, 40.617834706074703 ], [ -111.429903853330003, 40.617798534561899 ], [ -111.430060258785005, 40.617797952274699 ], [ -111.430044348121001, 40.6177503549685 ], [ -111.429997185388999, 40.617714765632897 ], [ -111.429965092942993, 40.617595698688298 ], [ -111.429964558129001, 40.617512279190898 ], [ -111.429885880129007, 40.617429150574999 ], [ -111.429791708324998, 40.617381844499299 ], [ -111.429697536654004, 40.617334538345801 ], [ -111.429634311214997, 40.617227478742102 ], [ -111.429476838680998, 40.6170612214285 ], [ -111.429366909948001, 40.616990100271401 ], [ -111.429319671990001, 40.616942619315502 ], [ -111.429318985172998, 40.616835327046402 ], [ -111.429428074331, 40.616775373314802 ], [ -111.429505987723999, 40.616739318656002 ], [ -111.429615228903003, 40.616703147417702 ], [ -111.429692878821001, 40.616607545434597 ], [ -111.429738665648998, 40.616428550366301 ], [ -111.429643579506006, 40.6162382778734 ], [ -111.429470233529997, 40.6160482062404 ], [ -111.429202914252997, 40.615822808737498 ], [ -111.429014423558996, 40.615704322579496 ], [ -111.428590900738996, 40.615491305289197 ], [ -111.428543664393004, 40.615443823995498 ], [ -111.428433663348002, 40.615360810572703 ], [ -111.428214457205002, 40.615337840263301 ], [ -111.427901015529002, 40.615219815472003 ], [ -111.427744269740003, 40.6151846311353 ], [ -111.427524954071004, 40.615125804880201 ], [ -111.427337042236999, 40.615078843728099 ], [ -111.427148936717003, 40.615019991363901 ], [ -111.427085717547996, 40.614912930290501 ], [ -111.426960114777003, 40.614829973143898 ], [ -111.426927725802997, 40.614663249804103 ], [ -111.426895412677993, 40.614508417792997 ], [ -111.426878822204003, 40.6143535276587 ], [ -111.426909272187004, 40.614234228612602 ], [ -111.427034081764006, 40.614174219010501 ], [ -111.427143016645999, 40.614090394647597 ], [ -111.427267479709997, 40.613994621114003 ], [ -111.427345205649004, 40.613910912007299 ], [ -111.427375274620005, 40.613731975942002 ], [ -111.427327888861996, 40.613660711437198 ], [ -111.427265733474002, 40.613720489598698 ], [ -111.427140891706998, 40.613756716324502 ], [ -111.427062634555995, 40.613757005712799 ], [ -111.427031122865003, 40.613709465638898 ], [ -111.427061420296994, 40.613566293766397 ], [ -111.427014034416004, 40.613494939042702 ], [ -111.426888965315001, 40.613495401374301 ], [ -111.426653631079006, 40.613389066142098 ], [ -111.426481404376005, 40.613353937259497 ], [ -111.426387283317993, 40.6132947365505 ], [ -111.426151722783004, 40.613152546071198 ], [ -111.426010553322001, 40.613093428548098 ], [ -111.425884955296993, 40.613010470182303 ], [ -111.425931355719001, 40.6129268775165 ], [ -111.426087749895999, 40.612926300665499 ], [ -111.426165585099994, 40.612878356901803 ], [ -111.426384437549004, 40.6128656575478 ], [ -111.426556553725007, 40.612865022020401 ], [ -111.426696770578999, 40.612792974154097 ], [ -111.426883883911003, 40.6126969695434 ], [ -111.427008344778997, 40.612601196276998 ], [ -111.427085192383004, 40.612398304037796 ], [ -111.427241053974996, 40.612314306028303 ], [ -111.427333698279995, 40.612123246808501 ], [ -111.427489179432001, 40.611979701640699 ], [ -111.427582202143995, 40.611848189041602 ], [ -111.427612953568001, 40.611776545247899 ], [ -111.427503187650004, 40.611729294980101 ], [ -111.427424975305001, 40.611717692816399 ], [ -111.427298880609996, 40.611575189572697 ], [ -111.427220136618999, 40.611480077568601 ], [ -111.427109840312994, 40.611349407303301 ], [ -111.427030599575005, 40.611194748765499 ], [ -111.427045141, 40.6110278518291 ], [ -111.427075100634994, 40.610813241266101 ], [ -111.427121194641003, 40.6106819926162 ], [ -111.427182512097005, 40.610491049309402 ], [ -111.427291289364007, 40.610383442081798 ], [ -111.427416048444996, 40.610335233767401 ], [ -111.427541229854, 40.610334770457001 ], [ -111.427571601102002, 40.610203579817302 ], [ -111.427461382008005, 40.6100848012032 ], [ -111.427288480563007, 40.609942471124199 ], [ -111.427162768697002, 40.609859514518099 ], [ -111.427052398922001, 40.609716862708503 ], [ -111.426879574962996, 40.609586423352503 ], [ -111.426738033611002, 40.609467759792402 ], [ -111.426705993582999, 40.609336799931903 ], [ -111.426642434898994, 40.609193974766697 ], [ -111.426579298294001, 40.609098894717199 ], [ -111.426343794800005, 40.608944812662102 ], [ -111.426092495662004, 40.6087788967587 ], [ -111.425982206030994, 40.608648225322 ], [ -111.425871840770995, 40.608505572331602 ], [ -111.425792984802996, 40.608410549797398 ], [ -111.425886233575994, 40.608314892736402 ], [ -111.425963912026006, 40.608243076295103 ], [ -111.426072990303993, 40.608183125698602 ], [ -111.426166464977001, 40.608123142484402 ], [ -111.426212861718994, 40.608039549653498 ], [ -111.426227329015006, 40.607860761364002 ], [ -111.426226269051, 40.607693922004401 ], [ -111.426350797213999, 40.607610040764101 ], [ -111.426444119671004, 40.6075262746077 ], [ -111.426615842917997, 40.6074660020967 ], [ -111.426802975246005, 40.607393870842003 ], [ -111.426880997414997, 40.607357817506497 ], [ -111.427084186559, 40.607357066365203 ], [ -111.427146605885, 40.607321070542902 ], [ -111.427114675607001, 40.607225875343197 ], [ -111.427067369902005, 40.607166411898802 ], [ -111.426972986926998, 40.607083339196699 ], [ -111.426863152929997, 40.607024106796302 ], [ -111.426815469339004, 40.606905186449701 ], [ -111.426814407948996, 40.606738347075201 ], [ -111.426798047250998, 40.606619220875501 ], [ -111.426578836645007, 40.606572374037199 ], [ -111.426422229978996, 40.606537187311602 ], [ -111.426233770389999, 40.606418696268598 ], [ -111.426123710983006, 40.606323698979601 ], [ -111.426060350732001, 40.6061928544107 ], [ -111.426106897910003, 40.6061331344102 ], [ -111.426169425604996, 40.6061329037191 ], [ -111.426231498887006, 40.606061144651697 ], [ -111.426199646057995, 40.605977840530699 ], [ -111.425995434553002, 40.605835533837102 ], [ -111.425916699780998, 40.605740510892602 ], [ -111.425915716156993, 40.605585562828097 ], [ -111.425962035989997, 40.605490078705003 ], [ -111.426008355692005, 40.605394594562497 ], [ -111.425992332145995, 40.605346906916303 ], [ -111.425851222603995, 40.605275987321299 ], [ -111.425710070039003, 40.605216869265497 ], [ -111.425615540633004, 40.605110012674501 ], [ -111.425505484259006, 40.605015014759601 ], [ -111.425411106256007, 40.604931940725201 ], [ -111.425347900068999, 40.604824968537699 ], [ -111.425299918112003, 40.604658301862401 ], [ -111.425346086855996, 40.604538945151099 ], [ -111.425376686042, 40.604443429047997 ], [ -111.425345029208003, 40.604372105676198 ], [ -111.425282653891003, 40.604396118646299 ], [ -111.425219707596995, 40.604348693731097 ], [ -111.425313026973001, 40.6042649284568 ], [ -111.425390970937002, 40.604216984755702 ], [ -111.425515417753004, 40.604121122939802 ], [ -111.425686334836996, 40.603953649775299 ], [ -111.425717127493002, 40.603870114593697 ], [ -111.425841346793007, 40.603738578324801 ], [ -111.426028663300002, 40.603678339257598 ], [ -111.426122089667004, 40.603630337953 ], [ -111.426246955280007, 40.603582130467998 ], [ -111.426387002024995, 40.603486300224198 ], [ -111.426495769314997, 40.603378693666201 ], [ -111.426541858902993, 40.6032473550124 ], [ -111.426540722739006, 40.603068624158503 ], [ -111.426415218505994, 40.602997557501702 ], [ -111.426305240618007, 40.602914541756597 ], [ -111.426210561907993, 40.6027838127753 ], [ -111.426162503791005, 40.602605255033701 ], [ -111.426161595229999, 40.602462198259197 ], [ -111.426160762769001, 40.602331122936697 ], [ -111.426190906079995, 40.602164168287104 ], [ -111.426205717082993, 40.602021053498902 ], [ -111.426204733492, 40.601866195426297 ], [ -111.426219577845998, 40.601746953893198 ], [ -111.426234119445994, 40.601580056785899 ], [ -111.426342883347004, 40.601472360264502 ], [ -111.426404498226006, 40.601329162755199 ], [ -111.426450586620007, 40.601197824097397 ], [ -111.426543900102999, 40.6011140578129 ], [ -111.426621493976, 40.6010303495136 ], [ -111.426714655780003, 40.600922800347597 ], [ -111.426870794455994, 40.600886458375598 ], [ -111.427074006515994, 40.600873815542201 ], [ -111.427308799968003, 40.600920603864601 ], [ -111.427449488652002, 40.600908101568002 ], [ -111.427683902965001, 40.600895342187997 ], [ -111.427918511204993, 40.600894473264702 ], [ -111.428200151100995, 40.600929194560202 ], [ -111.428356517267005, 40.600928614777601 ], [ -111.428591506497995, 40.600987381503103 ], [ -111.428748024745005, 40.601010583926701 ], [ -111.428873299117001, 40.601045883889299 ], [ -111.428982972426994, 40.601081241658399 ], [ -111.429092569814003, 40.601104707955002 ], [ -111.429171040344002, 40.601140091367803 ], [ -111.429311687584004, 40.601139568695402 ], [ -111.429389929997001, 40.6011392778572 ], [ -111.429420904119993, 40.601103487757598 ], [ -111.429404769114996, 40.601020126015399 ], [ -111.429404680915994, 40.601006342839703 ], [ -111.429906937411999, 40.600940692069202 ], [ -111.432110683491999, 40.601147239203698 ], [ -111.436130420872999, 40.601524105209798 ], [ -111.439746134833001, 40.6015103962335 ], [ -111.443759923521995, 40.601103161600001 ], [ -111.447365073643994, 40.599526313918801 ], [ -111.449216991822993, 40.598005643739803 ], [ -111.451596359243993, 40.595441642130098 ], [ -111.454737437635998, 40.592056412123803 ], [ -111.455806638929005, 40.5861109584649 ], [ -111.456363028126006, 40.585302379999099 ], [ -111.459256744201994, 40.581097473065398 ], [ -111.460535407129996, 40.578885213575603 ], [ -111.460898037171006, 40.577509916875599 ], [ -111.461343999514995, 40.575832489198604 ], [ -111.461750259238997, 40.5735387416238 ], [ -111.462201412767996, 40.570991392741099 ], [ -111.462805953591996, 40.5685242362091 ], [ -111.463640814372994, 40.5651164357281 ], [ -111.464268807899998, 40.5635283514967 ], [ -111.465294510722003, 40.562163884359499 ], [ -111.466926355281998, 40.560932182966702 ], [ -111.468950489500997, 40.559185810790503 ], [ -111.470834100047995, 40.557560604528099 ], [ -111.472180258506, 40.556901966390299 ], [ -111.474419039360001, 40.5558162328538 ], [ -111.475581777510001, 40.555185424781897 ], [ -111.477511126650995, 40.553785593356999 ], [ -111.479863705574999, 40.553628190320403 ], [ -111.480438770773006, 40.554254350588103 ], [ -111.483394007553997, 40.558767456623897 ], [ -111.484628479541001, 40.560652437831202 ], [ -111.485516874048002, 40.562008867935297 ], [ -111.486268298564994, 40.563156050772299 ], [ -111.487285170826993, 40.564708589396602 ], [ -111.488768760623998, 40.565748071816003 ], [ -111.490037002234999, 40.566636649172899 ], [ -111.491669106339998, 40.567780056726498 ], [ -111.493092171414006, 40.5682484883786 ], [ -111.494951648121003, 40.568860616728699 ], [ -111.497563060976006, 40.568174635089903 ], [ -111.498821821294001, 40.5678439868162 ], [ -111.499922785508005, 40.567027078662903 ], [ -111.503847196452, 40.564114760215801 ], [ -111.507915167274007, 40.564096856952197 ], [ -111.513909978252002, 40.564070255182799 ], [ -111.522473980276004, 40.564031751679501 ], [ -111.529103297483999, 40.563021866329699 ], [ -111.533089235267994, 40.5527170327167 ], [ -111.530460972412001, 40.545218421751201 ], [ -111.526574894464005, 40.5409910262021 ], [ -111.518011605967004, 40.537674639753497 ], [ -111.518803304957999, 40.5340720285404 ], [ -111.526280081449002, 40.530705909025897 ], [ -111.527771846228006, 40.524935828932797 ], [ -111.519911203727005, 40.5205808727967 ], [ -111.519370921217003, 40.515461722033002 ], [ -111.518807855256, 40.511923826719197 ], [ -111.520512753923995, 40.5061653867158 ], [ -111.525901420335003, 40.502393083749801 ], [ -111.524301137462004, 40.4925785087311 ], [ -111.527306740390003, 40.487266023712003 ], [ -111.529033571528998, 40.475107164956498 ], [ -111.530460062255003, 40.473154682518299 ], [ -111.531581518864996, 40.470856648390203 ], [ -111.532313074569004, 40.468772200706603 ], [ -111.533378877258002, 40.466911431144197 ], [ -111.534898071260997, 40.465233148753903 ], [ -111.536603053752003, 40.4641441643764 ], [ -111.538730259483998, 40.463012556988197 ], [ -111.540107767513007, 40.4622268486076 ], [ -111.541480021031006, 40.460981688383796 ], [ -111.542361240890003, 40.458756743161203 ], [ -111.542847413862006, 40.456281483695001 ], [ -111.543350834704, 40.452481812492799 ], [ -111.543660379634005, 40.450327197937703 ], [ -111.544140752939001, 40.447189702380598 ], [ -111.544687100103005, 40.444736669870998 ], [ -111.545448150415993, 40.4426069466966 ], [ -111.546070808522003, 40.441594993764497 ], [ -111.547172953136993, 40.440490588251002 ], [ -111.548370005313004, 40.439795723854701 ], [ -111.549480668276999, 40.439470628782701 ], [ -111.550411490968997, 40.439258992567702 ], [ -111.551069553527, 40.438841441196203 ], [ -111.551446166239998, 40.437443152063302 ], [ -111.550550599396004, 40.435208670121597 ], [ -111.549075095964994, 40.432242787635602 ], [ -111.547390678113999, 40.429390397167097 ], [ -111.546104827261004, 40.427247815179499 ], [ -111.544480598087006, 40.424372572399299 ], [ -111.548909821433, 40.416989227600801 ], [ -111.553607306434998, 40.412443457249097 ], [ -111.554018142562001, 40.401932734504797 ], [ -111.554026725149001, 40.401714672959002 ], [ -111.555668900263001, 40.395826364876299 ], [ -111.554305811784005, 40.3918042085214 ], [ -111.555717903358996, 40.3900481291547 ], [ -111.559607579016998, 40.385218405973603 ], [ -111.561388735105993, 40.382894335240401 ], [ -111.563290909825994, 40.380475411362099 ], [ -111.564297373608994, 40.379195350859803 ], [ -111.566232115850994, 40.377257937450501 ], [ -111.567927966916997, 40.375488333860098 ], [ -111.570312259247999, 40.373413415470999 ], [ -111.570945145642995, 40.372852356086099 ], [ -111.571248161366, 40.368812867673 ], [ -111.574723987598006, 40.362039407684897 ], [ -111.591804729857998, 40.352880313928999 ], [ -111.604349929516005, 40.344900790173597 ], [ -111.610300891245004, 40.340735678635703 ], [ -111.619682102374995, 40.3415725737012 ], [ -111.621819189220005, 40.343342940630002 ], [ -111.626135188874002, 40.347219279385598 ], [ -111.643996419857999, 40.3559762244791 ], [ -111.648271669064002, 40.357581645430002 ], [ -111.655087918475999, 40.353788493765002 ], [ -111.664163976501996, 40.353878264573098 ], [ -111.669382990759999, 40.3572484995452 ], [ -111.676302758483004, 40.363938069273701 ], [ -111.677483550583005, 40.370873682081097 ], [ -111.690383644652997, 40.382415178219297 ], [ -111.698324784728996, 40.3798879210241 ], [ -111.699634406184003, 40.380478119348197 ], [ -111.700557343886004, 40.3789469305379 ], [ -111.713810640565001, 40.385088643452697 ], [ -111.720696580631, 40.391393281238102 ], [ -111.725254256105003, 40.401679176771403 ], [ -111.729713576592999, 40.406635109310599 ], [ -111.732384866903004, 40.409358771892002 ], [ -111.727322764898005, 40.4124198374532 ], [ -111.713933466144994, 40.413361761884097 ], [ -111.710775655461006, 40.418703760164803 ], [ -111.708831135341995, 40.419548944200798 ], [ -111.706438787639001, 40.420588725235199 ], [ -111.702840035563, 40.422152735509002 ], [ -111.694324026239997, 40.423337799753298 ], [ -111.68899417419, 40.427903572505102 ], [ -111.691808515234001, 40.431145421138403 ], [ -111.700202497272002, 40.4364754321372 ], [ -111.694410241548994, 40.440247218623 ], [ -111.689724247699999, 40.441598155076399 ], [ -111.686263274343005, 40.441807851975597 ], [ -111.679099711567005, 40.442795201632002 ], [ -111.673927911383998, 40.445093396192 ], [ -111.667770059804994, 40.447774987354002 ], [ -111.660862110574001, 40.449704685506902 ], [ -111.655443699566007, 40.452192471325503 ], [ -111.653270227828003, 40.457685309774398 ], [ -111.652564516238002, 40.461469018919303 ], [ -111.650374115976007, 40.4652611750113 ], [ -111.646724153318004, 40.471707220086799 ], [ -111.647750387122997, 40.4754810977754 ], [ -111.654417419639003, 40.473931566016397 ], [ -111.659828475653995, 40.470499014600101 ], [ -111.665984977779999, 40.4674398428647 ], [ -111.670901901297995, 40.464198535913802 ], [ -111.675576593325005, 40.461525460455498 ], [ -111.680998928528993, 40.459414728650501 ], [ -111.685952863118999, 40.459952281590503 ], [ -111.694626074764003, 40.461223274423702 ], [ -111.700554296809003, 40.460242455297298 ], [ -111.707460050980998, 40.458121393494203 ], [ -111.714610900154, 40.455809486032301 ], [ -111.717800943019995, 40.453332881358499 ], [ -111.734819286651998, 40.448501099234001 ], [ -111.738128978152005, 40.4463356040539 ], [ -111.733457525562997, 40.454209639734799 ], [ -111.733552810850995, 40.462981429249702 ], [ -111.733119621864006, 40.471891422723701 ], [ -111.736746677412995, 40.480370728724999 ], [ -111.737320521488996, 40.4843482964964 ], [ -111.738593156164995, 40.487579149659901 ], [ -111.731989754018002, 40.4907804111564 ], [ -111.729880256355997, 40.493173459051803 ], [ -111.728882980817005, 40.494304696614002 ], [ -111.728515770062998, 40.494721241988501 ], [ -111.721362672544004, 40.5004674034777 ], [ -111.720689981454996, 40.501007720714199 ], [ -111.719693386315996, 40.501808156855297 ], [ -111.719095198041998, 40.5024534950374 ], [ -111.718344034639998, 40.503263923352897 ], [ -111.717153195590996, 40.504548512074102 ], [ -111.71605647941, 40.505731695542302 ], [ -111.715818514118993, 40.507016938326998 ], [ -111.716601965869998, 40.508301886836797 ], [ -111.717298832031005, 40.509444666253998 ], [ -111.718241274258006, 40.509805924941602 ], [ -111.721195597141005, 40.5109383209114 ], [ -111.722748421104995, 40.510121512504902 ], [ -111.727496445433999, 40.507623551919004 ], [ -111.733363753925005, 40.504708483475198 ], [ -111.73626222419, 40.504616270172697 ], [ -111.736302220411005, 40.504615024362501 ], [ -111.739206698288996, 40.504522518758797 ], [ -111.749336558793999, 40.4999259818346 ], [ -111.757180719537004, 40.499774583435503 ], [ -111.766466469066003, 40.498261675719498 ], [ -111.774433688442002, 40.499288185280797 ], [ -111.789476500210995, 40.502798961852498 ], [ -111.789577109519001, 40.502844039603097 ], [ -111.809410992015003, 40.511734609180202 ], [ -111.809490397485007, 40.518347004770398 ], [ -111.809188682972007, 40.522667690068197 ], [ -111.794269581188999, 40.531281140522701 ], [ -111.792372817040004, 40.536414965475103 ], [ -111.786358434584997, 40.5447825532734 ], [ -111.779412471860994, 40.550176173678501 ], [ -111.775700781590999, 40.559841119019502 ], [ -111.776527739055993, 40.562856483561198 ], [ -111.773175927143001, 40.565073057090103 ], [ -111.768109784684995, 40.564055526521003 ], [ -111.759574031873996, 40.563053611226302 ], [ -111.752039900434994, 40.5629517349414 ], [ -111.742133470824001, 40.5634694825049 ], [ -111.734793843814998, 40.5630628960986 ], [ -111.727067713653, 40.563565463486498 ], [ -111.715581532328002, 40.5646955375639 ], [ -111.707658317495998, 40.565349195837101 ], [ -111.699352799126004, 40.567365317169298 ], [ -111.687896306556993, 40.571516178002597 ], [ -111.682351229342999, 40.572153916164702 ], [ -111.674231701, 40.573108778517401 ], [ -111.666317669514001, 40.574817814697603 ], [ -111.658020071159996, 40.577889185149701 ], [ -111.654277800596006, 40.580480564445502 ], [ -111.648966546384997, 40.584894929885301 ], [ -111.642425484723006, 40.5852339188042 ], [ -111.636069852914005, 40.584210916823302 ], [ -111.632914313789996, 40.586042442631502 ], [ -111.629149362638003, 40.586365435746998 ], [ -111.624551777866998, 40.582459662534397 ], [ -111.620747735064995, 40.578549441138101 ], [ -111.613168817396001, 40.573752090663902 ], [ -111.609215810945997, 40.575133698466601 ], [ -111.608863302002007, 40.579973474822701 ], [ -111.611099506748005, 40.586009012827901 ], [ -111.614513650323005, 40.590677550695801 ], [ -111.619312313568003, 40.594884975176697 ], [ -111.620908738527007, 40.595934667370301 ], [ -111.624869756104999, 40.595308546730202 ], [ -111.640905589352002, 40.592196882516802 ], [ -111.647241641294997, 40.591103199984197 ], [ -111.655751460277997, 40.589240922294699 ], [ -111.661490656526993, 40.587998677867198 ], [ -111.670013251274, 40.587495874644901 ], [ -111.685259574748997, 40.585138470523802 ], [ -111.703683783361001, 40.5833644997074 ], [ -111.712402204667995, 40.582706209647903 ], [ -111.722513366943005, 40.582492151056798 ], [ -111.738373093321002, 40.5820893474679 ], [ -111.750073707466996, 40.582165040057497 ], [ -111.758991192633999, 40.581653198967999 ], [ -111.765840694429002, 40.580698374719098 ], [ -111.765740171801994, 40.581757751864998 ], [ -111.765609261894994, 40.5831368711533 ], [ -111.766227983768999, 40.586069806302497 ], [ -111.766063784226006, 40.586933844754803 ], [ -111.765679511068001, 40.588954895493899 ], [ -111.765425984806996, 40.5902875296849 ], [ -111.764607397261997, 40.593047197955002 ], [ -111.768065075039004, 40.598046724626897 ], [ -111.767277881298995, 40.603560530928902 ], [ -111.770722081738995, 40.606642368764298 ], [ -111.773663935528006, 40.609669001008299 ], [ -111.775825607553003, 40.6104465473951 ], [ -111.774475680872996, 40.615864081928201 ], [ -111.768450072223999, 40.620536972499501 ], [ -111.767771798888006, 40.621858106433898 ], [ -111.766391981173996, 40.620340565363598 ], [ -111.763044821064, 40.616741225716801 ], [ -111.759694454820007, 40.612826862074698 ], [ -111.757405853649004, 40.611424730701799 ], [ -111.752436913189001, 40.610512464380299 ], [ -111.748504560586994, 40.609908215806598 ], [ -111.742926480067993, 40.609944321651703 ], [ -111.739212880259998, 40.610440567746799 ], [ -111.736330874995005, 40.611403723657503 ], [ -111.734495566079005, 40.613619756755497 ], [ -111.734519706179, 40.6158240392609 ], [ -111.736210548168998, 40.619277307953702 ], [ -111.734597197667995, 40.622909086427399 ], [ -111.731526830673999, 40.625605335258903 ], [ -111.718326798293006, 40.6280500990148 ], [ -111.709435560005005, 40.627632824042202 ], [ -111.704474191901994, 40.6275057231028 ], [ -111.699106188046002, 40.628010760976302 ], [ -111.691886169398003, 40.629313931992897 ], [ -111.688597391073998, 40.631065695151499 ], [ -111.687165269407998, 40.632491296820703 ], [ -111.684917709006001, 40.6350239358271 ], [ -111.678734920311996, 40.636792545572803 ], [ -111.67234667564, 40.638719402984698 ], [ -111.664494023602003, 40.638922328160596 ], [ -111.658098971640001, 40.640218638011397 ], [ -111.651691418121999, 40.640255066179101 ], [ -111.645282335763, 40.640133584887899 ], [ -111.641143956467999, 40.639684308429302 ], [ -111.632642696914999, 40.636897050668999 ], [ -111.627469622568995, 40.636295474504799 ], [ -111.625007084494001, 40.638198318635801 ], [ -111.625444007217993, 40.6407152423035 ], [ -111.626699011783003, 40.642282982161802 ], [ -111.633563401751005, 40.646811681046202 ], [ -111.637521031920002, 40.649938982435799 ], [ -111.648321018714, 40.655074796884101 ], [ -111.651641141485001, 40.656315702953599 ], [ -111.656815848779004, 40.656916181261003 ], [ -111.663423953503994, 40.656091134483603 ], [ -111.668991817275, 40.654641853845803 ], [ -111.674556266069999, 40.652877471147796 ], [ -111.678282287678996, 40.653327969836901 ], [ -111.683232685909005, 40.652196571970897 ], [ -111.688607611475007, 40.6521646438758 ], [ -111.694396019576004, 40.6521299797908 ], [ -111.697282023899007, 40.651325229509503 ], [ -111.700581439611994, 40.650517989738297 ], [ -111.704515890519005, 40.651123848915503 ], [ -111.707405053196993, 40.650633860170601 ], [ -111.710700966641994, 40.649511319285601 ], [ -111.714411796763997, 40.648543679938498 ], [ -111.717517622713999, 40.648996838187898 ], [ -111.720011741546003, 40.650240907022898 ], [ -111.723722591311002, 40.649272968632602 ], [ -111.725569448463006, 40.648001694981197 ], [ -111.727407688011994, 40.645943177174601 ], [ -111.729242388421, 40.643569798403099 ], [ -111.731304171234001, 40.643084344070999 ], [ -111.736263266348004, 40.642895359966602 ], [ -111.738931226521998, 40.641146308531901 ], [ -111.741397686664001, 40.639870814655602 ], [ -111.743447038287002, 40.638283100412004 ], [ -111.750048642799996, 40.637138197642798 ], [ -111.754584977291998, 40.636163903316103 ], [ -111.757674344601, 40.6351989336572 ], [ -111.760157964300006, 40.6354975554842 ], [ -111.762412783176003, 40.636087083758397 ], [ -111.762397479065996, 40.636249070909201 ], [ -111.764537502861003, 40.636899583439202 ], [ -111.770205186051001, 40.638076291414102 ], [ -111.773048376602006, 40.6393814790204 ], [ -111.776039199592006, 40.642324642288202 ], [ -111.777261270780997, 40.647384249877099 ], [ -111.772960083102006, 40.6542081748429 ], [ -111.774885715530004, 40.655510982343301 ], [ -111.777741515692, 40.657442875821502 ], [ -111.782477960245004, 40.659167021183002 ], [ -111.781058861779002, 40.663991568434597 ], [ -111.773812864253003, 40.667817319055203 ], [ -111.765122930553005, 40.671198337258097 ], [ -111.760846432931999, 40.675792351795302 ], [ -111.761992943040994, 40.676639799338403 ], [ -111.762411794765001, 40.676949453303898 ], [ -111.764527470933999, 40.678513323215803 ], [ -111.766484247446996, 40.679977312206098 ], [ -111.767952703933005, 40.681149124126598 ], [ -111.769233216565993, 40.682839083660497 ], [ -111.769825773047998, 40.683758246549999 ], [ -111.773528924773998, 40.685210456020698 ], [ -111.777330868274007, 40.686809621929001 ], [ -111.778289582618996, 40.686698662983801 ], [ -111.772595506203999, 40.687633625405198 ], [ -111.761483569465994, 40.689659258000702 ], [ -111.757716616693997, 40.690357166203697 ], [ -111.754202111908995, 40.690537650026997 ], [ -111.749448295500002, 40.690883549259198 ], [ -111.743048377218003, 40.692027121607403 ], [ -111.734374505323004, 40.693342207296801 ], [ -111.724862661502996, 40.693717263406697 ], [ -111.716783396954, 40.692665595236697 ], [ -111.708702827588994, 40.691455808096897 ], [ -111.703561446490994, 40.694321456692798 ], [ -111.697168467069005, 40.696249707705 ], [ -111.692011555289, 40.697697880345501 ], [ -111.688072964976001, 40.696934159582902 ], [ -111.682650932102007, 40.692715090370797 ], [ -111.674978322331995, 40.690870734847103 ], [ -111.670026504743007, 40.692159256653603 ], [ -111.669041094563994, 40.697046024900999 ], [ -111.671965730622006, 40.6998632400486 ], [ -111.676539343046997, 40.702040845104399 ], [ -111.683410033903996, 40.706251626743502 ], [ -111.690278217799005, 40.710147069046599 ], [ -111.694817001155997, 40.708860257322399 ], [ -111.699976475127002, 40.707569415124098 ], [ -111.707009259268006, 40.707369086102901 ], [ -111.710541649331006, 40.7087644492008 ], [ -111.713256570560006, 40.711109578118197 ], [ -111.720060818731994, 40.7088629339571 ], [ -111.726252420112999, 40.707407095523799 ], [ -111.734509269396995, 40.705622772543002 ], [ -111.743596785934997, 40.704147541983602 ], [ -111.749985488679997, 40.701901810901298 ], [ -111.751259747321996, 40.700816548318102 ], [ -111.754703742877993, 40.699542160322302 ], [ -111.760817503922993, 40.6987632348592 ], [ -111.767260488879003, 40.700652754616101 ], [ -111.773660438755002, 40.698791567571803 ], [ -111.778613088015007, 40.700917717621799 ], [ -111.777792463945005, 40.707401588198202 ], [ -111.776090649745996, 40.7089838669581 ], [ -111.776002810492997, 40.709065534620898 ], [ -111.775576143332998, 40.7094622567733 ], [ -111.77613675856, 40.710732300492303 ], [ -111.776365949731002, 40.711251724748102 ], [ -111.775733711244001, 40.713471001405402 ], [ -111.774750202633996, 40.715153199375798 ], [ -111.773348964590994, 40.717031872041602 ], [ -111.771285747213, 40.7190095422906 ], [ -111.769446690867994, 40.720341569540302 ], [ -111.767427974325997, 40.721769351792602 ], [ -111.764865156975006, 40.723182688189901 ], [ -111.762417084315004, 40.7243880130479 ], [ -111.760444766684003, 40.725265844736903 ], [ -111.757659694560999, 40.726297621616901 ], [ -111.755509094933004, 40.727316171584597 ], [ -111.752966648736006, 40.728382281056597 ], [ -111.750603380453001, 40.729361588249198 ], [ -111.747820258811998, 40.730501217583203 ], [ -111.744861528751997, 40.731831092654197 ], [ -111.742593520290001, 40.7329852876328 ], [ -111.740816250137001, 40.734411049857201 ], [ -111.739299651893006, 40.735416217967902 ], [ -111.737439067788003, 40.737117221990196 ], [ -111.729961267999002, 40.740027130415399 ], [ -111.725217718638007, 40.741414259880699 ], [ -111.720631269752005, 40.743591973868902 ], [ -111.714397843759002, 40.744761837410998 ], [ -111.708595838369007, 40.744571400461098 ], [ -111.704868609094007, 40.743689315953603 ], [ -111.701885017636002, 40.742802680906202 ], [ -111.698595832395, 40.741126057533798 ], [ -111.696505759779001, 40.740346928175498 ], [ -111.694421616765993, 40.740133281744797 ], [ -111.693403697400996, 40.739968059038901 ], [ -111.689952467598005, 40.739481379981299 ], [ -111.683256526156001, 40.739068803328202 ], [ -111.678635511319001, 40.7379650421531 ], [ -111.673117865120005, 40.736413828003101 ], [ -111.667483504065999, 40.738030073892098 ], [ -111.661258466324, 40.740101750095199 ], [ -111.656269563828005, 40.741641500273602 ], [ -111.645940501132998, 40.744161627732502 ], [ -111.637340617676003, 40.746259063915801 ], [ -111.624169532459007, 40.749469805502301 ], [ -111.621693915036005, 40.749824141039603 ], [ -111.620465599208003, 40.748047958107897 ], [ -111.619854598885993, 40.745749554725798 ], [ -111.620388887773004, 40.744522240531403 ], [ -111.622579350964998, 40.743852099929697 ], [ -111.622879092418003, 40.742819002295903 ], [ -111.622476005118003, 40.742371829789697 ], [ -111.621687681520996, 40.7414975634562 ], [ -111.622335420612998, 40.7390813081172 ], [ -111.622707286931004, 40.737694144712599 ], [ -111.622012875946993, 40.735211522820599 ] ], [ [ -111.623923038727995, 40.574828268129203 ], [ -111.629851582778002, 40.572717219752498 ], [ -111.636894096491005, 40.568069601631201 ], [ -111.638225633819005, 40.567190738799297 ], [ -111.638943162333007, 40.565922292903402 ], [ -111.639679717944006, 40.564620314200504 ], [ -111.640906470355006, 40.562451394435399 ], [ -111.642347953048002, 40.557718792196603 ], [ -111.645046263126005, 40.554869034598902 ], [ -111.649158386048001, 40.552955675524899 ], [ -111.651212830502004, 40.551999625821601 ], [ -111.652429974095995, 40.551214304049502 ], [ -111.657121988325002, 40.548186503292499 ], [ -111.661225202489007, 40.547244910369699 ], [ -111.667256674550998, 40.545860437348097 ], [ -111.672699152095007, 40.545072944229901 ], [ -111.679881322468006, 40.544841807783001 ], [ -111.686569994836006, 40.544802164254698 ], [ -111.695248196413004, 40.5455061109555 ], [ -111.706643521337995, 40.545436796410399 ], [ -111.713577837442998, 40.545205080853499 ], [ -111.723216846602, 40.5430662656306 ], [ -111.736062942231001, 40.539772226626503 ], [ -111.744216225073998, 40.537830121768103 ], [ -111.747912710232001, 40.536105292875703 ], [ -111.753592518065005, 40.534556522653297 ], [ -111.757512751747996, 40.530751225184702 ], [ -111.757374844528002, 40.528045329224803 ], [ -111.757194991201999, 40.524516927522001 ], [ -111.749969343405994, 40.5205953760819 ], [ -111.741526805817003, 40.518571155665001 ], [ -111.733850470169003, 40.518620341878297 ], [ -111.727193056014002, 40.521308247298599 ], [ -111.719292846656003, 40.5236255899501 ], [ -111.711619893245, 40.524051201776999 ], [ -111.703209631738005, 40.525047722338101 ], [ -111.696782480281996, 40.526220695709597 ], [ -111.688122216991005, 40.527028619767698 ], [ -111.678227246367996, 40.528221161560097 ], [ -111.672311595962995, 40.531090557198297 ], [ -111.667635730062003, 40.534141408612797 ], [ -111.661708066266002, 40.535876473338803 ], [ -111.656519329923, 40.537229025509703 ], [ -111.652561671078004, 40.5378184639453 ], [ -111.644646139231995, 40.538996845448501 ], [ -111.639717243424002, 40.541670056013601 ], [ -111.637512812848001, 40.5443279648821 ], [ -111.634340598597007, 40.5494479549129 ], [ -111.630168026434006, 40.553628466606902 ], [ -111.625000233899002, 40.5574362026356 ], [ -111.622054909444003, 40.5604758285508 ], [ -111.616120658054001, 40.565249253315798 ], [ -111.615905358302996, 40.565422380102603 ], [ -111.613954074342999, 40.568834413488197 ], [ -111.614732173250999, 40.5726098407942 ], [ -111.618215776908997, 40.574103111867302 ], [ -111.623923038727995, 40.574828268129203 ] ], [ [ -111.64452613009, 40.376243386932899 ], [ -111.638537093856996, 40.370077878955499 ], [ -111.631363191746004, 40.363918616478699 ], [ -111.622429887175002, 40.3597338193957 ], [ -111.616888995360995, 40.359007638268899 ], [ -111.613535934439994, 40.359781432901102 ], [ -111.608832037306996, 40.364190956901403 ], [ -111.607300906972995, 40.369793057714098 ], [ -111.607164209350998, 40.376597387090399 ], [ -111.609771046697006, 40.380665797887801 ], [ -111.615555235152002, 40.386229096803497 ], [ -111.618767118736997, 40.391503546669497 ], [ -111.620992192203005, 40.396934468113798 ], [ -111.631571772735995, 40.407460321923203 ], [ -111.633983407743997, 40.411529135796499 ], [ -111.635198517404007, 40.4145462707584 ], [ -111.640179383019998, 40.4182984614906 ], [ -111.645943287669994, 40.421138940221702 ], [ -111.654273631959001, 40.423359766249298 ], [ -111.657245425976996, 40.4237964256533 ], [ -111.663161034964006, 40.4217971411448 ], [ -111.667474248351994, 40.4178413113655 ], [ -111.669615678534996, 40.414351523584003 ], [ -111.670173100173997, 40.410719714685399 ], [ -111.669551246197003, 40.407850776931298 ], [ -111.669103351318995, 40.402561711185598 ], [ -111.665070746626, 40.394723200162403 ], [ -111.662466089169996, 40.391260822280699 ], [ -111.657279504002005, 40.3866035254837 ], [ -111.653692790329004, 40.383751302858002 ], [ -111.64452613009, 40.376243386932899 ] ], [ [ -111.650571630325004, 40.607261104710197 ], [ -111.650919899768994, 40.602270086135597 ], [ -111.653088536615996, 40.6008971591095 ], [ -111.658443782907995, 40.600866664617897 ], [ -111.662248185300001, 40.604473286160697 ], [ -111.664864355690995, 40.608237882535903 ], [ -111.66903907887, 40.609120777045 ], [ -111.671607259035, 40.608047613118401 ], [ -111.674141936829997, 40.603648462683303 ], [ -111.676500835452998, 40.6015180610203 ], [ -111.683043166215, 40.601177132691802 ], [ -111.686837946666998, 40.603724739047898 ], [ -111.691033026636006, 40.606572158483203 ], [ -111.698181885845003, 40.607284999609803 ], [ -111.701933292635999, 40.6055992459506 ], [ -111.705692578129998, 40.604669246778599 ], [ -111.712054367996998, 40.6059907931391 ], [ -111.715032878100999, 40.606274725669103 ], [ -111.720391848206006, 40.6065436682022 ], [ -111.725145944044996, 40.605909160748901 ], [ -111.730478466180998, 40.603758953098797 ], [ -111.733637206061999, 40.602378251213501 ], [ -111.735790870418995, 40.599794445231801 ], [ -111.736946100609003, 40.596612125084697 ], [ -111.735119767230998, 40.592844228080303 ], [ -111.732531635938997, 40.591953578344203 ], [ -111.730148552653006, 40.591666332834599 ], [ -111.722004631776002, 40.590508098164896 ], [ -111.710504155532007, 40.590730758976399 ], [ -111.699195571985996, 40.590346264064003 ], [ -111.685305868951005, 40.589673759349303 ], [ -111.665093079627994, 40.591303946417703 ], [ -111.654795323480997, 40.592874726294603 ], [ -111.643119011417994, 40.595510534473803 ], [ -111.635412833236003, 40.5985769828918 ], [ -111.634268578155002, 40.603421166770097 ], [ -111.637097271800002, 40.608848157347403 ], [ -111.639321153756001, 40.613220163328698 ], [ -111.643120896222996, 40.616373843094202 ], [ -111.646694807835004, 40.616656220318397 ], [ -111.650802348108996, 40.610585840119199 ], [ -111.650571630325004, 40.607261104710197 ] ], [ [ -111.681432634003997, 40.6838317594244 ], [ -111.684327611287003, 40.6814649126649 ], [ -111.686993352117995, 40.679230252638 ], [ -111.689929135116998, 40.677714879150301 ], [ -111.692183144338998, 40.676877547211603 ], [ -111.696093851122995, 40.676139289533197 ], [ -111.698667890867995, 40.674744337849198 ], [ -111.698977345144996, 40.6713265648931 ], [ -111.695581228145997, 40.668325301165503 ], [ -111.689503537533994, 40.665060170729497 ], [ -111.684462295320003, 40.6626186369121 ], [ -111.677257135502003, 40.660114731596103 ], [ -111.672795643208005, 40.658804106134703 ], [ -111.668224826005996, 40.658896321826298 ], [ -111.666350660896995, 40.661272021092799 ], [ -111.666554635788998, 40.6644238800571 ], [ -111.669954824434001, 40.667497057611897 ], [ -111.672436206282001, 40.669729484047501 ], [ -111.671968579790004, 40.672128870723597 ], [ -111.671010465481004, 40.674680830074202 ], [ -111.671820689100002, 40.676997828613601 ], [ -111.674689993762001, 40.678628778993598 ], [ -111.674393627377995, 40.680406655369197 ], [ -111.673639537580002, 40.682644480792902 ], [ -111.672709565963999, 40.684554960581501 ], [ -111.672205717097995, 40.685937388163303 ], [ -111.672560807151001, 40.686920594756003 ], [ -111.673780043887007, 40.688030286090303 ], [ -111.676711374728001, 40.687750359388701 ], [ -111.681432634003997, 40.6838317594244 ] ] ] } }
]
}
